# Confluence (MNQ FVG Continuation + Level Reclaim (2-leg)) - best return-on-drawdown window 02 Jan 2026 to 01 Sep 2026 - closed trades at Multiplier 5 - hypothetical backtested results, commissions and slippage modeled
exit_day,entry_px,exit_px,net_pnl_usd,side,signal,qty,return_pct
02 Jan 26,26132.5,26251.75,2370.0,L,LvlL,10.0,0.4535
02 Jan 26,25861.75,25848.5,125.0,S,FvgS,5.0,0.0483
02 Jan 26,25861.75,25856.5,45.0,S,FvgS,5.0,0.0174
02 Jan 26,25861.75,25904.75,-437.5,S,FvgS,5.0,-0.1692
02 Jan 26,25861.75,25904.75,-437.5,S,FvgS,5.0,-0.1692
05 Jan 26,25987.25,26047.0,-1210.0,S,LvlS,10.0,-0.2328
05 Jan 26,26021.0,26053.75,640.0,L,LvlL,10.0,0.123
05 Jan 26,26018.0,26068.0,492.5,L,FvgL,5.0,0.1893
05 Jan 26,26046.25,26056.0,90.0,L,FvgL,5.0,0.0346
05 Jan 26,26046.25,26083.25,362.5,L,FvgL,5.0,0.1392
06 Jan 26,26075.0,26131.0,-567.5,S,FvgS,5.0,-0.2176
06 Jan 26,26075.0,26131.0,-567.5,S,FvgS,5.0,-0.2176
06 Jan 26,26132.75,26145.75,122.5,L,FvgL,5.0,0.0469
06 Jan 26,26132.75,26181.75,482.5,L,FvgL,5.0,0.1846
06 Jan 26,26234.0,26252.75,180.0,L,FvgL,5.0,0.0686
06 Jan 26,26234.0,26239.25,45.0,L,FvgL,5.0,0.0172
06 Jan 26,26234.0,26173.5,-612.5,L,FvgL,5.0,-0.2335
06 Jan 26,26234.0,26173.5,-612.5,L,FvgL,5.0,-0.2335
07 Jan 26,26337.5,26277.75,-1210.0,L,LvlL,10.0,-0.2297
07 Jan 26,26280.75,26246.0,680.0,S,LvlS,10.0,0.1294
07 Jan 26,26249.5,26309.25,-1210.0,S,LvlS,10.0,-0.2305
07 Jan 26,26347.75,26358.75,102.5,L,FvgL,5.0,0.0389
07 Jan 26,26347.75,26389.0,405.0,L,FvgL,5.0,0.1537
07 Jan 26,26347.75,26358.75,102.5,L,FvgL,5.0,0.0389
07 Jan 26,26347.75,26389.0,405.0,L,FvgL,5.0,0.1537
07 Jan 26,26339.0,26306.75,630.0,S,LvlS,10.0,0.1196
08 Jan 26,26292.75,26318.0,245.0,L,FvgL,5.0,0.0932
08 Jan 26,26292.75,26211.0,-825.0,L,FvgL,5.0,-0.3138
08 Jan 26,26177.25,26160.75,157.5,S,FvgS,5.0,0.0602
08 Jan 26,26177.25,26115.25,612.5,S,FvgS,5.0,0.234
09 Jan 26,26164.75,26210.5,-465.0,S,FvgS,5.0,-0.1777
09 Jan 26,26164.75,26210.5,-465.0,S,FvgS,5.0,-0.1777
09 Jan 26,26246.25,26257.0,100.0,L,FvgL,5.0,0.0381
09 Jan 26,26246.25,26286.5,395.0,L,FvgL,5.0,0.1505
11 Jan 26,26413.5,26371.5,825.0,S,LvlS,10.0,0.1562
11 Jan 26,26251.0,26219.75,610.0,S,LvlS,10.0,0.1162
12 Jan 26,26213.75,26245.75,-327.5,S,FvgS,5.0,-0.1249
12 Jan 26,26213.75,26245.75,-327.5,S,FvgS,5.0,-0.1249
12 Jan 26,26241.75,26206.25,695.0,S,LvlS,10.0,0.1324
12 Jan 26,26190.25,26250.0,-1210.0,S,LvlS,10.0,-0.231
12 Jan 26,26253.5,26287.75,670.0,L,LvlL,10.0,0.1276
12 Jan 26,26404.0,26371.5,635.0,S,LvlS,10.0,0.1202
13 Jan 26,26422.5,26407.25,145.0,S,FvgS,5.0,0.0549
13 Jan 26,26393.5,26453.25,-1210.0,S,LvlS,10.0,-0.2292
13 Jan 26,26465.25,26497.25,625.0,L,LvlL,10.0,0.1181
13 Jan 26,26439.75,26468.75,282.5,L,FvgL,5.0,0.1068
13 Jan 26,26439.75,26445.0,45.0,L,FvgL,5.0,0.017
13 Jan 26,26407.25,26416.75,87.5,L,FvgL,5.0,0.0331
14 Jan 26,26407.25,26376.25,-317.5,L,FvgL,5.0,-0.1202
14 Jan 26,26363.0,26333.5,575.0,S,LvlS,10.0,0.1091
14 Jan 26,26301.25,26257.0,435.0,S,FvgS,5.0,0.1654
14 Jan 26,26285.75,26256.5,570.0,S,LvlS,10.0,0.1084
14 Jan 26,26111.75,26119.75,-87.5,S,FvgS,5.0,-0.0335
14 Jan 26,26111.75,26119.75,-87.5,S,FvgS,5.0,-0.0335
14 Jan 26,26006.0,25956.5,487.5,S,FvgS,5.0,0.1875
14 Jan 26,26006.0,26000.75,45.0,S,FvgS,5.0,0.0173
14 Jan 26,26006.0,25956.5,487.5,S,FvgS,5.0,0.1875
14 Jan 26,26006.0,26000.75,45.0,S,FvgS,5.0,0.0173
14 Jan 26,26006.0,25956.5,487.5,S,FvgS,5.0,0.1875
14 Jan 26,26006.0,26000.75,45.0,S,FvgS,5.0,0.0173
15 Jan 26,26321.5,26334.5,122.5,L,FvgL,5.0,0.0465
15 Jan 26,26321.5,26370.5,482.5,L,FvgL,5.0,0.1833
15 Jan 26,26321.5,26334.5,122.5,L,FvgL,5.0,0.0465
15 Jan 26,26321.5,26370.5,482.5,L,FvgL,5.0,0.1833
18 Jan 26,25932.0,25917.5,137.5,S,FvgS,5.0,0.053
18 Jan 26,25932.0,25926.75,45.0,S,FvgS,5.0,0.0174
19 Jan 26,25893.25,25766.75,2515.0,S,LvlS,10.0,0.4856
19 Jan 26,25805.25,25762.5,840.0,S,LvlS,10.0,0.1628
19 Jan 26,25850.75,25877.0,255.0,L,FvgL,5.0,0.0986
20 Jan 26,25850.75,25856.0,45.0,L,FvgL,5.0,0.0174
20 Jan 26,25657.5,25702.5,-457.5,S,FvgS,5.0,-0.1783
20 Jan 26,25657.5,25702.5,-457.5,S,FvgS,5.0,-0.1783
20 Jan 26,25832.5,25883.75,505.0,L,FvgL,5.0,0.1955
20 Jan 26,25832.5,25837.75,45.0,L,FvgL,5.0,0.0174
20 Jan 26,25646.75,25727.5,-815.0,S,FvgS,5.0,-0.3178
20 Jan 26,25646.75,25727.5,-815.0,S,FvgS,5.0,-0.3178
20 Jan 26,25717.5,25705.0,117.5,S,FvgS,5.0,0.0457
21 Jan 26,25717.5,25670.75,460.0,S,FvgS,5.0,0.1789
21 Jan 26,25677.25,25662.75,137.5,S,FvgS,5.0,0.0535
21 Jan 26,25677.25,25623.0,535.0,S,FvgS,5.0,0.2084
21 Jan 26,25611.75,25588.25,227.5,S,FvgS,5.0,0.0888
21 Jan 26,25611.75,25606.5,45.0,S,FvgS,5.0,0.0176
21 Jan 26,25916.0,25754.75,-1620.0,L,FvgL,5.0,-0.6251
21 Jan 26,25916.0,25754.75,-1620.0,L,FvgL,5.0,-0.6251
21 Jan 26,26087.25,26098.5,105.0,L,FvgL,5.0,0.0402
22 Jan 26,26091.25,26031.5,-1210.0,L,LvlL,10.0,-0.2319
22 Jan 26,26184.75,26211.75,525.0,L,LvlL,10.0,0.1002
22 Jan 26,26198.0,26234.75,720.0,L,LvlL,10.0,0.1374
23 Jan 26,26135.75,26103.75,625.0,S,LvlS,10.0,0.1196
23 Jan 26,26116.25,26085.0,610.0,S,LvlS,10.0,0.1168
23 Jan 26,26109.75,26098.75,102.5,S,FvgS,5.0,0.0393
23 Jan 26,26109.75,26068.5,405.0,S,FvgS,5.0,0.1551
26 Jan 26,26150.75,26180.75,585.0,L,LvlL,10.0,0.1119
26 Jan 26,26159.5,26125.75,-345.0,L,FvgL,5.0,-0.1319
26 Jan 26,26159.5,26125.75,-345.0,L,FvgL,5.0,-0.1319
26 Jan 26,26132.75,26164.75,-327.5,S,FvgS,5.0,-0.1253
26 Jan 26,26136.5,26196.25,-1210.0,S,LvlS,10.0,-0.2315
26 Jan 26,26188.0,26206.25,175.0,L,FvgL,5.0,0.0668
26 Jan 26,26188.0,26256.5,677.5,L,FvgL,5.0,0.2587
27 Jan 26,26504.25,26534.0,580.0,L,LvlL,10.0,0.1094
27 Jan 26,26536.75,26477.0,-1210.0,L,LvlL,10.0,-0.228
27 Jan 26,26521.25,26474.5,-475.0,L,FvgL,5.0,-0.1791
28 Jan 26,26735.25,26612.0,-1240.0,L,FvgL,5.0,-0.4638
28 Jan 26,26735.25,26612.0,-1240.0,L,FvgL,5.0,-0.4638
29 Jan 26,26689.75,26677.0,120.0,S,FvgS,5.0,0.045
29 Jan 26,26689.75,26642.0,470.0,S,FvgS,5.0,0.1761
29 Jan 26,26396.5,26348.25,475.0,S,FvgS,5.0,0.1799
29 Jan 26,26396.5,26391.25,45.0,S,FvgS,5.0,0.017
29 Jan 26,26473.5,26461.0,117.5,S,FvgS,5.0,0.0444
29 Jan 26,26473.5,26426.75,460.0,S,FvgS,5.0,0.1738
29 Jan 26,26462.5,26445.25,165.0,S,FvgS,5.0,0.0624
29 Jan 26,26462.5,26397.25,645.0,S,FvgS,5.0,0.2437
30 Jan 26,26244.5,26231.25,125.0,S,FvgS,5.0,0.0476
30 Jan 26,26244.5,26287.5,-437.5,S,FvgS,5.0,-0.1667
30 Jan 26,26360.75,26378.0,165.0,L,FvgL,5.0,0.0626
30 Jan 26,26360.75,26304.75,-567.5,L,FvgL,5.0,-0.2153
30 Jan 26,26338.25,26398.0,-1210.0,S,LvlS,10.0,-0.2297
30 Jan 26,26284.0,26251.5,317.5,S,FvgS,5.0,0.1208
30 Jan 26,26284.0,26278.75,45.0,S,FvgS,5.0,0.0171
01 Feb 26,26024.0,25933.25,1800.0,S,LvlS,10.0,0.3458
01 Feb 26,25868.25,25731.75,2715.0,S,LvlS,10.0,0.5248
02 Feb 26,25788.5,25736.75,1020.0,S,LvlS,10.0,0.1978
02 Feb 26,25723.0,25782.75,-1210.0,S,LvlS,10.0,-0.2352
02 Feb 26,25994.75,26005.0,95.0,L,FvgL,5.0,0.0365
02 Feb 26,25994.75,26032.75,372.5,L,FvgL,5.0,0.1433
02 Feb 26,26314.25,26333.0,180.0,L,FvgL,5.0,0.0684
02 Feb 26,26314.25,26384.75,697.5,L,FvgL,5.0,0.2651
02 Feb 26,26366.0,26385.75,190.0,L,FvgL,5.0,0.0721
02 Feb 26,26366.0,26441.0,742.5,L,FvgL,5.0,0.2816
03 Feb 26,26494.25,26458.0,710.0,S,LvlS,10.0,0.134
03 Feb 26,26464.25,26436.5,540.0,S,LvlS,10.0,0.102
03 Feb 26,26493.0,26433.25,-1210.0,L,LvlL,10.0,-0.2284
03 Feb 26,26124.5,26111.5,122.5,S,FvgS,5.0,0.0469
03 Feb 26,26124.5,26075.5,482.5,S,FvgS,5.0,0.1847
04 Feb 26,25964.0,25924.5,387.5,S,FvgS,5.0,0.1492
04 Feb 26,25964.0,25814.25,1490.0,S,FvgS,5.0,0.5739
04 Feb 26,25778.0,25772.75,45.0,S,FvgS,5.0,0.0175
04 Feb 26,25778.0,25772.75,45.0,S,FvgS,5.0,0.0175
04 Feb 26,25778.0,25731.75,455.0,S,FvgS,5.0,0.1765
04 Feb 26,25778.0,25603.25,1740.0,S,FvgS,5.0,0.675
04 Feb 26,25626.75,25615.5,105.0,S,FvgS,5.0,0.041
04 Feb 26,25626.75,25584.25,417.5,S,FvgS,5.0,0.1629
04 Feb 26,25626.75,25615.5,105.0,S,FvgS,5.0,0.041
04 Feb 26,25626.75,25663.25,-372.5,S,FvgS,5.0,-0.1454
05 Feb 26,25584.5,25619.0,675.0,L,LvlL,10.0,0.1319
05 Feb 26,25560.5,25537.0,227.5,S,FvgS,5.0,0.089
05 Feb 26,25560.5,25555.25,45.0,S,FvgS,5.0,0.0176
05 Feb 26,25580.0,25520.25,-1210.0,L,LvlL,10.0,-0.2365
05 Feb 26,25533.25,25503.5,580.0,S,LvlS,10.0,0.1136
05 Feb 26,25330.75,25325.5,45.0,S,FvgS,5.0,0.0178
05 Feb 26,25330.75,25325.5,45.0,S,FvgS,5.0,0.0178
05 Feb 26,25014.0,24964.75,485.0,S,FvgS,5.0,0.1939
06 Feb 26,25014.0,25008.75,45.0,S,FvgS,5.0,0.018
06 Feb 26,25056.5,25091.5,685.0,L,LvlL,10.0,0.1367
06 Feb 26,25237.5,25248.0,97.5,L,FvgL,5.0,0.0386
06 Feb 26,25237.5,25257.0,187.5,L,FvgL,5.0,0.0743
06 Feb 26,25262.0,25308.75,920.0,L,LvlL,10.0,0.1821
06 Feb 26,25311.0,25332.75,210.0,L,FvgL,5.0,0.083
06 Feb 26,25311.0,25316.25,45.0,L,FvgL,5.0,0.0178
06 Feb 26,25311.0,25240.25,-715.0,L,FvgL,5.0,-0.2825
06 Feb 26,25311.0,25240.25,-715.0,L,FvgL,5.0,-0.2825
08 Feb 26,25716.25,25749.25,645.0,L,LvlL,10.0,0.1254
09 Feb 26,25702.5,25651.25,1010.0,S,LvlS,10.0,0.1965
10 Feb 26,25812.5,25872.25,-1210.0,S,LvlS,10.0,-0.2344
10 Feb 26,25894.75,25925.0,590.0,L,LvlL,10.0,0.1139
10 Feb 26,25864.25,25869.5,45.0,L,FvgL,5.0,0.0174
10 Feb 26,25864.25,25869.5,45.0,L,FvgL,5.0,0.0174
10 Feb 26,25864.25,25869.5,45.0,L,FvgL,5.0,0.0174
10 Feb 26,25864.25,25869.5,45.0,L,FvgL,5.0,0.0174
10 Feb 26,25864.25,25869.5,45.0,L,FvgL,5.0,0.0174
10 Feb 26,25864.25,25869.5,45.0,L,FvgL,5.0,0.0174
11 Feb 26,25836.0,25799.5,-372.5,L,FvgL,5.0,-0.1442
11 Feb 26,25836.0,25799.5,-372.5,L,FvgL,5.0,-0.1442
11 Feb 26,25791.75,25823.25,615.0,L,LvlL,10.0,0.1192
12 Feb 26,25821.5,25852.5,605.0,L,LvlL,10.0,0.1172
12 Feb 26,25847.0,25881.75,680.0,L,LvlL,10.0,0.1315
12 Feb 26,25324.0,25313.5,97.5,S,FvgS,5.0,0.0385
12 Feb 26,25324.0,25357.75,-345.0,S,FvgS,5.0,-0.1362
12 Feb 26,25318.25,25284.0,335.0,S,FvgS,5.0,0.1323
12 Feb 26,25318.25,25313.0,45.0,S,FvgS,5.0,0.0178
13 Feb 26,25204.5,25269.75,-660.0,S,FvgS,5.0,-0.2619
13 Feb 26,25204.5,25269.75,-660.0,S,FvgS,5.0,-0.2619
13 Feb 26,25219.0,25183.75,345.0,S,FvgS,5.0,0.1368
13 Feb 26,25219.0,25213.75,45.0,S,FvgS,5.0,0.0178
13 Feb 26,25219.0,25183.75,345.0,S,FvgS,5.0,0.1368
13 Feb 26,25219.0,25213.75,45.0,S,FvgS,5.0,0.0178
16 Feb 26,25307.5,25410.5,-1037.5,S,FvgS,5.0,-0.41
16 Feb 26,25307.5,25410.5,-1037.5,S,FvgS,5.0,-0.41
16 Feb 26,25373.0,25342.75,590.0,S,LvlS,10.0,0.1163
16 Feb 26,25267.0,25250.25,160.0,S,FvgS,5.0,0.0633
16 Feb 26,25267.0,25321.25,-550.0,S,FvgS,5.0,-0.2177
17 Feb 26,25101.75,25161.5,-1210.0,S,LvlS,10.0,-0.241
17 Feb 26,25172.25,25150.0,215.0,S,FvgS,5.0,0.0854
17 Feb 26,25172.25,25088.75,827.5,S,FvgS,5.0,0.3287
17 Feb 26,25120.25,25119.75,-5.0,S,LvlS,10.0,-0.001
17 Feb 26,25103.5,25124.75,-220.0,S,FvgS,5.0,-0.0876
17 Feb 26,25103.5,25124.75,-220.0,S,FvgS,5.0,-0.0876
17 Feb 26,25244.5,25257.25,120.0,L,FvgL,5.0,0.0475
17 Feb 26,25244.5,25292.25,470.0,L,FvgL,5.0,0.1862
17 Feb 26,25304.75,25334.75,585.0,L,LvlL,10.0,0.1156
18 Feb 26,25329.75,25340.0,95.0,L,FvgL,5.0,0.0375
18 Feb 26,25329.75,25340.0,95.0,L,FvgL,5.0,0.0375
18 Feb 26,25335.75,25367.0,610.0,L,LvlL,10.0,0.1204
18 Feb 26,25416.0,25451.0,685.0,L,LvlL,10.0,0.1348
18 Feb 26,25386.75,25401.75,142.5,L,FvgL,5.0,0.0561
18 Feb 26,25386.75,25392.0,45.0,L,FvgL,5.0,0.0177
18 Feb 26,25464.0,25499.75,350.0,L,FvgL,5.0,0.1374
18 Feb 26,25464.0,25469.25,45.0,L,FvgL,5.0,0.0177
19 Feb 26,25336.75,25322.0,140.0,S,FvgS,5.0,0.0553
19 Feb 26,25336.75,25281.25,547.5,S,FvgS,5.0,0.2161
19 Feb 26,25336.75,25322.0,140.0,S,FvgS,5.0,0.0553
19 Feb 26,25336.75,25331.5,45.0,S,FvgS,5.0,0.0178
20 Feb 26,25420.0,25449.25,570.0,L,LvlL,10.0,0.1121
20 Feb 26,25452.25,25483.25,605.0,L,LvlL,10.0,0.1189
20 Feb 26,25363.5,25344.5,182.5,S,FvgS,5.0,0.072
20 Feb 26,25363.5,25291.75,710.0,S,FvgS,5.0,0.2799
20 Feb 26,25542.5,25588.0,447.5,L,FvgL,5.0,0.1752
20 Feb 26,25542.5,25547.75,45.0,L,FvgL,5.0,0.0176
22 Feb 26,25517.25,25429.0,-890.0,L,FvgL,5.0,-0.3488
22 Feb 26,25517.25,25429.0,-890.0,L,FvgL,5.0,-0.3488
23 Feb 26,25343.5,25315.5,545.0,S,LvlS,10.0,0.1075
23 Feb 26,25460.75,25505.5,440.0,L,FvgL,5.0,0.1728
23 Feb 26,25460.75,25466.0,45.0,L,FvgL,5.0,0.0177
23 Feb 26,25306.0,25336.25,590.0,L,LvlL,10.0,0.1166
24 Feb 26,25358.75,25374.5,150.0,L,FvgL,5.0,0.0592
24 Feb 26,25381.75,25322.0,-1210.0,L,LvlL,10.0,-0.2384
24 Feb 26,25327.5,25306.25,205.0,S,FvgS,5.0,0.0809
24 Feb 26,25327.5,25396.5,-697.5,S,FvgS,5.0,-0.2754
24 Feb 26,25347.75,25362.5,140.0,L,FvgL,5.0,0.0552
24 Feb 26,25347.75,25353.0,45.0,L,FvgL,5.0,0.0178
24 Feb 26,25561.5,25577.25,150.0,L,FvgL,5.0,0.0587
24 Feb 26,25561.5,25510.25,-520.0,L,FvgL,5.0,-0.2034
25 Feb 26,25573.0,25603.25,590.0,L,LvlL,10.0,0.1154
25 Feb 26,25787.25,25845.25,572.5,L,FvgL,5.0,0.222
25 Feb 26,25787.25,25965.75,1777.5,L,FvgL,5.0,0.6893
25 Feb 26,25828.5,25788.25,790.0,S,LvlS,10.0,0.1529
26 Feb 26,25808.5,25868.25,-1210.0,S,LvlS,10.0,-0.2344
26 Feb 26,25856.75,25886.0,570.0,L,LvlL,10.0,0.1102
26 Feb 26,25874.75,25908.25,655.0,L,LvlL,10.0,0.1266
27 Feb 26,25528.25,25498.75,287.5,S,FvgS,5.0,0.1126
27 Feb 26,25528.25,25523.0,45.0,S,FvgS,5.0,0.0176
27 Feb 26,25527.5,25508.5,182.5,S,FvgS,5.0,0.0715
27 Feb 26,25527.5,25455.75,710.0,S,FvgS,5.0,0.2781
27 Feb 26,25484.25,25462.75,207.5,S,FvgS,5.0,0.0814
27 Feb 26,25484.25,25402.75,807.5,S,FvgS,5.0,0.3169
01 Mar 26,25304.5,25273.25,610.0,S,LvlS,10.0,0.1205
02 Mar 26,25371.5,25360.25,105.0,S,FvgS,5.0,0.0414
02 Mar 26,25371.5,25329.0,417.5,S,FvgS,5.0,0.1646
03 Mar 26,25090.25,25057.0,325.0,S,FvgS,5.0,0.1295
03 Mar 26,25090.25,24964.5,1250.0,S,FvgS,5.0,0.4982
03 Mar 26,25090.25,25089.25,2.5,S,FvgS,5.0,0.001
03 Mar 26,25090.25,25089.25,2.5,S,FvgS,5.0,0.001
03 Mar 26,25232.0,25269.5,367.5,L,FvgL,5.0,0.1456
03 Mar 26,25232.0,25237.25,45.0,L,FvgL,5.0,0.0178
03 Mar 26,25160.5,25121.25,770.0,S,LvlS,10.0,0.153
04 Mar 26,25094.25,25051.25,845.0,S,LvlS,10.0,0.1684
04 Mar 26,25298.0,25344.0,452.5,L,FvgL,5.0,0.1789
04 Mar 26,25298.0,25471.5,1727.5,L,FvgL,5.0,0.6829
04 Mar 26,25705.25,25719.0,130.0,L,FvgL,5.0,0.0506
04 Mar 26,25705.25,25660.25,-457.5,L,FvgL,5.0,-0.178
05 Mar 26,25528.5,25509.0,187.5,S,FvgS,5.0,0.0734
05 Mar 26,25528.5,25591.75,-640.0,S,FvgS,5.0,-0.2507
05 Mar 26,25584.5,25550.25,670.0,S,LvlS,10.0,0.1309
05 Mar 26,25544.25,25604.0,-1210.0,S,LvlS,10.0,-0.2368
05 Mar 26,25611.0,25576.5,675.0,S,LvlS,10.0,0.1318
05 Mar 26,25525.75,25563.5,370.0,L,FvgL,5.0,0.145
05 Mar 26,25525.75,25531.0,45.0,L,FvgL,5.0,0.0176
05 Mar 26,25532.5,25508.25,235.0,S,FvgS,5.0,0.092
05 Mar 26,25532.5,25527.25,45.0,S,FvgS,5.0,0.0176
05 Mar 26,25532.5,25508.25,235.0,S,FvgS,5.0,0.092
05 Mar 26,25532.5,25527.25,45.0,S,FvgS,5.0,0.0176
05 Mar 26,25559.5,25589.0,575.0,L,LvlL,10.0,0.1125
05 Mar 26,25581.5,25547.75,-345.0,L,FvgL,5.0,-0.1349
05 Mar 26,25579.0,25611.5,635.0,L,LvlL,10.0,0.1241
05 Mar 26,25600.75,25621.5,200.0,L,FvgL,5.0,0.0781
06 Mar 26,25600.75,25606.0,45.0,L,FvgL,5.0,0.0176
06 Mar 26,25566.5,25527.75,760.0,S,LvlS,10.0,0.1486
06 Mar 26,25464.0,25429.5,675.0,S,LvlS,10.0,0.1325
06 Mar 26,25456.5,25419.5,725.0,S,LvlS,10.0,0.1424
06 Mar 26,25228.25,25233.5,-60.0,S,FvgS,5.0,-0.0238
06 Mar 26,25228.25,25233.5,-60.0,S,FvgS,5.0,-0.0238
09 Mar 26,24725.5,24765.25,780.0,L,LvlL,10.0,0.1577
09 Mar 26,24774.5,24808.5,665.0,L,LvlL,10.0,0.1342
09 Mar 26,24864.25,24869.5,45.0,L,FvgL,5.0,0.0181
09 Mar 26,24890.0,24935.5,895.0,L,LvlL,10.0,0.1798
09 Mar 26,24864.25,24917.5,525.0,L,FvgL,5.0,0.2111
09 Mar 26,24864.25,24869.5,45.0,L,FvgL,5.0,0.0181
09 Mar 26,25431.75,25444.0,115.0,L,FvgL,5.0,0.0452
09 Mar 26,25431.75,25437.0,45.0,L,FvgL,5.0,0.0177
10 Mar 26,25427.25,25445.75,177.5,L,FvgL,5.0,0.0698
10 Mar 26,25427.25,25496.75,687.5,L,FvgL,5.0,0.2704
10 Mar 26,25515.0,25481.75,650.0,S,LvlS,10.0,0.1274
10 Mar 26,25566.25,25593.25,525.0,L,LvlL,10.0,0.1027
11 Mar 26,25610.25,25571.0,-400.0,L,FvgL,5.0,-0.1562
11 Mar 26,25610.25,25571.0,-400.0,L,FvgL,5.0,-0.1562
11 Mar 26,25531.75,25495.75,705.0,S,LvlS,10.0,0.1381
11 Mar 26,25489.25,25441.5,940.0,S,LvlS,10.0,0.1844
11 Mar 26,25437.5,25497.25,-1210.0,S,LvlS,10.0,-0.2378
11 Mar 26,25497.25,25460.5,720.0,S,LvlS,10.0,0.1412
11 Mar 26,25506.25,25503.0,25.0,S,FvgS,5.0,0.0098
11 Mar 26,25506.25,25503.0,25.0,S,FvgS,5.0,0.0098
11 Mar 26,25521.5,25526.75,45.0,L,FvgL,5.0,0.0176
11 Mar 26,25521.5,25526.75,45.0,L,FvgL,5.0,0.0176
11 Mar 26,25521.5,25454.25,-1360.0,L,FvgL,10.0,-0.2664
12 Mar 26,25358.25,25393.5,345.0,L,FvgL,5.0,0.1361
12 Mar 26,25358.25,25363.5,45.0,L,FvgL,5.0,0.0177
12 Mar 26,25400.75,25341.0,-1210.0,L,LvlL,10.0,-0.2382
12 Mar 26,25100.5,25080.0,197.5,S,FvgS,5.0,0.0787
12 Mar 26,25100.5,25023.5,762.5,S,FvgS,5.0,0.3038
12 Mar 26,25067.25,25103.0,-365.0,S,FvgS,5.0,-0.1456
12 Mar 26,25067.25,25103.0,-365.0,S,FvgS,5.0,-0.1456
13 Mar 26,25144.5,25084.75,-1210.0,L,LvlL,10.0,-0.2406
13 Mar 26,25101.0,25085.5,147.5,S,FvgS,5.0,0.0588
13 Mar 26,25086.5,25051.25,690.0,S,LvlS,10.0,0.1375
13 Mar 26,24967.75,25081.75,-1147.5,S,FvgS,5.0,-0.4596
13 Mar 26,24967.75,25081.75,-1147.5,S,FvgS,5.0,-0.4596
13 Mar 26,25029.75,25061.75,625.0,L,LvlL,10.0,0.1249
13 Mar 26,25081.25,25114.0,640.0,L,LvlL,10.0,0.1276
13 Mar 26,25043.5,25022.0,207.5,S,FvgS,5.0,0.0829
13 Mar 26,25043.5,24962.0,807.5,S,FvgS,5.0,0.3224
15 Mar 26,24868.25,24928.0,-1210.0,S,LvlS,10.0,-0.2433
15 Mar 26,24983.5,25018.5,342.5,L,FvgL,5.0,0.1371
15 Mar 26,24983.5,25018.5,342.5,L,FvgL,5.0,0.1371
15 Mar 26,25002.5,25046.75,870.0,L,LvlL,10.0,0.174
16 Mar 26,25031.0,25000.75,590.0,S,LvlS,10.0,0.1179
16 Mar 26,25013.25,25055.5,830.0,L,LvlL,10.0,0.1659
16 Mar 26,25141.5,25155.25,130.0,L,FvgL,5.0,0.0517
16 Mar 26,25141.5,25146.75,45.0,L,FvgL,5.0,0.0179
16 Mar 26,25141.5,25155.25,130.0,L,FvgL,5.0,0.0517
16 Mar 26,25141.5,25193.75,515.0,L,FvgL,5.0,0.2048
16 Mar 26,25141.5,25155.25,130.0,L,FvgL,5.0,0.0517
16 Mar 26,25141.5,25193.75,515.0,L,FvgL,5.0,0.2048
17 Mar 26,25079.5,25069.25,95.0,S,FvgS,5.0,0.0379
17 Mar 26,25079.5,25041.5,372.5,S,FvgS,5.0,0.1485
17 Mar 26,25079.5,25069.25,95.0,S,FvgS,5.0,0.0379
17 Mar 26,25079.5,25074.25,45.0,S,FvgS,5.0,0.0179
17 Mar 26,25079.5,25112.25,-335.0,S,FvgS,5.0,-0.1336
17 Mar 26,25079.5,25112.25,-335.0,S,FvgS,5.0,-0.1336
17 Mar 26,25329.5,25353.0,227.5,L,FvgL,5.0,0.0898
17 Mar 26,25329.5,25334.75,45.0,L,FvgL,5.0,0.0178
17 Mar 26,25329.5,25353.0,227.5,L,FvgL,5.0,0.0898
17 Mar 26,25329.5,25334.75,45.0,L,FvgL,5.0,0.0178
17 Mar 26,25329.25,25372.0,840.0,L,LvlL,10.0,0.1658
18 Mar 26,25410.0,25441.0,605.0,L,LvlL,10.0,0.119
18 Mar 26,25463.5,25403.75,-1210.0,L,LvlL,10.0,-0.2376
18 Mar 26,25174.5,25151.75,220.0,S,FvgS,5.0,0.0874
18 Mar 26,25174.5,25169.25,45.0,S,FvgS,5.0,0.0179
18 Mar 26,25168.0,25143.25,240.0,S,FvgS,5.0,0.0954
18 Mar 26,25168.0,25074.75,925.0,S,FvgS,5.0,0.3675
18 Mar 26,24993.0,24978.5,137.5,S,FvgS,5.0,0.055
19 Mar 26,24993.0,24938.75,535.0,S,FvgS,5.0,0.2141
19 Mar 26,24887.5,24843.25,870.0,S,LvlS,10.0,0.1748
19 Mar 26,24805.75,24678.5,2530.0,S,LvlS,10.0,0.51
19 Mar 26,24766.0,24744.25,210.0,S,FvgS,5.0,0.0848
19 Mar 26,24766.0,24760.75,45.0,S,FvgS,5.0,0.0182
20 Mar 26,24922.5,24834.25,-890.0,L,FvgL,5.0,-0.3571
20 Mar 26,24922.5,24834.25,-890.0,L,FvgL,5.0,-0.3571
20 Mar 26,24754.75,24721.25,655.0,S,LvlS,10.0,0.1323
20 Mar 26,24735.75,24795.5,-1210.0,S,LvlS,10.0,-0.2446
20 Mar 26,24648.25,24643.0,45.0,S,FvgS,5.0,0.0183
20 Mar 26,24648.25,24643.0,45.0,S,FvgS,5.0,0.0183
22 Mar 26,24312.25,24256.0,555.0,S,FvgS,5.0,0.2283
23 Mar 26,24312.25,24307.0,45.0,S,FvgS,5.0,0.0185
23 Mar 26,24268.25,24136.75,2615.0,S,LvlS,10.0,0.5388
23 Mar 26,24106.25,24166.0,-1210.0,S,LvlS,10.0,-0.251
24 Mar 26,24714.75,24522.25,-1932.5,L,FvgL,5.0,-0.7819
24 Mar 26,24714.75,24522.25,-1932.5,L,FvgL,5.0,-0.7819
24 Mar 26,24608.5,24578.75,290.0,S,FvgS,5.0,0.1178
24 Mar 26,24608.5,24607.25,5.0,S,FvgS,5.0,0.002
24 Mar 26,24608.5,24578.75,290.0,S,FvgS,5.0,0.1178
24 Mar 26,24608.5,24603.25,45.0,S,FvgS,5.0,0.0183
24 Mar 26,24741.25,24759.75,177.5,L,FvgL,5.0,0.0717
24 Mar 26,24741.25,24681.5,-605.0,L,FvgL,5.0,-0.2445
25 Mar 26,24694.75,24712.0,165.0,L,FvgL,5.0,0.0668
25 Mar 26,24694.75,24638.75,-567.5,L,FvgL,5.0,-0.2298
25 Mar 26,24710.25,24772.25,1225.0,L,LvlL,10.0,0.2479
25 Mar 26,24748.75,24702.5,455.0,S,FvgS,5.0,0.1838
25 Mar 26,24748.75,24743.5,45.0,S,FvgS,5.0,0.0182
25 Mar 26,24619.5,24584.0,695.0,S,LvlS,10.0,0.1411
25 Mar 26,24646.75,24684.25,-382.5,S,FvgS,5.0,-0.1552
25 Mar 26,24646.75,24684.25,-382.5,S,FvgS,5.0,-0.1552
25 Mar 26,24585.75,24645.5,-1210.0,S,LvlS,10.0,-0.2461
26 Mar 26,24548.5,24514.25,670.0,S,LvlS,10.0,0.1365
26 Mar 26,24436.75,24405.75,605.0,S,LvlS,10.0,0.1238
26 Mar 26,24158.75,24149.0,90.0,S,FvgS,5.0,0.0373
26 Mar 26,24158.75,24190.75,-327.5,S,FvgS,5.0,-0.1356
26 Mar 26,24147.0,24136.5,97.5,S,FvgS,5.0,0.0404
26 Mar 26,24147.0,24180.75,-345.0,S,FvgS,5.0,-0.1429
27 Mar 26,23959.0,23947.5,107.5,S,FvgS,5.0,0.0449
27 Mar 26,23959.0,23915.5,427.5,S,FvgS,5.0,0.1784
27 Mar 26,23839.25,23780.0,585.0,S,FvgS,5.0,0.2454
27 Mar 26,23839.25,23834.0,45.0,S,FvgS,5.0,0.0189
27 Mar 26,23839.25,23850.0,-115.0,S,FvgS,5.0,-0.0482
27 Mar 26,23839.25,23850.0,-115.0,S,FvgS,5.0,-0.0482
29 Mar 26,23530.75,23496.25,337.5,S,FvgS,5.0,0.1434
29 Mar 26,23530.75,23525.5,45.0,S,FvgS,5.0,0.0191
29 Mar 26,23519.75,23530.75,-117.5,S,FvgS,5.0,-0.05
29 Mar 26,23519.75,23530.75,-117.5,S,FvgS,5.0,-0.05
29 Mar 26,23519.75,23467.5,515.0,S,FvgS,5.0,0.219
29 Mar 26,23519.75,23514.5,45.0,S,FvgS,5.0,0.0191
30 Mar 26,23687.0,23648.25,380.0,S,FvgS,5.0,0.1604
30 Mar 26,23687.0,23681.75,45.0,S,FvgS,5.0,0.019
30 Mar 26,23687.0,23648.25,380.0,S,FvgS,5.0,0.1604
30 Mar 26,23687.0,23540.5,1457.5,S,FvgS,5.0,0.6153
30 Mar 26,23368.25,23326.0,415.0,S,FvgS,5.0,0.1776
30 Mar 26,23356.0,23355.5,-5.0,S,LvlS,10.0,-0.0011
30 Mar 26,23368.25,23384.5,-170.0,S,FvgS,5.0,-0.0727
30 Mar 26,23488.75,23529.5,800.0,L,LvlL,10.0,0.1703
30 Mar 26,23628.25,23646.75,177.5,L,FvgL,5.0,0.0751
30 Mar 26,23628.25,23697.75,687.5,L,FvgL,5.0,0.291
31 Mar 26,23628.25,23568.5,-605.0,L,FvgL,5.0,-0.256
31 Mar 26,23628.25,23568.5,-605.0,L,FvgL,5.0,-0.256
31 Mar 26,23568.75,23603.75,685.0,L,LvlL,10.0,0.1453
31 Mar 26,23617.5,23632.5,142.5,L,FvgL,5.0,0.0603
31 Mar 26,23617.5,23569.0,-492.5,L,FvgL,5.0,-0.2085
31 Mar 26,23608.0,23642.25,335.0,L,FvgL,5.0,0.1419
31 Mar 26,23608.0,23737.0,1282.5,L,FvgL,5.0,0.5432
31 Mar 26,23773.0,23778.25,45.0,L,FvgL,5.0,0.0189
31 Mar 26,23773.0,23778.25,45.0,L,FvgL,5.0,0.0189
31 Mar 26,23754.25,23771.25,162.5,L,FvgL,5.0,0.0684
31 Mar 26,23754.25,23759.5,45.0,L,FvgL,5.0,0.0189
31 Mar 26,23754.25,23771.25,162.5,L,FvgL,5.0,0.0684
31 Mar 26,23754.25,23818.25,632.5,L,FvgL,5.0,0.2663
01 Apr 26,24439.5,24473.5,665.0,L,LvlL,10.0,0.1361
01 Apr 26,24391.5,24419.0,267.5,L,FvgL,5.0,0.1097
01 Apr 26,24391.5,24396.75,45.0,L,FvgL,5.0,0.0184
01 Apr 26,24489.0,24489.75,0.0,L,FvgL,5.0,0.0
01 Apr 26,24489.0,24489.75,0.0,L,FvgL,5.0,0.0
02 Apr 26,24440.75,24384.0,-575.0,L,FvgL,5.0,-0.2353
02 Apr 26,24440.75,24384.0,-575.0,L,FvgL,5.0,-0.2353
02 Apr 26,24477.0,24482.25,45.0,L,FvgL,5.0,0.0184
02 Apr 26,24477.0,24482.25,45.0,L,FvgL,5.0,0.0184
02 Apr 26,24501.5,24529.0,535.0,L,LvlL,10.0,0.1092
03 Apr 26,24462.5,24430.25,630.0,S,LvlS,10.0,0.1288
03 Apr 26,24477.25,24451.5,250.0,S,FvgS,5.0,0.1021
05 Apr 26,24477.25,24379.5,970.0,S,FvgS,5.0,0.3963
05 Apr 26,24399.0,24442.0,-437.5,S,FvgS,5.0,-0.1793
05 Apr 26,24399.0,24442.0,-437.5,S,FvgS,5.0,-0.1793
05 Apr 26,24509.25,24434.75,-752.5,L,FvgL,5.0,-0.307
05 Apr 26,24509.25,24434.75,-752.5,L,FvgL,5.0,-0.307
06 Apr 26,24529.75,24539.25,87.5,L,FvgL,5.0,0.0357
06 Apr 26,24529.75,24565.75,352.5,L,FvgL,5.0,0.1437
06 Apr 26,24663.75,24604.0,-1210.0,L,LvlL,10.0,-0.2453
06 Apr 26,24662.75,24596.75,-667.5,L,FvgL,5.0,-0.2707
06 Apr 26,24605.0,24569.75,690.0,S,LvlS,10.0,0.1402
06 Apr 26,24587.0,24600.25,125.0,L,FvgL,5.0,0.0508
06 Apr 26,24587.0,24637.0,492.5,L,FvgL,5.0,0.2003
06 Apr 26,24580.5,24594.75,135.0,L,FvgL,5.0,0.0549
06 Apr 26,24580.5,24633.75,525.0,L,FvgL,5.0,0.2136
06 Apr 26,24624.25,24585.0,770.0,S,LvlS,10.0,0.1563
06 Apr 26,24606.75,24539.0,-685.0,L,FvgL,5.0,-0.2784
06 Apr 26,24606.75,24539.0,-685.0,L,FvgL,5.0,-0.2784
07 Apr 26,24545.5,24511.25,670.0,S,LvlS,10.0,0.1365
07 Apr 26,24518.0,24577.75,-1210.0,S,LvlS,10.0,-0.2468
07 Apr 26,24602.0,24559.0,845.0,S,LvlS,10.0,0.1717
07 Apr 26,24562.75,24516.5,455.0,S,FvgS,5.0,0.1852
07 Apr 26,24562.75,24557.5,45.0,S,FvgS,5.0,0.0183
07 Apr 26,24432.0,24431.0,2.5,S,FvgS,5.0,0.001
07 Apr 26,24432.0,24431.0,2.5,S,FvgS,5.0,0.001
07 Apr 26,24387.0,24331.5,547.5,S,FvgS,5.0,0.2245
07 Apr 26,24387.0,24381.75,45.0,S,FvgS,5.0,0.0185
07 Apr 26,24764.0,24760.5,-42.5,L,FvgL,5.0,-0.0172
07 Apr 26,24764.0,24760.5,-42.5,L,FvgL,5.0,-0.0172
08 Apr 26,25492.25,25504.0,110.0,L,FvgL,5.0,0.0432
08 Apr 26,25492.25,25536.75,437.5,L,FvgL,5.0,0.1716
08 Apr 26,25361.0,25375.5,137.5,L,FvgL,5.0,0.0542
08 Apr 26,25361.0,25415.25,535.0,L,FvgL,5.0,0.211
08 Apr 26,25361.0,25375.5,137.5,L,FvgL,5.0,0.0542
08 Apr 26,25361.0,25415.25,535.0,L,FvgL,5.0,0.211
09 Apr 26,25325.75,25266.0,-1210.0,L,LvlL,10.0,-0.2389
09 Apr 26,25292.25,25323.0,600.0,L,LvlL,10.0,0.1186
09 Apr 26,25537.75,25572.75,685.0,L,LvlL,10.0,0.1341
09 Apr 26,25564.25,25573.75,87.5,L,FvgL,5.0,0.0342
10 Apr 26,25564.25,25533.25,-317.5,L,FvgL,5.0,-0.1242
10 Apr 26,25594.75,25595.25,-5.0,L,LvlL,10.0,-0.001
10 Apr 26,25555.75,25538.0,170.0,S,FvgS,5.0,0.0665
10 Apr 26,25555.75,25613.5,-585.0,S,FvgS,5.0,-0.2289
13 Apr 26,25437.0,25465.5,277.5,L,FvgL,5.0,0.1091
13 Apr 26,25437.0,25544.5,1067.5,L,FvgL,5.0,0.4197
13 Apr 26,25576.25,25587.5,105.0,L,FvgL,5.0,0.0411
13 Apr 26,25576.25,25539.75,-372.5,L,FvgL,5.0,-0.1456
13 Apr 26,25645.25,25688.0,420.0,L,FvgL,5.0,0.1638
13 Apr 26,25645.25,25807.0,1610.0,L,FvgL,5.0,0.6278
14 Apr 26,25869.0,25899.5,595.0,L,LvlL,10.0,0.115
14 Apr 26,25930.0,25973.5,855.0,L,LvlL,10.0,0.1649
14 Apr 26,25964.0,25995.75,620.0,L,LvlL,10.0,0.1194
15 Apr 26,26259.5,26272.25,120.0,L,FvgL,5.0,0.0457
15 Apr 26,26259.5,26307.25,470.0,L,FvgL,5.0,0.179
15 Apr 26,26722.5,26737.25,140.0,L,FvgL,5.0,0.0524
15 Apr 26,26722.5,26727.75,45.0,L,FvgL,5.0,0.0168
16 Apr 26,26722.5,26737.25,140.0,L,FvgL,5.0,0.0524
16 Apr 26,26722.5,26778.0,547.5,L,FvgL,5.0,0.2049
16 Apr 26,26715.0,26745.5,595.0,L,LvlL,10.0,0.1114
16 Apr 26,26734.75,26735.0,-5.0,L,FvgL,5.0,-0.0019
16 Apr 26,26734.75,26735.0,-5.0,L,FvgL,5.0,-0.0019
17 Apr 26,26800.25,26811.75,107.5,L,FvgL,5.0,0.0401
17 Apr 26,26800.25,26805.5,45.0,L,FvgL,5.0,0.0168
17 Apr 26,26868.75,26884.25,147.5,L,FvgL,5.0,0.0549
17 Apr 26,26868.75,26927.5,580.0,L,FvgL,5.0,0.2159
17 Apr 26,26897.75,26920.25,217.5,L,FvgL,5.0,0.0809
17 Apr 26,26897.75,26980.25,817.5,L,FvgL,5.0,0.3039
17 Apr 26,27073.0,27078.25,45.0,L,FvgL,5.0,0.0166
17 Apr 26,27073.0,27078.25,45.0,L,FvgL,5.0,0.0166
17 Apr 26,27073.0,27129.75,560.0,L,FvgL,5.0,0.2068
17 Apr 26,27073.0,27132.75,590.0,L,FvgL,5.0,0.2179
20 Apr 26,26966.75,26987.5,200.0,L,FvgL,5.0,0.0742
20 Apr 26,26966.75,26972.0,45.0,L,FvgL,5.0,0.0167
20 Apr 26,26987.75,27017.25,575.0,L,LvlL,10.0,0.1065
20 Apr 26,27005.25,27038.5,650.0,L,LvlL,10.0,0.1203
20 Apr 26,27030.25,27046.75,157.5,L,FvgL,5.0,0.0583
20 Apr 26,27030.25,27035.5,45.0,L,FvgL,5.0,0.0166
20 Apr 26,26966.25,26940.0,255.0,S,FvgS,5.0,0.0946
20 Apr 26,26966.25,26961.0,45.0,S,FvgS,5.0,0.0167
21 Apr 26,27098.75,26983.0,-1165.0,L,FvgL,5.0,-0.4299
21 Apr 26,27098.75,26983.0,-1165.0,L,FvgL,5.0,-0.4299
21 Apr 26,27060.75,27026.0,340.0,S,FvgS,5.0,0.1256
21 Apr 26,27060.75,27055.5,45.0,S,FvgS,5.0,0.0166
21 Apr 26,27060.75,27026.0,340.0,S,FvgS,5.0,0.1256
21 Apr 26,27060.75,26929.5,1305.0,S,FvgS,5.0,0.4822
22 Apr 26,27081.5,27141.25,-1210.0,S,LvlS,10.0,-0.2234
22 Apr 26,27120.25,27082.0,-390.0,L,FvgL,5.0,-0.1438
22 Apr 26,27123.25,27142.75,187.5,L,FvgL,5.0,0.0691
22 Apr 26,27130.75,27170.5,780.0,L,LvlL,10.0,0.1437
22 Apr 26,27143.75,27170.5,260.0,L,FvgL,5.0,0.0958
22 Apr 26,27143.75,27149.0,45.0,L,FvgL,5.0,0.0166
22 Apr 26,27326.25,27273.25,-537.5,L,FvgL,5.0,-0.1967
22 Apr 26,27326.25,27273.25,-537.5,L,FvgL,5.0,-0.1967
22 Apr 26,27326.25,27342.75,157.5,L,FvgL,5.0,0.0576
22 Apr 26,27326.25,27331.5,45.0,L,FvgL,5.0,0.0165
22 Apr 26,27326.25,27273.25,-537.5,L,FvgL,5.0,-0.1967
22 Apr 26,27326.25,27273.25,-537.5,L,FvgL,5.0,-0.1967
23 Apr 26,27233.5,27273.75,-410.0,S,FvgS,5.0,-0.1505
23 Apr 26,27233.5,27273.75,-410.0,S,FvgS,5.0,-0.1505
23 Apr 26,27263.0,27280.5,167.5,L,FvgL,5.0,0.0614
23 Apr 26,27263.0,27206.25,-575.0,L,FvgL,5.0,-0.2109
23 Apr 26,27236.25,27220.75,147.5,S,FvgS,5.0,0.0542
23 Apr 26,27236.25,27286.75,-512.5,S,FvgS,5.0,-0.1882
23 Apr 26,27262.75,27299.5,360.0,L,FvgL,5.0,0.132
23 Apr 26,27262.75,27305.25,417.5,L,FvgL,5.0,0.1531
23 Apr 26,27286.75,27325.25,377.5,L,FvgL,5.0,0.1383
23 Apr 26,27286.75,27432.0,1445.0,L,FvgL,5.0,0.5296
23 Apr 26,27415.75,27426.75,102.5,L,FvgL,5.0,0.0374
23 Apr 26,27415.75,27380.0,-365.0,L,FvgL,5.0,-0.1331
23 Apr 26,27234.75,27201.5,325.0,S,FvgS,5.0,0.1193
23 Apr 26,27234.75,27229.5,45.0,S,FvgS,5.0,0.0165
23 Apr 26,27234.75,27215.0,190.0,S,FvgS,5.0,0.0698
23 Apr 26,27234.75,27229.5,45.0,S,FvgS,5.0,0.0165
24 Apr 26,27339.25,27308.25,-317.5,L,FvgL,5.0,-0.1161
24 Apr 26,27339.25,27308.25,-317.5,L,FvgL,5.0,-0.1161
24 Apr 26,27377.0,27389.5,117.5,L,FvgL,5.0,0.0429
24 Apr 26,27377.0,27423.75,460.0,L,FvgL,5.0,0.168
24 Apr 26,27377.0,27389.5,117.5,L,FvgL,5.0,0.0429
24 Apr 26,27377.0,27389.5,117.5,L,FvgL,5.0,0.0429
24 Apr 26,27377.0,27389.5,117.5,L,FvgL,5.0,0.0429
24 Apr 26,27410.5,27540.25,2580.0,L,LvlL,10.0,0.4706
24 Apr 26,27570.0,27510.25,-1210.0,L,LvlL,10.0,-0.2194
27 Apr 26,27809.75,27750.0,-1210.0,L,LvlL,10.0,-0.2175
27 Apr 26,27795.5,27743.25,-530.0,L,FvgL,5.0,-0.1907
27 Apr 26,27754.0,27722.0,625.0,S,LvlS,10.0,0.1126
27 Apr 26,27714.25,27681.75,635.0,S,LvlS,10.0,0.1146
27 Apr 26,27729.5,27701.75,270.0,S,FvgS,5.0,0.0974
27 Apr 26,27729.5,27724.25,45.0,S,FvgS,5.0,0.0162
27 Apr 26,27784.25,27724.5,-1210.0,L,LvlL,10.0,-0.2177
28 Apr 26,27745.5,27603.75,-1425.0,L,FvgL,5.0,-0.5136
28 Apr 26,27640.0,27610.5,575.0,S,LvlS,10.0,0.104
28 Apr 26,27424.0,27484.5,-1225.0,S,FvgS,10.0,-0.2233
28 Apr 26,27498.75,27524.5,250.0,L,FvgL,5.0,0.0909
29 Apr 26,27498.75,27596.5,970.0,L,FvgL,5.0,0.3527
29 Apr 26,27569.5,27580.0,97.5,L,FvgL,5.0,0.0354
29 Apr 26,27569.5,27608.75,385.0,L,FvgL,5.0,0.1396
29 Apr 26,27534.0,27490.75,850.0,S,LvlS,10.0,0.1544
29 Apr 26,27532.25,27553.5,205.0,L,FvgL,5.0,0.0745
29 Apr 26,27532.25,27537.5,45.0,L,FvgL,5.0,0.0163
29 Apr 26,27532.25,27553.5,205.0,L,FvgL,5.0,0.0745
29 Apr 26,27532.25,27463.25,-697.5,L,FvgL,5.0,-0.2533
29 Apr 26,27762.5,27805.25,840.0,L,LvlL,10.0,0.1513
29 Apr 26,27861.75,27802.0,-1210.0,L,LvlL,10.0,-0.2171
30 Apr 26,27581.5,27641.25,-1210.0,S,LvlS,10.0,-0.2193
30 Apr 26,27652.5,27683.25,600.0,L,LvlL,10.0,0.1085
30 Apr 26,27661.0,27670.75,90.0,L,FvgL,5.0,0.0325
30 Apr 26,27661.0,27629.0,-327.5,L,FvgL,5.0,-0.1184
30 Apr 26,27676.0,27697.75,210.0,L,FvgL,5.0,0.0759
30 Apr 26,27676.0,27681.25,45.0,L,FvgL,5.0,0.0163
01 May 26,27891.25,27891.75,-5.0,L,LvlL,10.0,-0.0009
01 May 26,27875.5,27870.0,-125.0,L,FvgL,10.0,-0.0224
01 May 26,27880.25,27919.75,775.0,L,LvlL,10.0,0.139
01 May 26,28126.0,28166.75,400.0,L,FvgL,5.0,0.1422
01 May 26,28126.0,28131.25,45.0,L,FvgL,5.0,0.016
01 May 26,28153.75,28172.75,182.5,L,FvgL,5.0,0.0648
01 May 26,28153.75,28092.25,-622.5,L,FvgL,5.0,-0.2211
03 May 26,28118.75,28178.5,-1210.0,S,LvlS,10.0,-0.2152
03 May 26,28165.75,28201.25,695.0,L,LvlL,10.0,0.1234
03 May 26,28188.5,28198.25,90.0,L,FvgL,5.0,0.0319
03 May 26,28188.5,28198.25,90.0,L,FvgL,5.0,0.0319
03 May 26,28215.5,28225.0,87.5,L,FvgL,5.0,0.031
03 May 26,28215.5,28225.0,87.5,L,FvgL,5.0,0.031
04 May 26,28198.25,28138.5,-1210.0,L,LvlL,10.0,-0.2146
04 May 26,28083.25,28074.5,-95.0,L,FvgL,5.0,-0.0338
04 May 26,28083.25,28074.5,-95.0,L,FvgL,5.0,-0.0338
04 May 26,28078.5,28065.0,127.5,S,FvgS,5.0,0.0454
04 May 26,28078.5,28073.25,45.0,S,FvgS,5.0,0.016
04 May 26,28094.25,28131.25,725.0,L,LvlL,10.0,0.129
04 May 26,28117.5,28128.75,105.0,L,FvgL,5.0,0.0373
05 May 26,28117.5,28122.75,45.0,L,FvgL,5.0,0.016
05 May 26,28176.75,28211.25,675.0,L,LvlL,10.0,0.1198
06 May 26,28710.0,28722.5,117.5,L,FvgL,5.0,0.0409
06 May 26,28710.0,28756.75,460.0,L,FvgL,5.0,0.1602
06 May 26,28965.0,28994.5,575.0,L,LvlL,10.0,0.0993
06 May 26,28983.0,28995.25,115.0,L,FvgL,5.0,0.0397
07 May 26,28983.0,28988.25,45.0,L,FvgL,5.0,0.0155
07 May 26,29021.75,29084.5,1240.0,L,LvlL,10.0,0.2136
07 May 26,29040.25,29051.25,102.5,L,FvgL,5.0,0.0353
07 May 26,29040.25,29051.25,102.5,L,FvgL,5.0,0.0353
07 May 26,29067.5,29007.75,-1210.0,L,LvlL,10.0,-0.2081
07 May 26,29040.25,29051.25,102.5,L,FvgL,5.0,0.0353
07 May 26,29022.5,29082.25,-1210.0,S,LvlS,10.0,-0.2085
07 May 26,29102.0,29116.25,135.0,L,FvgL,5.0,0.0464
07 May 26,29102.0,29056.25,-465.0,L,FvgL,5.0,-0.1598
07 May 26,28920.25,28897.25,222.5,S,FvgS,5.0,0.0769
07 May 26,28920.25,28994.75,-752.5,S,FvgS,5.0,-0.2602
07 May 26,29045.0,29013.0,-327.5,L,FvgL,5.0,-0.1128
08 May 26,29047.5,29082.25,680.0,L,LvlL,10.0,0.117
08 May 26,29109.75,29147.75,745.0,L,LvlL,10.0,0.128
08 May 26,29132.5,29147.0,137.5,L,FvgL,5.0,0.0472
08 May 26,29132.5,29137.75,45.0,L,FvgL,5.0,0.0154
08 May 26,29210.0,29238.25,275.0,L,FvgL,5.0,0.0941
08 May 26,29210.0,29316.25,1055.0,L,FvgL,5.0,0.3612
08 May 26,29421.25,29432.0,100.0,L,FvgL,5.0,0.034
08 May 26,29421.25,29461.5,395.0,L,FvgL,5.0,0.1343
10 May 26,29559.25,29605.0,900.0,L,LvlL,10.0,0.1522
10 May 26,29601.75,29624.0,215.0,L,FvgL,5.0,0.0726
10 May 26,29601.75,29685.25,827.5,L,FvgL,5.0,0.2795
10 May 26,29674.25,29614.5,-1210.0,L,LvlL,10.0,-0.2039
10 May 26,29598.0,29616.75,180.0,L,FvgL,5.0,0.0608
11 May 26,29598.0,29603.25,45.0,L,FvgL,5.0,0.0152
11 May 26,29598.0,29616.75,180.0,L,FvgL,5.0,0.0608
11 May 26,29598.0,29603.25,45.0,L,FvgL,5.0,0.0152
11 May 26,29609.75,29575.0,680.0,S,LvlS,10.0,0.1148
11 May 26,29599.0,29658.75,-1210.0,S,LvlS,10.0,-0.2044
11 May 26,29636.75,29604.0,-335.0,L,FvgL,5.0,-0.113
11 May 26,29636.75,29604.0,-335.0,L,FvgL,5.0,-0.113
11 May 26,29657.5,29668.5,102.5,L,FvgL,5.0,0.0346
11 May 26,29657.5,29698.75,405.0,L,FvgL,5.0,0.1366
11 May 26,29704.75,29665.5,-400.0,L,FvgL,5.0,-0.1347
11 May 26,29704.75,29665.5,-400.0,L,FvgL,5.0,-0.1347
11 May 26,29653.25,29638.25,142.5,S,FvgS,5.0,0.0481
12 May 26,29653.25,29596.75,557.5,S,FvgS,5.0,0.188
12 May 26,29575.25,29540.0,690.0,S,LvlS,10.0,0.1167
12 May 26,29546.5,29509.25,730.0,S,LvlS,10.0,0.1235
12 May 26,29514.75,29483.25,307.5,S,FvgS,5.0,0.1042
12 May 26,29514.75,29483.25,307.5,S,FvgS,5.0,0.1042
12 May 26,29514.75,29483.25,307.5,S,FvgS,5.0,0.1042
12 May 26,29493.0,29443.75,970.0,S,LvlS,10.0,0.1644
12 May 26,29504.5,29494.0,97.5,S,FvgS,5.0,0.033
12 May 26,29504.5,29465.25,385.0,S,FvgS,5.0,0.1305
12 May 26,29476.25,29429.25,462.5,S,FvgS,5.0,0.1569
12 May 26,29476.25,29298.25,1772.5,S,FvgS,5.0,0.6013
12 May 26,29417.75,29445.0,265.0,L,FvgL,5.0,0.0901
12 May 26,29417.75,29520.75,1022.5,L,FvgL,5.0,0.3476
13 May 26,29573.5,29605.0,615.0,L,LvlL,10.0,0.104
13 May 26,29652.75,29682.0,570.0,L,LvlL,10.0,0.0961
13 May 26,29590.0,29631.5,407.5,L,FvgL,5.0,0.1377
13 May 26,29590.0,29595.25,45.0,L,FvgL,5.0,0.0152
13 May 26,29868.75,29891.75,222.5,L,FvgL,5.0,0.0745
13 May 26,29868.75,29874.0,45.0,L,FvgL,5.0,0.0151
14 May 26,29841.25,29850.75,87.5,L,FvgL,5.0,0.0293
14 May 26,29841.25,29877.25,352.5,L,FvgL,5.0,0.1181
14 May 26,30021.5,30042.25,200.0,L,FvgL,5.0,0.0666
14 May 26,30021.5,30026.75,45.0,L,FvgL,5.0,0.015
14 May 26,30021.5,30042.25,200.0,L,FvgL,5.0,0.0666
14 May 26,30021.5,29954.5,-677.5,L,FvgL,5.0,-0.2257
14 May 26,29959.5,29958.5,-17.5,L,FvgL,5.0,-0.0058
14 May 26,29959.5,29958.5,-17.5,L,FvgL,5.0,-0.0058
14 May 26,29998.75,29935.5,-640.0,L,FvgL,5.0,-0.2133
14 May 26,29998.75,29935.5,-640.0,L,FvgL,5.0,-0.2133
14 May 26,29884.5,29851.25,650.0,S,LvlS,10.0,0.1088
15 May 26,29695.5,29665.0,595.0,S,LvlS,10.0,0.1002
15 May 26,29565.75,29535.75,585.0,S,LvlS,10.0,0.0989
15 May 26,29599.5,29594.25,45.0,S,FvgS,5.0,0.0152
15 May 26,29599.5,29594.25,45.0,S,FvgS,5.0,0.0152
15 May 26,29599.5,29749.5,-1507.5,S,FvgS,5.0,-0.5093
15 May 26,29599.5,29749.5,-1507.5,S,FvgS,5.0,-0.5093
17 May 26,29356.0,29299.5,557.5,S,FvgS,5.0,0.1899
17 May 26,29356.0,29350.75,45.0,S,FvgS,5.0,0.0153
18 May 26,29356.5,29320.0,357.5,S,FvgS,5.0,0.1218
18 May 26,29356.5,29351.25,45.0,S,FvgS,5.0,0.0153
18 May 26,29481.5,29494.75,125.0,L,FvgL,5.0,0.0424
18 May 26,29481.5,29531.5,492.5,L,FvgL,5.0,0.1671
18 May 26,29481.5,29494.75,125.0,L,FvgL,5.0,0.0424
18 May 26,29481.5,29438.5,-437.5,L,FvgL,5.0,-0.1484
18 May 26,29453.0,29519.0,-667.5,S,FvgS,5.0,-0.2266
18 May 26,29453.0,29519.0,-667.5,S,FvgS,5.0,-0.2266
18 May 26,29393.75,29416.25,217.5,L,FvgL,5.0,0.074
18 May 26,29393.75,29399.0,45.0,L,FvgL,5.0,0.0153
18 May 26,29320.5,29289.25,305.0,S,FvgS,5.0,0.104
19 May 26,29320.5,29202.25,1175.0,S,FvgS,5.0,0.4007
19 May 26,29269.0,29256.0,122.5,S,FvgS,5.0,0.0419
19 May 26,29269.0,29263.75,45.0,S,FvgS,5.0,0.0154
19 May 26,29172.5,29232.25,-1210.0,S,LvlS,10.0,-0.2074
19 May 26,29055.0,29050.75,35.0,S,FvgS,5.0,0.012
19 May 26,29055.0,29050.75,35.0,S,FvgS,5.0,0.012
19 May 26,29055.0,29034.0,202.5,S,FvgS,5.0,0.0697
19 May 26,29055.0,29105.5,-512.5,S,FvgS,5.0,-0.1764
19 May 26,29338.25,29361.5,225.0,L,FvgL,5.0,0.0767
19 May 26,29338.25,29343.5,45.0,L,FvgL,5.0,0.0153
19 May 26,29253.0,29233.25,190.0,S,FvgS,5.0,0.065
19 May 26,29253.0,29247.75,45.0,S,FvgS,5.0,0.0154
19 May 26,29231.25,29203.5,270.0,S,FvgS,5.0,0.0924
20 May 26,29231.25,29226.0,45.0,S,FvgS,5.0,0.0154
20 May 26,29229.25,29183.0,455.0,S,FvgS,5.0,0.1557
20 May 26,29229.25,29224.0,45.0,S,FvgS,5.0,0.0154
20 May 26,29301.5,29328.0,515.0,L,LvlL,10.0,0.0879
20 May 26,29346.5,29377.5,605.0,L,LvlL,10.0,0.1031
20 May 26,29420.25,29360.5,-1210.0,L,LvlL,10.0,-0.2056
20 May 26,29495.0,29554.75,-1210.0,S,LvlS,10.0,-0.2051
21 May 26,29772.25,29806.75,337.5,L,FvgL,5.0,0.1134
22 May 26,29772.25,29902.5,1295.0,L,FvgL,5.0,0.435
22 May 26,29912.5,29880.5,-327.5,L,FvgL,5.0,-0.1095
22 May 26,29912.5,29880.5,-327.5,L,FvgL,5.0,-0.1095
22 May 26,29806.0,29788.5,167.5,S,FvgS,5.0,0.0562
22 May 26,29806.0,29862.75,-575.0,S,FvgS,5.0,-0.1929
22 May 26,29822.75,29883.75,1205.0,L,LvlL,10.0,0.202
24 May 26,30127.75,30158.25,297.5,L,FvgL,5.0,0.0987
24 May 26,30059.0,30188.25,2570.0,L,LvlL,10.0,0.4275
25 May 26,30253.25,30193.5,-1210.0,L,LvlL,10.0,-0.2
25 May 26,30235.5,30255.25,190.0,L,FvgL,5.0,0.0628
25 May 26,30235.5,30240.75,45.0,L,FvgL,5.0,0.0149
25 May 26,30250.25,30274.0,230.0,L,FvgL,5.0,0.076
25 May 26,30250.25,30173.25,-777.5,L,FvgL,5.0,-0.257
25 May 26,30147.0,30106.5,397.5,S,FvgS,5.0,0.1319
26 May 26,30147.0,30141.75,45.0,S,FvgS,5.0,0.0149
26 May 26,30320.0,30335.75,150.0,L,FvgL,5.0,0.0495
26 May 26,30320.0,30268.75,-520.0,L,FvgL,5.0,-0.1715
26 May 26,30266.75,30302.5,350.0,L,FvgL,5.0,0.1156
26 May 26,30266.75,30402.25,1347.5,L,FvgL,5.0,0.4452
26 May 26,30386.75,30418.5,620.0,L,LvlL,10.0,0.102
27 May 26,30424.5,30364.75,-1210.0,L,LvlL,10.0,-0.1989
27 May 26,30398.0,30361.0,725.0,S,LvlS,10.0,0.1193
27 May 26,30539.5,30582.25,420.0,L,FvgL,5.0,0.1375
27 May 26,30539.5,30584.0,437.5,L,FvgL,5.0,0.1433
27 May 26,30578.5,30530.0,-492.5,L,FvgL,5.0,-0.1611
27 May 26,30578.5,30530.0,-492.5,L,FvgL,5.0,-0.1611
27 May 26,30261.5,30251.25,95.0,S,FvgS,5.0,0.0314
27 May 26,30261.5,30223.5,372.5,S,FvgS,5.0,0.1231
27 May 26,30261.5,30251.25,95.0,S,FvgS,5.0,0.0314
27 May 26,30261.5,30223.5,372.5,S,FvgS,5.0,0.1231
27 May 26,30261.5,30294.25,-335.0,S,FvgS,5.0,-0.1107
27 May 26,30261.5,30294.25,-335.0,S,FvgS,5.0,-0.1107
27 May 26,30372.5,30314.75,-585.0,L,FvgL,5.0,-0.1926
27 May 26,30372.5,30314.75,-585.0,L,FvgL,5.0,-0.1926
28 May 26,30089.25,30149.0,-1210.0,S,LvlS,10.0,-0.2011
28 May 26,30202.25,30262.0,-1210.0,S,LvlS,10.0,-0.2003
28 May 26,30247.5,30280.25,640.0,L,LvlL,10.0,0.1058
28 May 26,30230.0,30185.0,885.0,S,LvlS,10.0,0.1464
29 May 26,30622.0,30643.5,207.5,L,FvgL,5.0,0.0678
29 May 26,30622.0,30627.25,45.0,L,FvgL,5.0,0.0147
29 May 26,30750.0,30749.25,-15.0,L,FvgL,5.0,-0.0049
29 May 26,30750.0,30749.25,-15.0,L,FvgL,5.0,-0.0049
29 May 26,30697.25,30712.5,145.0,L,FvgL,5.0,0.0472
29 May 26,30697.25,30702.5,45.0,L,FvgL,5.0,0.0147
29 May 26,30697.25,30647.75,-502.5,L,FvgL,5.0,-0.1637
29 May 26,30697.25,30647.75,-502.5,L,FvgL,5.0,-0.1637
01 Jun 26,30817.0,30757.25,-1210.0,L,LvlL,10.0,-0.1963
01 Jun 26,30779.5,30778.75,0.0,S,LvlS,10.0,0.0
01 Jun 26,30778.5,30766.75,110.0,S,FvgS,5.0,0.0357
01 Jun 26,30778.5,30734.0,437.5,S,FvgS,5.0,0.1421
01 Jun 26,30747.5,30733.0,137.5,S,FvgS,5.0,0.0447
01 Jun 26,30734.75,30699.25,695.0,S,LvlS,10.0,0.1131
01 Jun 26,30686.75,30685.75,2.5,S,FvgS,5.0,0.0008
01 Jun 26,30686.75,30685.75,2.5,S,FvgS,5.0,0.0008
01 Jun 26,30686.75,30665.25,207.5,S,FvgS,5.0,0.0676
01 Jun 26,30686.75,30756.5,-705.0,S,FvgS,5.0,-0.2297
01 Jun 26,30791.25,30811.75,197.5,L,FvgL,5.0,0.0641
01 Jun 26,30791.25,30868.25,762.5,L,FvgL,5.0,0.2476
01 Jun 26,30757.75,30723.25,675.0,S,LvlS,10.0,0.1097
02 Jun 26,30735.25,30779.0,-445.0,S,FvgS,5.0,-0.1448
02 Jun 26,30735.25,30779.0,-445.0,S,FvgS,5.0,-0.1448
02 Jun 26,30831.0,30842.75,110.0,L,FvgL,5.0,0.0357
02 Jun 26,30831.0,30874.5,427.5,L,FvgL,5.0,0.1387
02 Jun 26,30813.25,30778.0,690.0,S,LvlS,10.0,0.112
02 Jun 26,31020.25,31035.5,145.0,L,FvgL,5.0,0.0467
02 Jun 26,31020.25,30970.75,-502.5,L,FvgL,5.0,-0.162
02 Jun 26,30907.75,30967.5,-1210.0,S,LvlS,10.0,-0.1957
02 Jun 26,30951.25,30972.75,207.5,L,FvgL,5.0,0.067
03 Jun 26,30988.25,31021.75,655.0,L,LvlL,10.0,0.1057
03 Jun 26,30985.75,31021.75,705.0,L,LvlL,10.0,0.1138
03 Jun 26,31002.5,31037.75,690.0,L,LvlL,10.0,0.1113
03 Jun 26,31021.75,31036.5,140.0,L,FvgL,5.0,0.0451
03 Jun 26,31021.75,31036.5,140.0,L,FvgL,5.0,0.0451
03 Jun 26,31048.75,30989.0,-1210.0,L,LvlL,10.0,-0.1949
03 Jun 26,30939.0,30891.5,467.5,S,FvgS,5.0,0.1511
03 Jun 26,30939.0,30933.75,45.0,S,FvgS,5.0,0.0145
03 Jun 26,30806.25,30789.75,157.5,S,FvgS,5.0,0.0511
03 Jun 26,30806.25,30801.0,45.0,S,FvgS,5.0,0.0146
04 Jun 26,30757.75,30794.75,725.0,L,LvlL,10.0,0.1179
04 Jun 26,30568.25,30538.25,585.0,S,LvlS,10.0,0.0957
04 Jun 26,30561.75,30527.75,665.0,S,LvlS,10.0,0.1088
04 Jun 26,30537.5,30597.25,-1210.0,S,LvlS,10.0,-0.1981
05 Jun 26,30514.5,30454.75,-1210.0,L,LvlL,10.0,-0.1983
05 Jun 26,30445.75,30407.5,750.0,S,LvlS,10.0,0.1232
05 Jun 26,30447.75,30507.5,-1210.0,S,LvlS,10.0,-0.1987
05 Jun 26,30511.0,30451.25,-1210.0,L,LvlL,10.0,-0.1983
07 Jun 26,29405.25,29426.5,-440.0,S,LvlS,10.0,-0.0748
07 Jun 26,29467.5,29428.5,382.5,S,FvgS,5.0,0.1298
07 Jun 26,29467.5,29462.25,45.0,S,FvgS,5.0,0.0153
07 Jun 26,29467.5,29428.5,382.5,S,FvgS,5.0,0.1298
07 Jun 26,29467.5,29462.25,45.0,S,FvgS,5.0,0.0153
07 Jun 26,29467.75,29428.75,382.5,S,FvgS,5.0,0.1298
07 Jun 26,29467.75,29462.5,45.0,S,FvgS,5.0,0.0153
08 Jun 26,29466.5,29427.5,765.0,S,LvlS,10.0,0.1298
08 Jun 26,29435.0,29424.75,95.0,S,FvgS,5.0,0.0323
08 Jun 26,29435.0,29397.0,372.5,S,FvgS,5.0,0.1266
08 Jun 26,29349.5,29409.25,-1210.0,S,LvlS,10.0,-0.2061
08 Jun 26,29689.5,29715.75,255.0,L,FvgL,5.0,0.0859
08 Jun 26,29689.5,29788.25,980.0,L,FvgL,5.0,0.3301
08 Jun 26,29781.75,29818.75,362.5,L,FvgL,5.0,0.1217
08 Jun 26,29781.75,29787.0,45.0,L,FvgL,5.0,0.0151
08 Jun 26,29759.25,29726.75,317.5,S,FvgS,5.0,0.1067
08 Jun 26,29759.25,29636.75,1217.5,S,FvgS,5.0,0.4091
09 Jun 26,29934.25,29974.5,790.0,L,LvlL,10.0,0.132
09 Jun 26,29965.0,29983.75,180.0,L,FvgL,5.0,0.0601
09 Jun 26,29955.0,30010.5,1095.0,L,LvlL,10.0,0.1828
09 Jun 26,29965.0,29983.75,180.0,L,FvgL,5.0,0.0601
09 Jun 26,29965.0,29970.25,45.0,L,FvgL,5.0,0.015
09 Jun 26,28968.5,29014.25,-465.0,S,FvgS,5.0,-0.1605
09 Jun 26,28968.5,29014.25,-465.0,S,FvgS,5.0,-0.1605
09 Jun 26,29410.0,29376.5,327.5,S,FvgS,5.0,0.1114
09 Jun 26,29410.0,29283.0,1262.5,S,FvgS,5.0,0.4293
09 Jun 26,29410.0,29404.75,45.0,S,FvgS,5.0,0.0153
09 Jun 26,29410.0,29404.75,45.0,S,FvgS,5.0,0.0153
09 Jun 26,29358.0,29320.75,365.0,S,FvgS,5.0,0.1243
09 Jun 26,29358.0,29352.75,45.0,S,FvgS,5.0,0.0153
10 Jun 26,29222.0,29211.0,102.5,S,FvgS,5.0,0.0351
10 Jun 26,29222.0,29180.75,405.0,S,FvgS,5.0,0.1386
10 Jun 26,29222.0,29211.0,102.5,S,FvgS,5.0,0.0351
10 Jun 26,29222.0,29180.75,405.0,S,FvgS,5.0,0.1386
10 Jun 26,29124.5,29137.25,-135.0,S,FvgS,5.0,-0.0464
10 Jun 26,29124.5,29137.25,-135.0,S,FvgS,5.0,-0.0464
10 Jun 26,29141.75,29103.75,372.5,S,FvgS,5.0,0.1278
10 Jun 26,29141.75,29081.0,600.0,S,FvgS,5.0,0.2059
10 Jun 26,29141.75,29125.5,155.0,S,FvgS,5.0,0.0532
10 Jun 26,29141.75,29081.0,600.0,S,FvgS,5.0,0.2059
10 Jun 26,29141.75,29143.0,-20.0,S,FvgS,5.0,-0.0069
10 Jun 26,29141.75,29143.0,-20.0,S,FvgS,5.0,-0.0069
10 Jun 26,29141.75,29136.5,45.0,S,FvgS,5.0,0.0154
10 Jun 26,29141.75,29136.5,45.0,S,FvgS,5.0,0.0154
10 Jun 26,28895.0,28861.5,327.5,S,FvgS,5.0,0.1133
10 Jun 26,28895.0,28889.75,45.0,S,FvgS,5.0,0.0156
11 Jun 26,28997.25,29020.25,222.5,L,FvgL,5.0,0.0767
11 Jun 26,28997.25,29084.0,860.0,L,FvgL,5.0,0.2966
11 Jun 26,29093.0,29075.0,-187.5,L,FvgL,5.0,-0.0644
11 Jun 26,29093.0,29075.0,-187.5,L,FvgL,5.0,-0.0644
11 Jun 26,29174.5,29178.5,32.5,L,FvgL,5.0,0.0111
11 Jun 26,29174.5,29178.5,32.5,L,FvgL,5.0,0.0111
12 Jun 26,29733.25,29696.75,-372.5,L,FvgL,5.0,-0.1253
12 Jun 26,29733.25,29696.75,-372.5,L,FvgL,5.0,-0.1253
12 Jun 26,29890.25,29904.75,137.5,L,FvgL,5.0,0.046
12 Jun 26,29890.25,29944.5,535.0,L,FvgL,5.0,0.179
12 Jun 26,29890.25,29904.75,137.5,L,FvgL,5.0,0.046
12 Jun 26,29890.25,29843.5,-475.0,L,FvgL,5.0,-0.1589
12 Jun 26,29867.0,29872.25,45.0,L,FvgL,5.0,0.0151
12 Jun 26,29867.0,29872.25,45.0,L,FvgL,5.0,0.0151
14 Jun 26,30351.0,30291.25,-1210.0,L,LvlL,10.0,-0.1993
15 Jun 26,30592.25,30602.5,95.0,L,FvgL,5.0,0.0311
15 Jun 26,30592.25,30559.5,-335.0,L,FvgL,5.0,-0.1095
15 Jun 26,30577.0,30594.0,162.5,L,FvgL,5.0,0.0531
15 Jun 26,30577.0,30582.25,45.0,L,FvgL,5.0,0.0147
15 Jun 26,30577.0,30594.0,162.5,L,FvgL,5.0,0.0531
15 Jun 26,30577.0,30641.0,632.5,L,FvgL,5.0,0.2069
15 Jun 26,30813.0,30767.0,905.0,S,LvlS,10.0,0.1469
15 Jun 26,30788.5,30848.25,-1210.0,S,LvlS,10.0,-0.1965
16 Jun 26,30806.75,30820.0,125.0,L,FvgL,5.0,0.0406
16 Jun 26,30806.75,30812.0,45.0,L,FvgL,5.0,0.0146
16 Jun 26,30831.0,30856.5,495.0,L,LvlL,10.0,0.0803
17 Jun 26,30442.25,30410.75,307.5,S,FvgS,5.0,0.101
17 Jun 26,30442.25,30437.0,45.0,S,FvgS,5.0,0.0148
17 Jun 26,30427.0,30472.0,-457.5,S,FvgS,5.0,-0.1504
17 Jun 26,30427.0,30472.0,-457.5,S,FvgS,5.0,-0.1504
18 Jun 26,30391.25,30331.5,-1210.0,L,LvlL,10.0,-0.1991
18 Jun 26,30414.5,30451.0,715.0,L,LvlL,10.0,0.1175
18 Jun 26,30433.5,30447.25,130.0,L,FvgL,5.0,0.0427
18 Jun 26,30433.5,30388.5,-457.5,L,FvgL,5.0,-0.1503
18 Jun 26,30657.0,30624.75,630.0,S,LvlS,10.0,0.1027
18 Jun 26,30632.5,30604.75,540.0,S,LvlS,10.0,0.0881
19 Jun 26,30638.5,30578.75,-1210.0,L,LvlL,10.0,-0.1975
19 Jun 26,30591.25,30595.5,-50.0,S,FvgS,5.0,-0.0163
19 Jun 26,30591.25,30595.5,-50.0,S,FvgS,5.0,-0.0163
21 Jun 26,30494.0,30527.75,-345.0,S,FvgS,5.0,-0.1131
21 Jun 26,30494.0,30527.75,-345.0,S,FvgS,5.0,-0.1131
21 Jun 26,30598.75,30609.0,95.0,L,FvgL,5.0,0.031
21 Jun 26,30598.75,30566.0,-335.0,L,FvgL,5.0,-0.1095
22 Jun 26,30586.75,30572.25,137.5,S,FvgS,5.0,0.045
22 Jun 26,30586.75,30633.5,-475.0,S,FvgS,5.0,-0.1553
22 Jun 26,30720.25,30752.25,625.0,L,LvlL,10.0,0.1017
22 Jun 26,30738.25,30771.25,645.0,L,LvlL,10.0,0.1049
22 Jun 26,30751.0,30785.75,680.0,L,LvlL,10.0,0.1106
22 Jun 26,30800.75,30833.0,315.0,L,FvgL,5.0,0.1023
22 Jun 26,30800.75,30806.0,45.0,L,FvgL,5.0,0.0146
22 Jun 26,30597.25,30537.5,-1210.0,L,LvlL,10.0,-0.1977
22 Jun 26,30429.75,30390.75,765.0,S,LvlS,10.0,0.1257
23 Jun 26,29928.5,29908.0,197.5,S,FvgS,5.0,0.066
23 Jun 26,29928.5,29851.5,762.5,S,FvgS,5.0,0.2548
23 Jun 26,29744.5,29865.0,-1212.5,S,FvgS,5.0,-0.4076
23 Jun 26,29744.5,29865.0,-1212.5,S,FvgS,5.0,-0.4076
23 Jun 26,29755.75,29740.25,147.5,S,FvgS,5.0,0.0496
24 Jun 26,29755.75,29750.5,45.0,S,FvgS,5.0,0.0151
24 Jun 26,29792.0,29839.0,925.0,L,LvlL,10.0,0.1552
24 Jun 26,29838.75,29779.0,-1210.0,L,LvlL,10.0,-0.2028
24 Jun 26,29794.5,29781.0,127.5,S,FvgS,5.0,0.0428
24 Jun 26,29794.5,29838.25,-445.0,S,FvgS,5.0,-0.1494
24 Jun 26,29809.75,29750.0,-1210.0,L,LvlL,10.0,-0.203
24 Jun 26,29788.0,29755.5,317.5,S,FvgS,5.0,0.1066
24 Jun 26,29788.0,29722.75,645.0,S,FvgS,5.0,0.2165
24 Jun 26,29744.75,29754.75,-107.5,S,FvgS,5.0,-0.0361
24 Jun 26,29744.75,29754.75,-107.5,S,FvgS,5.0,-0.0361
24 Jun 26,29744.75,29727.25,167.5,S,FvgS,5.0,0.0563
24 Jun 26,29744.75,29801.5,-575.0,S,FvgS,5.0,-0.1933
24 Jun 26,30057.0,30107.75,500.0,L,FvgL,5.0,0.1664
24 Jun 26,30057.0,30062.25,45.0,L,FvgL,5.0,0.015
24 Jun 26,30057.0,30062.25,45.0,L,FvgL,5.0,0.015
24 Jun 26,30057.0,30062.25,45.0,L,FvgL,5.0,0.015
25 Jun 26,30082.5,30096.0,127.5,L,FvgL,5.0,0.0424
25 Jun 26,30082.5,30129.25,460.0,L,FvgL,5.0,0.1529
25 Jun 26,30148.5,30164.75,155.0,L,FvgL,5.0,0.0514
25 Jun 26,30148.5,30153.75,45.0,L,FvgL,5.0,0.0149
25 Jun 26,29774.75,29755.25,187.5,S,FvgS,5.0,0.063
25 Jun 26,29774.75,29769.5,45.0,S,FvgS,5.0,0.0151
25 Jun 26,29720.0,29714.75,45.0,S,FvgS,5.0,0.0151
25 Jun 26,29720.0,29714.75,45.0,S,FvgS,5.0,0.0151
26 Jun 26,29516.5,29456.75,-1210.0,L,LvlL,10.0,-0.205
26 Jun 26,29438.25,29403.75,337.5,S,FvgS,5.0,0.1146
26 Jun 26,29438.25,29308.0,1295.0,S,FvgS,5.0,0.4399
26 Jun 26,29483.75,29528.0,435.0,L,FvgL,5.0,0.1475
26 Jun 26,29483.75,29489.0,45.0,L,FvgL,5.0,0.0153
26 Jun 26,29483.75,29482.5,-20.0,L,FvgL,5.0,-0.0068
26 Jun 26,29483.75,29482.5,-20.0,L,FvgL,5.0,-0.0068
28 Jun 26,29607.0,29472.75,-1350.0,L,FvgL,5.0,-0.456
28 Jun 26,29607.0,29472.75,-1350.0,L,FvgL,5.0,-0.456
28 Jun 26,29433.5,29428.25,45.0,S,FvgS,5.0,0.0153
28 Jun 26,29433.5,29428.25,45.0,S,FvgS,5.0,0.0153
29 Jun 26,29489.5,29646.0,-1572.5,S,FvgS,5.0,-0.5332
29 Jun 26,29489.5,29646.0,-1572.5,S,FvgS,5.0,-0.5332
29 Jun 26,30004.25,30025.5,205.0,L,FvgL,5.0,0.0683
29 Jun 26,30004.25,30084.5,795.0,L,FvgL,5.0,0.265
01 Jul 26,30367.5,30338.0,287.5,S,FvgS,5.0,0.0947
01 Jul 26,30367.5,30362.25,45.0,S,FvgS,5.0,0.0148
01 Jul 26,30367.5,30338.0,287.5,S,FvgS,5.0,0.0947
01 Jul 26,30367.5,30362.25,45.0,S,FvgS,5.0,0.0148
01 Jul 26,30279.5,30266.0,127.5,S,FvgS,5.0,0.0421
01 Jul 26,30279.5,30228.5,502.5,S,FvgS,5.0,0.166
01 Jul 26,30104.25,30063.5,400.0,S,FvgS,5.0,0.1329
01 Jul 26,30104.25,30099.0,45.0,S,FvgS,5.0,0.0149
02 Jul 26,30095.25,30147.5,-530.0,S,FvgS,5.0,-0.1761
02 Jul 26,30095.25,30147.5,-530.0,S,FvgS,5.0,-0.1761
02 Jul 26,29988.25,29931.5,1120.0,S,LvlS,10.0,0.1867
02 Jul 26,29992.75,29982.0,100.0,S,FvgS,5.0,0.0333
02 Jul 26,29992.75,29956.75,352.5,S,FvgS,5.0,0.1175
02 Jul 26,30034.0,30082.75,960.0,L,LvlL,10.0,0.1598
02 Jul 26,29598.5,29576.75,210.0,S,FvgS,5.0,0.0709
02 Jul 26,29598.5,29593.25,45.0,S,FvgS,5.0,0.0152
02 Jul 26,29598.5,29576.75,210.0,S,FvgS,5.0,0.0709
02 Jul 26,29598.5,29593.25,45.0,S,FvgS,5.0,0.0152
02 Jul 26,29598.5,29669.25,-715.0,S,FvgS,5.0,-0.2416
02 Jul 26,29598.5,29669.25,-715.0,S,FvgS,5.0,-0.2416
03 Jul 26,29765.75,29802.5,720.0,L,LvlL,10.0,0.1209
03 Jul 26,29811.25,29855.5,870.0,L,LvlL,10.0,0.1459
03 Jul 26,29846.5,29886.5,392.5,L,FvgL,5.0,0.1315
05 Jul 26,29846.5,29997.25,1500.0,L,FvgL,5.0,0.5026
05 Jul 26,29967.75,29983.5,150.0,L,FvgL,5.0,0.0501
05 Jul 26,29967.75,29973.0,45.0,L,FvgL,5.0,0.015
05 Jul 26,29967.75,29916.5,-520.0,L,FvgL,5.0,-0.1735
05 Jul 26,29967.75,29916.5,-520.0,L,FvgL,5.0,-0.1735
05 Jul 26,29967.75,29916.5,-520.0,L,FvgL,5.0,-0.1735
05 Jul 26,29967.75,29916.5,-520.0,L,FvgL,5.0,-0.1735
06 Jul 26,29806.5,29766.5,785.0,S,LvlS,10.0,0.1317
06 Jul 26,29790.25,29771.5,180.0,S,FvgS,5.0,0.0604
06 Jul 26,29790.25,29785.0,45.0,S,FvgS,5.0,0.0151
06 Jul 26,29843.25,29872.25,565.0,L,LvlL,10.0,0.0947
06 Jul 26,29814.75,29855.5,400.0,L,FvgL,5.0,0.1342
06 Jul 26,29814.75,29820.0,45.0,L,FvgL,5.0,0.0151
06 Jul 26,30025.5,30039.0,127.5,L,FvgL,5.0,0.0425
06 Jul 26,30025.5,29981.75,-445.0,L,FvgL,5.0,-0.1482
07 Jul 26,29692.0,29662.0,585.0,S,LvlS,10.0,0.0985
07 Jul 26,29675.25,29656.5,180.0,S,FvgS,5.0,0.0607
07 Jul 26,29675.25,29670.0,45.0,S,FvgS,5.0,0.0152
07 Jul 26,29643.0,29597.75,890.0,S,LvlS,10.0,0.1501
07 Jul 26,29399.75,29370.5,285.0,S,FvgS,5.0,0.0969
07 Jul 26,29399.75,29394.5,45.0,S,FvgS,5.0,0.0153
07 Jul 26,29400.25,29368.0,315.0,S,FvgS,5.0,0.1071
07 Jul 26,29400.25,29278.75,1207.5,S,FvgS,5.0,0.4107
07 Jul 26,29502.75,29484.5,175.0,S,FvgS,5.0,0.0593
08 Jul 26,29502.75,29434.25,677.5,S,FvgS,5.0,0.2296
08 Jul 26,29392.25,29377.0,145.0,S,FvgS,5.0,0.0493
08 Jul 26,29392.25,29334.75,567.5,S,FvgS,5.0,0.1931
08 Jul 26,29194.75,29277.0,1630.0,L,LvlL,10.0,0.2792
08 Jul 26,29165.5,29134.75,300.0,S,FvgS,5.0,0.1029
08 Jul 26,29165.5,29160.25,45.0,S,FvgS,5.0,0.0154
08 Jul 26,29402.0,29407.25,45.0,L,FvgL,5.0,0.0153
08 Jul 26,29402.0,29407.25,45.0,L,FvgL,5.0,0.0153
08 Jul 26,29513.0,29453.25,-1210.0,L,LvlL,10.0,-0.205
08 Jul 26,29522.75,29463.0,-1210.0,L,LvlL,10.0,-0.2049
09 Jul 26,29706.25,29646.5,-1210.0,L,LvlL,10.0,-0.2037
09 Jul 26,29653.5,29593.75,-1210.0,L,LvlL,10.0,-0.204
09 Jul 26,29783.25,29788.5,45.0,L,FvgL,5.0,0.0151
09 Jul 26,29783.25,29788.5,45.0,L,FvgL,5.0,0.0151
10 Jul 26,29893.0,29830.75,-630.0,L,FvgL,5.0,-0.2108
10 Jul 26,29893.0,29830.75,-630.0,L,FvgL,5.0,-0.2108
10 Jul 26,29823.5,29808.5,142.5,S,FvgS,5.0,0.0478
10 Jul 26,29823.5,29872.0,-492.5,S,FvgS,5.0,-0.1651
10 Jul 26,29790.75,29808.25,167.5,L,FvgL,5.0,0.0562
10 Jul 26,29790.75,29857.0,655.0,L,FvgL,5.0,0.2199
10 Jul 26,29833.25,29868.25,685.0,L,LvlL,10.0,0.1148
10 Jul 26,29889.5,29951.0,607.5,L,FvgL,5.0,0.2032
10 Jul 26,29889.5,30067.25,1770.0,L,FvgL,5.0,0.5922
13 Jul 26,29759.75,29794.25,675.0,L,LvlL,10.0,0.1134
13 Jul 26,29440.5,29409.75,600.0,S,LvlS,10.0,0.1019
13 Jul 26,29387.0,29357.25,580.0,S,LvlS,10.0,0.0987
13 Jul 26,29419.0,29386.0,322.5,S,FvgS,5.0,0.1096
13 Jul 26,29419.0,29413.75,45.0,S,FvgS,5.0,0.0153
13 Jul 26,29408.0,29358.25,980.0,S,LvlS,10.0,0.1666
14 Jul 26,29406.25,29373.5,320.0,S,FvgS,5.0,0.1088
14 Jul 26,29406.25,29512.0,-1065.0,S,FvgS,5.0,-0.3622
14 Jul 26,29625.75,29566.0,-1210.0,L,LvlL,10.0,-0.2042
14 Jul 26,29587.25,29618.25,605.0,L,LvlL,10.0,0.1022
14 Jul 26,29606.5,29646.75,790.0,L,LvlL,10.0,0.1334
14 Jul 26,29805.0,29852.0,462.5,L,FvgL,5.0,0.1552
14 Jul 26,29805.0,29810.25,45.0,L,FvgL,5.0,0.0151
15 Jul 26,29986.0,30029.25,850.0,L,LvlL,10.0,0.1417
15 Jul 26,30005.75,30043.0,730.0,L,LvlL,10.0,0.1216
15 Jul 26,30031.75,30062.25,595.0,L,LvlL,10.0,0.0991
15 Jul 26,29899.25,29925.5,-270.0,S,FvgS,5.0,-0.0903
15 Jul 26,29899.25,29925.5,-270.0,S,FvgS,5.0,-0.0903
15 Jul 26,29705.25,29690.5,140.0,S,FvgS,5.0,0.0471
15 Jul 26,29705.25,29741.75,-372.5,S,FvgS,5.0,-0.1254
16 Jul 26,29710.75,29743.5,640.0,L,LvlL,10.0,0.1077
16 Jul 26,29736.5,29652.0,-852.5,L,FvgL,5.0,-0.2867
16 Jul 26,29736.5,29652.0,-852.5,L,FvgL,5.0,-0.2867
16 Jul 26,29517.75,29577.5,-1210.0,S,LvlS,10.0,-0.205
16 Jul 26,29538.75,29611.25,-732.5,S,FvgS,5.0,-0.248
17 Jul 26,28755.5,28724.75,300.0,S,FvgS,5.0,0.1043
17 Jul 26,28755.5,28772.5,-177.5,S,FvgS,5.0,-0.0617
17 Jul 26,28951.0,28876.5,-752.5,L,FvgL,5.0,-0.2599
17 Jul 26,28951.0,28876.5,-752.5,L,FvgL,5.0,-0.2599
19 Jul 26,28897.0,28902.25,45.0,L,FvgL,5.0,0.0156
19 Jul 26,28897.0,28902.25,45.0,L,FvgL,5.0,0.0156
20 Jul 26,28840.0,28877.75,370.0,L,FvgL,5.0,0.1283
20 Jul 26,28840.0,28983.25,1425.0,L,FvgL,5.0,0.4941
20 Jul 26,29074.75,29096.25,207.5,L,FvgL,5.0,0.0714
20 Jul 26,29074.75,29005.0,-705.0,L,FvgL,5.0,-0.2425
20 Jul 26,28836.75,28872.5,-365.0,S,FvgS,5.0,-0.1266
20 Jul 26,28836.75,28872.5,-365.0,S,FvgS,5.0,-0.1266
20 Jul 26,28870.0,28923.5,1055.0,L,LvlL,10.0,0.1827
20 Jul 26,28883.0,28923.5,795.0,L,LvlL,10.0,0.1376
21 Jul 26,29049.0,29063.75,140.0,L,FvgL,5.0,0.0482
21 Jul 26,29049.0,29063.75,140.0,L,FvgL,5.0,0.0482
21 Jul 26,29062.75,29099.0,710.0,L,LvlL,10.0,0.1221
21 Jul 26,29155.5,29186.75,610.0,L,LvlL,10.0,0.1046
21 Jul 26,29149.0,29163.5,137.5,L,FvgL,5.0,0.0472
21 Jul 26,29149.0,29163.5,137.5,L,FvgL,5.0,0.0472
21 Jul 26,29149.0,29163.5,137.5,L,FvgL,5.0,0.0472
21 Jul 26,29169.5,29208.5,765.0,L,LvlL,10.0,0.1311
21 Jul 26,29174.25,29201.0,260.0,L,FvgL,5.0,0.0891
21 Jul 26,29174.25,29275.25,1002.5,L,FvgL,5.0,0.3436
21 Jul 26,29255.75,29286.75,302.5,L,FvgL,5.0,0.1034
21 Jul 26,29255.75,29286.0,295.0,L,FvgL,5.0,0.1008
21 Jul 26,29255.75,29286.75,302.5,L,FvgL,5.0,0.1034
21 Jul 26,29287.75,29325.25,735.0,L,LvlL,10.0,0.1255
21 Jul 26,29279.5,29290.0,97.5,L,FvgL,5.0,0.0333
21 Jul 26,29279.5,29245.75,-345.0,L,FvgL,5.0,-0.1178
21 Jul 26,29266.0,29198.25,-685.0,L,FvgL,5.0,-0.2341
21 Jul 26,29266.0,29198.25,-685.0,L,FvgL,5.0,-0.2341
22 Jul 26,29045.75,29105.5,-1210.0,S,LvlS,10.0,-0.2083
22 Jul 26,29070.25,29108.5,-390.0,S,FvgS,5.0,-0.1342
22 Jul 26,29075.0,29045.75,570.0,S,LvlS,10.0,0.098
23 Jul 26,29148.75,29113.75,342.5,S,FvgS,5.0,0.1175
23 Jul 26,29148.75,29143.5,45.0,S,FvgS,5.0,0.0154
23 Jul 26,29042.5,29102.25,-1210.0,S,LvlS,10.0,-0.2083
23 Jul 26,29057.75,29117.5,-1210.0,S,LvlS,10.0,-0.2082
23 Jul 26,28929.75,28890.75,765.0,S,LvlS,10.0,0.1322
23 Jul 26,28611.25,28597.0,135.0,S,FvgS,5.0,0.0472
23 Jul 26,28611.25,28657.0,-465.0,S,FvgS,5.0,-0.1625
23 Jul 26,28664.75,28659.5,45.0,S,FvgS,5.0,0.0157
23 Jul 26,28664.75,28659.5,45.0,S,FvgS,5.0,0.0157
23 Jul 26,28717.5,28699.25,175.0,S,FvgS,5.0,0.0609
23 Jul 26,28717.5,28712.25,45.0,S,FvgS,5.0,0.0157
23 Jul 26,28655.25,28691.75,715.0,L,LvlL,10.0,0.1248
23 Jul 26,28619.25,28570.25,965.0,S,LvlS,10.0,0.1686
24 Jul 26,28543.25,28479.5,1260.0,S,LvlS,10.0,0.2207
24 Jul 26,28574.25,28546.5,270.0,S,FvgS,5.0,0.0945
24 Jul 26,28574.25,28569.0,45.0,S,FvgS,5.0,0.0157
24 Jul 26,28607.25,28594.75,117.5,S,FvgS,5.0,0.0411
24 Jul 26,28607.25,28647.5,-410.0,S,FvgS,5.0,-0.1433
24 Jul 26,28632.5,28677.25,880.0,L,LvlL,10.0,0.1537
24 Jul 26,28544.0,28500.0,432.5,S,FvgS,5.0,0.1515
24 Jul 26,28544.0,28378.0,1652.5,S,FvgS,5.0,0.5789
27 Jul 26,28660.5,28714.75,535.0,L,FvgL,5.0,0.1867
27 Jul 26,28660.5,28665.75,45.0,L,FvgL,5.0,0.0157
27 Jul 26,28667.75,28638.25,575.0,S,LvlS,10.0,0.1003
27 Jul 26,28033.25,27983.25,492.5,S,FvgS,5.0,0.1757
27 Jul 26,28033.25,28028.0,45.0,S,FvgS,5.0,0.0161
27 Jul 26,28035.5,28010.25,245.0,S,FvgS,5.0,0.0874
27 Jul 26,28035.5,28030.25,45.0,S,FvgS,5.0,0.0161
28 Jul 26,27933.5,27968.25,340.0,L,FvgL,5.0,0.1217
28 Jul 26,27933.5,27938.75,45.0,L,FvgL,5.0,0.0161
28 Jul 26,27950.0,28012.75,-635.0,S,FvgS,5.0,-0.2272
28 Jul 26,27950.0,28012.75,-635.0,S,FvgS,5.0,-0.2272
28 Jul 26,28126.5,28066.75,-1210.0,L,LvlL,10.0,-0.2151
29 Jul 26,27876.25,27918.25,-427.5,S,FvgS,5.0,-0.1534
29 Jul 26,27876.25,27918.25,-427.5,S,FvgS,5.0,-0.1534
29 Jul 26,27959.5,27994.5,685.0,L,LvlL,10.0,0.1225
29 Jul 26,27987.0,28015.5,555.0,L,LvlL,10.0,0.0992
29 Jul 26,27992.5,27932.75,-1210.0,L,LvlL,10.0,-0.2161
29 Jul 26,27706.5,27683.0,227.5,S,FvgS,5.0,0.0821
29 Jul 26,27706.5,27701.25,45.0,S,FvgS,5.0,0.0162
29 Jul 26,27530.5,27511.0,187.5,S,FvgS,5.0,0.0681
29 Jul 26,27530.5,27525.25,45.0,S,FvgS,5.0,0.0163
30 Jul 26,27509.0,27483.5,247.5,S,FvgS,5.0,0.09
30 Jul 26,27509.0,27503.75,45.0,S,FvgS,5.0,0.0164
30 Jul 26,28164.25,28169.5,45.0,L,FvgL,5.0,0.016
30 Jul 26,28164.25,28169.5,45.0,L,FvgL,5.0,0.016
30 Jul 26,28388.75,28422.75,665.0,L,LvlL,10.0,0.1171
30 Jul 26,28361.75,28395.25,327.5,L,FvgL,5.0,0.1155
30 Jul 26,28361.75,28488.75,1262.5,L,FvgL,5.0,0.4451
31 Jul 26,28545.0,28573.5,555.0,L,LvlL,10.0,0.0972
02 Aug 26,28572.75,28587.0,135.0,L,FvgL,5.0,0.0472
02 Aug 26,28572.75,28626.0,525.0,L,FvgL,5.0,0.1837
02 Aug 26,28572.75,28578.0,45.0,L,FvgL,5.0,0.0157
02 Aug 26,28572.75,28578.0,45.0,L,FvgL,5.0,0.0157
02 Aug 26,28572.75,28587.0,135.0,L,FvgL,5.0,0.0472
02 Aug 26,28572.75,28626.0,525.0,L,FvgL,5.0,0.1837
02 Aug 26,28586.0,28622.75,720.0,L,LvlL,10.0,0.1259
02 Aug 26,28613.5,28648.75,690.0,L,LvlL,10.0,0.1206
02 Aug 26,28646.75,28682.75,705.0,L,LvlL,10.0,0.1231
03 Aug 26,28635.0,28598.0,725.0,S,LvlS,10.0,0.1266
03 Aug 26,28552.0,28522.0,585.0,S,LvlS,10.0,0.1024
03 Aug 26,28431.75,28406.75,242.5,S,FvgS,5.0,0.0853
03 Aug 26,28431.75,28426.5,45.0,S,FvgS,5.0,0.0158
04 Aug 26,29194.5,29240.75,455.0,L,FvgL,5.0,0.1559
04 Aug 26,29194.5,29369.25,1740.0,L,FvgL,5.0,0.596
04 Aug 26,29852.75,29873.0,195.0,L,FvgL,5.0,0.0653
04 Aug 26,29852.75,29858.0,45.0,L,FvgL,5.0,0.0151
05 Aug 26,29855.25,29866.25,102.5,L,FvgL,5.0,0.0343
05 Aug 26,29855.25,29896.5,405.0,L,FvgL,5.0,0.1357
05 Aug 26,29883.5,29888.75,45.0,L,FvgL,5.0,0.0151
05 Aug 26,29883.5,29888.75,45.0,L,FvgL,5.0,0.0151
05 Aug 26,29588.5,29648.25,-1210.0,S,LvlS,10.0,-0.2045
05 Aug 26,29633.75,29614.25,187.5,S,FvgS,5.0,0.0633
05 Aug 26,29633.75,29560.0,730.0,S,FvgS,5.0,0.2463
05 Aug 26,29616.0,29598.25,170.0,S,FvgS,5.0,0.0574
05 Aug 26,29616.0,29548.75,665.0,S,FvgS,5.0,0.2245
05 Aug 26,29569.0,29552.5,157.5,S,FvgS,5.0,0.0533
06 Aug 26,29569.0,29507.0,612.5,S,FvgS,5.0,0.2071
06 Aug 26,29490.5,29468.25,215.0,S,FvgS,5.0,0.0729
06 Aug 26,29490.5,29485.25,45.0,S,FvgS,5.0,0.0153
06 Aug 26,29487.75,29529.0,-420.0,S,FvgS,5.0,-0.1424
06 Aug 26,29487.75,29529.0,-420.0,S,FvgS,5.0,-0.1424
06 Aug 26,29564.5,29595.5,302.5,L,FvgL,5.0,0.1023
06 Aug 26,29564.5,29569.75,45.0,L,FvgL,5.0,0.0152
06 Aug 26,29564.5,29595.5,302.5,L,FvgL,5.0,0.1023
06 Aug 26,29564.5,29569.75,45.0,L,FvgL,5.0,0.0152
06 Aug 26,29598.0,29538.25,-1210.0,L,LvlL,10.0,-0.2044
06 Aug 26,29524.75,29565.5,400.0,L,FvgL,5.0,0.1355
06 Aug 26,29524.75,29530.0,45.0,L,FvgL,5.0,0.0152
06 Aug 26,29524.75,29530.0,45.0,L,FvgL,5.0,0.0152
06 Aug 26,29524.75,29565.5,400.0,L,FvgL,5.0,0.1355
06 Aug 26,29524.75,29530.0,45.0,L,FvgL,5.0,0.0152
06 Aug 26,29544.5,29524.0,197.5,S,FvgS,5.0,0.0668
06 Aug 26,29544.5,29539.25,45.0,S,FvgS,5.0,0.0152
06 Aug 26,29544.5,29524.0,197.5,S,FvgS,5.0,0.0668
07 Aug 26,29544.5,29467.5,762.5,S,FvgS,5.0,0.2581
07 Aug 26,29519.75,29506.75,122.5,S,FvgS,5.0,0.0415
07 Aug 26,29493.75,29553.5,-1210.0,S,LvlS,10.0,-0.2051
07 Aug 26,29519.75,29561.75,-427.5,S,FvgS,5.0,-0.1448
07 Aug 26,29563.0,29614.5,1015.0,L,LvlL,10.0,0.1717
07 Aug 26,29800.75,29841.5,400.0,L,FvgL,5.0,0.1342
07 Aug 26,29800.75,29806.0,45.0,L,FvgL,5.0,0.0151
07 Aug 26,29800.75,29669.25,-1322.5,L,FvgL,5.0,-0.4438
07 Aug 26,29800.75,29669.25,-1322.5,L,FvgL,5.0,-0.4438
09 Aug 26,29834.0,29852.5,177.5,L,FvgL,5.0,0.0595
09 Aug 26,29834.0,29839.25,45.0,L,FvgL,5.0,0.0151
09 Aug 26,29848.5,29871.5,222.5,L,FvgL,5.0,0.0745
09 Aug 26,29848.5,29853.75,45.0,L,FvgL,5.0,0.0151
09 Aug 26,29848.5,29871.5,222.5,L,FvgL,5.0,0.0745
10 Aug 26,29848.5,29935.25,860.0,L,FvgL,5.0,0.2881
10 Aug 26,29939.75,29957.5,170.0,L,FvgL,5.0,0.0568
10 Aug 26,29939.75,29945.0,45.0,L,FvgL,5.0,0.015
10 Aug 26,29939.75,29957.5,170.0,L,FvgL,5.0,0.0568
10 Aug 26,29939.75,29882.0,-585.0,L,FvgL,5.0,-0.1954
10 Aug 26,29869.25,29824.25,885.0,S,LvlS,10.0,0.1481
10 Aug 26,29839.0,29833.75,45.0,S,FvgS,5.0,0.0151
10 Aug 26,29839.0,29833.75,45.0,S,FvgS,5.0,0.0151
10 Aug 26,29839.0,29783.5,547.5,S,FvgS,5.0,0.1835
10 Aug 26,29839.0,29764.5,737.5,S,FvgS,5.0,0.2472
10 Aug 26,29760.75,29802.75,-427.5,S,FvgS,5.0,-0.1436
10 Aug 26,29760.75,29802.75,-427.5,S,FvgS,5.0,-0.1436
11 Aug 26,29805.25,29820.75,147.5,L,FvgL,5.0,0.0495
11 Aug 26,29805.25,29820.75,147.5,L,FvgL,5.0,0.0495
11 Aug 26,29837.75,29778.0,-1210.0,L,LvlL,10.0,-0.2028
11 Aug 26,29746.0,29805.75,-1210.0,S,LvlS,10.0,-0.2034
11 Aug 26,29815.0,29850.0,685.0,L,LvlL,10.0,0.1149
12 Aug 26,29704.25,29668.5,-365.0,L,FvgL,5.0,-0.1229
12 Aug 26,29704.25,29668.5,-365.0,L,FvgL,5.0,-0.1229
12 Aug 26,29831.25,29831.75,-5.0,L,LvlL,10.0,-0.0008
12 Aug 26,29908.0,29941.25,650.0,L,LvlL,10.0,0.1087
12 Aug 26,29891.25,29902.75,107.5,L,FvgL,5.0,0.036
12 Aug 26,29891.25,29896.5,45.0,L,FvgL,5.0,0.0151
12 Aug 26,29824.0,29857.25,325.0,L,FvgL,5.0,0.109
13 Aug 26,29856.0,29885.0,565.0,L,LvlL,10.0,0.0946
13 Aug 26,29891.0,29851.25,780.0,S,LvlS,10.0,0.1305
13 Aug 26,29859.0,29840.25,180.0,S,FvgS,5.0,0.0603
13 Aug 26,29859.0,29840.25,180.0,S,FvgS,5.0,0.0603
13 Aug 26,29848.25,29908.0,-1210.0,S,LvlS,10.0,-0.2027
13 Aug 26,29859.0,29919.5,-612.5,S,FvgS,5.0,-0.2051
13 Aug 26,30150.5,30162.25,110.0,L,FvgL,5.0,0.0365
13 Aug 26,30150.5,30112.25,-390.0,L,FvgL,5.0,-0.1294
13 Aug 26,30213.5,30236.75,225.0,L,FvgL,5.0,0.0745
13 Aug 26,30213.5,30218.75,45.0,L,FvgL,5.0,0.0149
14 Aug 26,30258.0,30198.25,-1210.0,L,LvlL,10.0,-0.1999
16 Aug 26,30190.5,30220.5,585.0,L,LvlL,10.0,0.0969
17 Aug 26,30210.25,30260.25,985.0,L,LvlL,10.0,0.163
17 Aug 26,30296.5,30333.25,360.0,L,FvgL,5.0,0.1188
17 Aug 26,30314.25,30254.5,-1210.0,L,LvlL,10.0,-0.1996
17 Aug 26,30244.25,30219.0,245.0,S,FvgS,5.0,0.081
17 Aug 26,30244.25,30148.75,947.5,S,FvgS,5.0,0.3133
18 Aug 26,29738.25,29704.0,670.0,S,LvlS,10.0,0.1126
18 Aug 26,29539.25,29527.5,110.0,S,FvgS,5.0,0.0372
18 Aug 26,29538.75,29538.25,-5.0,S,LvlS,10.0,-0.0008
19 Aug 26,29509.75,29471.5,375.0,S,FvgS,5.0,0.1271
19 Aug 26,29539.0,29598.75,-1210.0,S,LvlS,10.0,-0.2048
19 Aug 26,29618.0,29545.5,-732.5,L,FvgL,5.0,-0.2473
19 Aug 26,29618.0,29545.5,-732.5,L,FvgL,5.0,-0.2473
19 Aug 26,29580.0,29563.5,157.5,S,FvgS,5.0,0.0532
19 Aug 26,29580.0,29518.0,612.5,S,FvgS,5.0,0.2071
19 Aug 26,29609.5,29663.5,1065.0,L,LvlL,10.0,0.1798
19 Aug 26,29630.25,29668.0,740.0,L,LvlL,10.0,0.1249
20 Aug 26,29650.0,29590.25,-1210.0,L,LvlL,10.0,-0.204
20 Aug 26,29627.0,29686.75,-1210.0,S,LvlS,10.0,-0.2042
20 Aug 26,29376.0,29358.5,167.5,S,FvgS,5.0,0.057
21 Aug 26,29376.0,29370.75,45.0,S,FvgS,5.0,0.0153
21 Aug 26,29420.25,29431.25,102.5,L,FvgL,5.0,0.0348
21 Aug 26,29420.25,29461.5,405.0,L,FvgL,5.0,0.1377
21 Aug 26,29431.75,29450.5,180.0,L,FvgL,5.0,0.0612
21 Aug 26,29431.75,29502.25,697.5,L,FvgL,5.0,0.237
21 Aug 26,29491.25,29511.5,195.0,L,FvgL,5.0,0.0661
21 Aug 26,29491.25,29496.5,45.0,L,FvgL,5.0,0.0153
21 Aug 26,29425.5,29410.25,145.0,S,FvgS,5.0,0.0493
21 Aug 26,29425.5,29420.25,45.0,S,FvgS,5.0,0.0153
23 Aug 26,29425.5,29468.5,-437.5,S,FvgS,5.0,-0.1487
23 Aug 26,29425.5,29468.5,-437.5,S,FvgS,5.0,-0.1487
23 Aug 26,29402.5,29354.5,472.5,S,FvgS,5.0,0.1607
24 Aug 26,29402.5,29221.25,1805.0,S,FvgS,5.0,0.6139
24 Aug 26,29260.25,29250.5,90.0,S,FvgS,5.0,0.0308
24 Aug 26,29260.25,29223.25,362.5,S,FvgS,5.0,0.1239
24 Aug 26,29167.25,29210.25,-437.5,S,FvgS,5.0,-0.15
24 Aug 26,29163.0,29222.75,-1210.0,S,LvlS,10.0,-0.2075
24 Aug 26,29222.0,29162.25,-1210.0,L,LvlL,10.0,-0.207
24 Aug 26,29052.0,29156.0,-1047.5,S,FvgS,5.0,-0.3606
24 Aug 26,29052.0,29156.0,-1047.5,S,FvgS,5.0,-0.3606
24 Aug 26,29154.25,29127.25,262.5,S,FvgS,5.0,0.09
24 Aug 26,29154.25,29126.5,270.0,S,FvgS,5.0,0.0926
24 Aug 26,29127.0,29100.75,510.0,S,LvlS,10.0,0.0875
24 Aug 26,29072.25,29051.0,205.0,S,FvgS,5.0,0.0705
24 Aug 26,29072.25,29141.25,-697.5,S,FvgS,5.0,-0.2399
24 Aug 26,29118.0,29162.75,880.0,L,LvlL,10.0,0.1511
24 Aug 26,29128.0,29177.5,-502.5,S,FvgS,5.0,-0.1725
24 Aug 26,29128.0,29177.5,-502.5,S,FvgS,5.0,-0.1725
25 Aug 26,29268.25,29299.25,605.0,L,LvlL,10.0,0.1034
25 Aug 26,29283.75,29224.0,-1210.0,L,LvlL,10.0,-0.2066
25 Aug 26,29120.0,29179.75,-1210.0,S,LvlS,10.0,-0.2078
26 Aug 26,29253.25,29272.5,185.0,L,FvgL,5.0,0.0632
26 Aug 26,29253.25,29191.0,-630.0,L,FvgL,5.0,-0.2154
26 Aug 26,29207.5,29267.25,-1210.0,S,LvlS,10.0,-0.2071
26 Aug 26,29224.75,29203.0,210.0,S,FvgS,5.0,0.0719
26 Aug 26,29224.75,29219.5,45.0,S,FvgS,5.0,0.0154
26 Aug 26,29198.75,29255.0,555.0,L,FvgL,5.0,0.1901
26 Aug 26,29198.75,29204.0,45.0,L,FvgL,5.0,0.0154
26 Aug 26,29198.75,29255.0,555.0,L,FvgL,5.0,0.1901
26 Aug 26,29198.75,29411.25,2117.5,L,FvgL,5.0,0.7252
26 Aug 26,29557.25,29589.25,625.0,L,LvlL,10.0,0.1057
26 Aug 26,29603.25,29635.5,630.0,L,LvlL,10.0,0.1064
26 Aug 26,29535.0,29563.0,545.0,L,LvlL,10.0,0.0923
27 Aug 26,29543.25,29483.5,-1210.0,L,LvlL,10.0,-0.2048
27 Aug 26,29571.5,29576.75,45.0,L,FvgL,5.0,0.0152
27 Aug 26,29571.5,29576.75,45.0,L,FvgL,5.0,0.0152
27 Aug 26,29582.0,29601.0,182.5,L,FvgL,5.0,0.0617
27 Aug 26,29582.0,29653.75,710.0,L,FvgL,5.0,0.24
27 Aug 26,29622.75,29655.5,320.0,L,FvgL,5.0,0.108
27 Aug 26,29622.75,29628.0,45.0,L,FvgL,5.0,0.0152
28 Aug 26,29611.0,29631.5,197.5,L,FvgL,5.0,0.0667
28 Aug 26,29611.0,29616.25,45.0,L,FvgL,5.0,0.0152
28 Aug 26,29609.75,29669.5,-1210.0,S,LvlS,10.0,-0.2043
28 Aug 26,29728.25,29614.25,-1147.5,L,FvgL,5.0,-0.386
28 Aug 26,29728.25,29614.25,-1147.5,L,FvgL,5.0,-0.386
31 Aug 26,29505.25,29536.25,605.0,L,LvlL,10.0,0.1025
31 Aug 26,29495.0,29492.5,-65.0,L,FvgL,10.0,-0.011
31 Aug 26,29495.0,29508.5,127.5,L,FvgL,5.0,0.0432
31 Aug 26,29495.5,29435.75,-1210.0,L,LvlL,10.0,-0.2051
31 Aug 26,29465.0,29446.0,182.5,S,FvgS,5.0,0.0619
31 Aug 26,29465.0,29459.75,45.0,S,FvgS,5.0,0.0153
31 Aug 26,29435.25,29390.5,880.0,S,LvlS,10.0,0.1495
31 Aug 26,29495.5,29517.25,210.0,L,FvgL,5.0,0.0712
01 Sep 26,29495.5,29500.75,45.0,L,FvgL,5.0,0.0153
01 Sep 26,29207.5,29170.0,735.0,S,LvlS,10.0,0.1258
01 Sep 26,29165.75,29127.5,750.0,S,LvlS,10.0,0.1286
