# Lantern (MNQ 20:00 Tokyo Open Fade) - best return-on-drawdown window 01 Jan 2026 to 28 Aug 2026 - closed trades at Multiplier 4 - hypothetical backtested results, commissions and slippage modeled
exit_day,entry_px,exit_px,net_pnl_usd
01 Jan 26,26053.5,26129.0,-610.0
01 Jan 26,26053.5,26129.0,-610.0
06 Jan 26,26095.75,26171.25,-610.0
06 Jan 26,26095.75,26171.25,-610.0
07 Jan 26,26325.75,26276.5,-800.0
07 Jan 26,26299.0,26276.5,-372.0
08 Jan 26,26312.75,26237.25,-610.0
08 Jan 26,26312.75,26237.25,-610.0
09 Jan 26,26164.75,26193.5,448.0
09 Jan 26,26202.25,26193.5,-152.0
13 Jan 26,26372.25,26414.5,664.0
13 Jan 26,26408.0,26414.5,92.0
14 Jan 26,26431.5,26349.5,650.0
14 Jan 26,26431.5,26349.5,650.0
14 Jan 26,26391.25,26364.25,420.0
15 Jan 26,26076.5,26158.5,650.0
15 Jan 26,26076.5,26158.5,650.0
15 Jan 26,26114.5,26210.0,1516.0
16 Jan 26,26257.75,26330.5,1152.0
16 Jan 26,26292.5,26330.5,596.0
20 Jan 26,25919.5,25837.5,650.0
20 Jan 26,25919.5,25837.5,650.0
20 Jan 26,25881.5,25825.75,880.0
21 Jan 26,25718.75,25706.5,184.0
21 Jan 26,25682.5,25706.5,-396.0
22 Jan 26,26078.0,25996.0,650.0
22 Jan 26,26078.0,25996.0,650.0
22 Jan 26,26038.5,26053.0,-244.0
23 Jan 26,26194.5,26212.5,-300.0
26 Jan 26,26426.5,26502.0,-610.0
26 Jan 26,26426.5,26502.0,-610.0
28 Jan 26,26638.0,26720.0,650.0
28 Jan 26,26638.0,26720.0,650.0
28 Jan 26,26612.5,26720.0,854.0
29 Jan 26,26612.5,26761.0,1182.0
29 Jan 26,26678.5,26761.0,1308.0
29 Jan 26,26388.25,26312.75,-610.0
29 Jan 26,26388.25,26312.75,-610.0
03 Feb 26,26447.25,26498.5,808.0
03 Feb 26,26484.25,26498.5,216.0
04 Feb 26,25976.0,25985.75,-168.0
04 Feb 26,25940.5,25985.75,-736.0
04 Feb 26,25582.0,25506.5,-610.0
04 Feb 26,25582.0,25506.5,-610.0
05 Feb 26,24858.0,24940.0,650.0
05 Feb 26,24858.0,24940.0,650.0
05 Feb 26,24910.25,25073.0,1296.0
05 Feb 26,24910.25,25073.0,1296.0
10 Feb 26,25824.75,25817.75,-124.0
10 Feb 26,25797.25,25817.75,316.0
10 Feb 26,25859.75,25817.75,-684.0
11 Feb 26,25828.25,25782.25,724.0
11 Feb 26,25791.5,25782.25,136.0
11 Feb 26,25752.0,25834.0,650.0
11 Feb 26,25752.0,25834.0,650.0
12 Feb 26,25790.0,25828.75,608.0
16 Feb 26,25279.25,25203.75,-610.0
16 Feb 26,25279.25,25203.75,-610.0
17 Feb 26,25247.75,25323.25,-610.0
17 Feb 26,25247.75,25323.25,-610.0
20 Feb 26,25390.0,25450.5,956.0
20 Feb 26,25429.5,25450.5,324.0
24 Feb 26,25334.0,25344.25,-176.0
24 Feb 26,25359.75,25344.25,236.0
24 Feb 26,25611.75,25529.75,650.0
24 Feb 26,25611.75,25529.75,650.0
25 Feb 26,25575.5,25555.75,304.0
26 Feb 26,25782.75,25842.25,940.0
26 Feb 26,25819.0,25842.25,360.0
27 Feb 26,25524.0,25556.0,-524.0
27 Feb 26,25482.75,25556.0,-1184.0
02 Mar 26,25390.75,25315.25,-610.0
02 Mar 26,25390.75,25315.25,-610.0
03 Mar 26,25169.5,25094.0,-610.0
03 Mar 26,25169.5,25094.0,-610.0
03 Mar 26,25209.0,25094.0,-926.0
03 Mar 26,25209.0,25094.0,-926.0
04 Mar 26,25678.5,25603.0,-610.0
04 Mar 26,25678.5,25603.0,-610.0
05 Mar 26,25553.25,25635.25,650.0
05 Mar 26,25553.25,25635.25,650.0
06 Mar 26,25589.75,25625.0,552.0
09 Mar 26,25424.5,25500.0,-610.0
09 Mar 26,25424.5,25500.0,-610.0
09 Mar 26,25450.75,25500.0,-400.0
09 Mar 26,25450.75,25500.0,-400.0
11 Mar 26,25604.75,25529.0,1200.0
11 Mar 26,25564.25,25529.0,552.0
11 Mar 26,25324.5,25242.5,650.0
11 Mar 26,25324.5,25242.5,650.0
12 Mar 26,25284.25,25272.25,180.0
13 Mar 26,25119.75,25090.75,452.0
13 Mar 26,25147.75,25090.75,900.0
13 Mar 26,25083.75,25090.75,-124.0
17 Mar 26,25123.25,25047.75,-610.0
17 Mar 26,25123.25,25047.75,-610.0
17 Mar 26,25097.5,25047.75,-404.0
17 Mar 26,25097.5,25047.75,-404.0
18 Mar 26,25367.0,25442.5,-610.0
18 Mar 26,25367.0,25442.5,-610.0
19 Mar 26,24953.0,24871.0,650.0
19 Mar 26,24953.0,24871.0,650.0
19 Mar 26,24899.75,24894.25,76.0
23 Mar 26,24627.75,24552.25,-610.0
23 Mar 26,24627.75,24552.25,-610.0
23 Mar 26,24673.25,24552.25,-974.0
23 Mar 26,24673.25,24552.25,-974.0
24 Mar 26,24774.5,24692.5,650.0
24 Mar 26,24774.5,24692.5,650.0
25 Mar 26,24733.75,24713.25,158.0
25 Mar 26,24733.75,24670.75,498.0
25 Mar 26,24651.75,24569.75,650.0
25 Mar 26,24651.75,24569.75,650.0
26 Mar 26,24614.0,24569.75,348.0
26 Mar 26,24614.0,24545.75,540.0
26 Mar 26,24679.0,24545.75,2120.0
27 Mar 26,24155.5,24237.5,650.0
27 Mar 26,24155.5,24237.5,650.0
27 Mar 26,24128.5,24237.5,866.0
27 Mar 26,24128.5,24213.5,674.0
27 Mar 26,24193.25,24213.5,312.0
30 Mar 26,23273.75,23355.75,650.0
30 Mar 26,23273.75,23355.75,650.0
30 Mar 26,23316.75,23488.75,1370.0
30 Mar 26,23316.75,23488.75,1370.0
01 Apr 26,24272.25,24354.25,650.0
01 Apr 26,24272.25,24354.25,650.0
01 Apr 26,24310.5,24339.5,452.0
01 Apr 26,24489.75,24407.75,650.0
01 Apr 26,24489.75,24405.0,672.0
01 Apr 26,24444.25,24274.75,1350.0
01 Apr 26,24444.25,24274.75,1350.0
03 Apr 26,24491.25,24471.0,-336.0
03 Apr 26,24466.0,24471.0,68.0
06 Apr 26,24634.25,24552.25,650.0
06 Apr 26,24634.25,24552.25,650.0
07 Apr 26,24590.75,24524.0,1056.0
09 Apr 26,25282.0,25329.0,740.0
09 Apr 26,25317.75,25329.0,168.0
10 Apr 26,25526.0,25558.25,-528.0
10 Apr 26,25552.75,25558.25,-100.0
14 Apr 26,25891.25,25871.25,308.0
15 Apr 26,26292.25,26281.0,-192.0
15 Apr 26,26327.75,26281.0,-760.0
16 Apr 26,26720.5,26752.5,-524.0
17 Apr 26,26787.25,26760.25,420.0
17 Apr 26,26750.25,26760.25,-172.0
21 Apr 26,27080.5,27121.25,640.0
21 Apr 26,27119.0,27121.25,24.0
22 Apr 26,27118.75,27117.0,16.0
22 Apr 26,27077.5,27117.0,-644.0
22 Apr 26,27166.25,27248.25,650.0
22 Apr 26,27166.25,27186.75,158.0
23 Apr 26,27221.75,27248.25,206.0
23 Apr 26,27221.75,27276.75,434.0
23 Apr 26,27419.5,27337.5,650.0
23 Apr 26,27419.5,27337.5,650.0
24 Apr 26,27383.5,27387.5,-76.0
28 Apr 26,27753.0,27677.5,-610.0
28 Apr 26,27753.0,27677.5,-610.0
28 Apr 26,27727.0,27677.5,-402.0
28 Apr 26,27727.0,27677.5,-402.0
28 Apr 26,27587.25,27505.25,650.0
28 Apr 26,27587.25,27505.25,650.0
29 Apr 26,27546.75,27597.25,-820.0
29 Apr 26,27902.25,27820.25,650.0
29 Apr 26,27902.25,27820.25,650.0
29 Apr 26,27866.75,27687.25,1430.0
29 Apr 26,27866.75,27687.25,1430.0
01 May 26,27925.5,27911.75,208.0
05 May 26,28108.25,28155.25,-764.0
05 May 26,28134.0,28155.25,-352.0
06 May 26,28575.25,28657.25,650.0
06 May 26,28575.25,28657.25,650.0
06 May 26,28615.0,28661.0,724.0
07 May 26,28938.5,29020.5,650.0
07 May 26,28938.5,29020.5,650.0
07 May 26,28975.5,29017.0,652.0
08 May 26,29043.5,29119.0,-610.0
08 May 26,29043.5,29119.0,-610.0
11 May 26,29662.25,29586.75,-610.0
11 May 26,29662.25,29586.75,-610.0
12 May 26,29432.0,29507.5,-610.0
12 May 26,29432.0,29507.5,-610.0
13 May 26,29943.5,29861.5,650.0
13 May 26,29943.5,29861.5,650.0
13 May 26,29970.0,29861.5,862.0
14 May 26,29970.0,29912.75,452.0
14 May 26,29901.0,29912.75,-200.0
14 May 26,30011.75,29929.75,650.0
14 May 26,30011.75,29929.75,650.0
14 May 26,29975.75,29796.75,1426.0
14 May 26,29975.75,29796.75,1426.0
18 May 26,29471.5,29389.5,650.0
18 May 26,29471.5,29389.5,650.0
18 May 26,29427.0,29256.5,1358.0
18 May 26,29427.0,29256.5,1358.0
19 May 26,29295.75,29213.75,650.0
20 May 26,29295.75,29275.25,158.0
20 May 26,29240.5,29213.75,208.0
20 May 26,29240.5,29264.25,-196.0
20 May 26,29522.0,29597.5,-610.0
20 May 26,29522.0,29597.5,-610.0
21 May 26,29892.5,29810.5,650.0
21 May 26,29892.5,29810.5,650.0
22 May 26,29848.5,29839.75,128.0
26 May 26,30364.75,30446.75,650.0
26 May 26,30364.75,30446.75,650.0
27 May 26,30403.0,30399.75,-64.0
27 May 26,30333.5,30251.5,650.0
27 May 26,30333.5,30251.5,650.0
27 May 26,30360.5,30251.5,866.0
27 May 26,30360.5,30118.5,1930.0
27 May 26,30295.25,30118.5,1408.0
27 May 26,30295.25,30118.5,1408.0
29 May 26,30551.75,30602.75,804.0
29 May 26,30526.25,30602.75,1212.0
29 May 26,30587.25,30602.75,236.0
02 Jun 26,30675.5,30757.5,650.0
02 Jun 26,30675.5,30757.5,650.0
02 Jun 26,30710.75,30757.5,368.0
02 Jun 26,30710.75,30773.0,492.0
02 Jun 26,30649.5,30773.0,1964.0
03 Jun 26,30954.5,30999.0,700.0
03 Jun 26,30997.25,30999.0,16.0
03 Jun 26,30777.75,30695.75,650.0
03 Jun 26,30777.75,30695.75,650.0
04 Jun 26,30735.0,30777.25,-688.0
04 Jun 26,30467.0,30391.5,-610.0
04 Jun 26,30467.0,30391.5,-610.0
08 Jun 26,29596.0,29678.0,650.0
08 Jun 26,29596.0,29678.0,650.0
08 Jun 26,29644.5,29811.0,1326.0
08 Jun 26,29644.5,29811.0,1326.0
09 Jun 26,29319.0,29401.0,650.0
09 Jun 26,29319.0,29401.0,650.0
09 Jun 26,29291.25,29401.0,872.0
09 Jun 26,29291.25,29311.75,158.0
10 Jun 26,29358.75,29243.5,-928.0
10 Jun 26,29358.75,29243.5,-928.0
10 Jun 26,28807.25,28816.0,-76.0
10 Jun 26,28807.25,28816.0,-76.0
11 Jun 26,29924.75,29842.75,650.0
11 Jun 26,29924.75,29842.75,650.0
11 Jun 26,29886.25,29865.75,158.0
12 Jun 26,29886.25,29709.75,1406.0
15 Jun 26,30775.25,30857.25,650.0
15 Jun 26,30775.25,30857.25,650.0
16 Jun 26,30818.0,30800.25,-296.0
17 Jun 26,30401.5,30477.0,-610.0
17 Jun 26,30401.5,30477.0,-610.0
17 Jun 26,30428.25,30477.0,-396.0
17 Jun 26,30428.25,30477.0,-396.0
18 Jun 26,30611.0,30535.5,-610.0
18 Jun 26,30611.0,30535.5,-610.0
22 Jun 26,30484.75,30566.75,650.0
22 Jun 26,30484.75,30566.75,650.0
22 Jun 26,30524.0,30544.5,158.0
22 Jun 26,30524.0,30409.25,-924.0
25 Jun 26,29991.0,30073.0,650.0
25 Jun 26,29991.0,30073.0,650.0
25 Jun 26,29963.25,30073.0,872.0
25 Jun 26,29963.25,30103.25,1114.0
25 Jun 26,30028.5,30103.25,1184.0
25 Jun 26,29647.25,29571.75,-610.0
25 Jun 26,29647.25,29571.75,-610.0
25 Jun 26,29686.5,29571.75,-924.0
25 Jun 26,29686.5,29571.75,-924.0
29 Jun 26,29980.0,30062.0,650.0
29 Jun 26,29980.0,30062.0,650.0
30 Jun 26,30028.25,30195.0,1328.0
30 Jun 26,30028.25,30195.0,1328.0
30 Jun 26,30489.5,30414.0,-610.0
30 Jun 26,30489.5,30414.0,-610.0
01 Jul 26,30081.75,30157.25,-610.0
01 Jul 26,30081.75,30157.25,-610.0
02 Jul 26,29675.75,29751.25,-610.0
02 Jul 26,29675.75,29751.25,-610.0
06 Jul 26,29908.5,29826.5,650.0
06 Jul 26,29908.5,29826.5,650.0
06 Jul 26,29872.75,29693.5,1428.0
06 Jul 26,29872.75,29693.5,1428.0
07 Jul 26,29487.5,29405.5,650.0
07 Jul 26,29487.5,29405.5,650.0
08 Jul 26,29449.75,29405.5,348.0
08 Jul 26,29449.75,29334.25,918.0
08 Jul 26,29514.0,29334.25,2864.0
08 Jul 26,29462.5,29544.5,650.0
08 Jul 26,29462.5,29544.5,650.0
09 Jul 26,29506.5,29544.5,298.0
09 Jul 26,29506.5,29615.25,864.0
09 Jul 26,29436.0,29615.25,2856.0
09 Jul 26,29822.0,29904.0,650.0
09 Jul 26,29822.0,29904.0,650.0
10 Jul 26,29860.0,29880.5,158.0
10 Jul 26,29860.0,29851.0,-78.0
13 Jul 26,29522.75,29440.75,650.0
13 Jul 26,29522.75,29440.75,650.0
13 Jul 26,29487.25,29307.75,1430.0
13 Jul 26,29487.25,29307.75,1430.0
14 Jul 26,29927.5,29845.5,650.0
14 Jul 26,29927.5,29845.5,650.0
14 Jul 26,29880.75,30003.0,-984.0
14 Jul 26,29880.75,30003.0,-984.0
15 Jul 26,29655.0,29737.0,650.0
15 Jul 26,29655.0,29737.0,650.0
15 Jul 26,29628.5,29737.0,862.0
16 Jul 26,29628.5,29724.0,758.0
16 Jul 26,29693.25,29724.0,480.0
16 Jul 26,28995.5,29077.5,650.0
16 Jul 26,28995.5,29077.5,650.0
16 Jul 26,29035.25,28920.0,-928.0
16 Jul 26,29035.25,28920.0,-928.0
16 Jul 26,28967.25,28920.0,-384.0
16 Jul 26,28967.25,28920.0,-384.0
20 Jul 26,28805.75,28881.25,-610.0
20 Jul 26,28805.75,28881.25,-610.0
21 Jul 26,29267.0,29191.5,-610.0
21 Jul 26,29267.0,29191.5,-610.0
22 Jul 26,29188.75,29264.25,-610.0
22 Jul 26,29188.75,29264.25,-610.0
27 Jul 26,28056.25,27980.75,-610.0
27 Jul 26,28056.25,27980.75,-610.0
28 Jul 26,28011.0,27935.5,-610.0
28 Jul 26,28011.0,27935.5,-610.0
29 Jul 26,27659.0,27577.0,650.0
29 Jul 26,27659.0,27577.0,650.0
30 Jul 26,27610.0,27444.0,1322.0
30 Jul 26,27610.0,27444.0,1322.0
30 Jul 26,28507.25,28425.25,650.0
30 Jul 26,28507.25,28425.25,650.0
31 Jul 26,28469.5,28582.75,-912.0
31 Jul 26,28469.5,28582.75,-912.0
03 Aug 26,28905.5,28987.5,650.0
03 Aug 26,28905.5,28987.5,650.0
03 Aug 26,28878.75,28987.5,864.0
04 Aug 26,28878.75,29071.75,1538.0
04 Aug 26,28952.0,29071.75,1904.0
04 Aug 26,29801.5,29883.5,650.0
04 Aug 26,29801.5,29883.5,650.0
05 Aug 26,29842.0,29977.0,2148.0
05 Aug 26,29525.25,29607.25,650.0
05 Aug 26,29525.25,29607.25,650.0
05 Aug 26,29499.75,29607.25,854.0
06 Aug 26,29499.75,29547.25,374.0
06 Aug 26,29561.0,29547.25,-232.0
07 Aug 26,29540.75,29465.25,-610.0
07 Aug 26,29540.75,29465.25,-610.0
07 Aug 26,29514.5,29465.25,-400.0
07 Aug 26,29514.5,29465.25,-400.0
11 Aug 26,29787.25,29791.5,-80.0
11 Aug 26,29813.0,29791.5,332.0
14 Aug 26,30182.0,30174.75,-128.0
14 Aug 26,30156.5,30174.75,280.0
17 Aug 26,30112.75,30030.75,650.0
17 Aug 26,30112.75,30030.75,650.0
17 Aug 26,30078.5,29897.75,1440.0
17 Aug 26,30078.5,29897.75,1440.0
19 Aug 26,29563.0,29481.0,650.0
19 Aug 26,29563.0,29481.0,650.0
19 Aug 26,29589.5,29481.0,862.0
19 Aug 26,29589.5,29464.75,992.0
19 Aug 26,29521.75,29464.75,900.0
20 Aug 26,29651.5,29608.5,676.0
20 Aug 26,29614.5,29608.5,84.0
21 Aug 26,29393.5,29359.25,536.0
21 Aug 26,29356.0,29359.25,-64.0
25 Aug 26,29127.25,29202.75,-610.0
25 Aug 26,29127.25,29202.75,-610.0
25 Aug 26,29153.75,29202.75,-398.0
25 Aug 26,29153.75,29202.75,-398.0
25 Aug 26,29167.5,29249.5,650.0
25 Aug 26,29167.5,29249.5,650.0
25 Aug 26,29140.5,29249.5,866.0
26 Aug 26,29140.5,29241.5,802.0
26 Aug 26,29212.25,29241.5,456.0
26 Aug 26,29535.25,29459.75,-610.0
26 Aug 26,29535.25,29459.75,-610.0
28 Aug 26,29679.75,29597.75,650.0
28 Aug 26,29679.75,29597.75,650.0
28 Aug 26,29644.25,29596.75,748.0
