# Midas (MGC 24H Gold Book (5 legs)) - best return-on-drawdown window 02 Jan 2026 to 01 Sep 2026 - closed trades at Multiplier 4 - hypothetical backtested results, commissions and slippage modeled
exit_day,entry_px,exit_px,net_pnl_usd,side,signal,qty,return_pct
02 Jan 26,4492.6,4502.3,382.0,L,fgL,4.0,0.2126
04 Jan 26,4569.0,4581.1,478.0,L,onL,4.0,0.2615
04 Jan 26,4569.0,4580.9,470.0,L,onL,4.0,0.2572
05 Jan 26,4580.1,4598.4,726.0,L,onL,4.0,0.3963
05 Jan 26,4580.1,4592.0,470.0,L,onL,4.0,0.2565
05 Jan 26,4591.6,4609.9,726.0,L,onL,4.0,0.3953
05 Jan 26,4591.6,4603.5,470.0,L,onL,4.0,0.2559
05 Jan 26,4582.3,4608.7,-1062.0,S,onS,4.0,-0.5794
05 Jan 26,4582.3,4608.7,-1062.0,S,onS,4.0,-0.5794
05 Jan 26,4614.9,4626.6,462.0,L,onL,4.0,0.2503
05 Jan 26,4614.9,4626.8,470.0,L,onL,4.0,0.2546
06 Jan 26,4640.0,4618.6,-862.0,L,onL,4.0,-0.4644
06 Jan 26,4640.0,4618.6,-862.0,L,onL,4.0,-0.4644
06 Jan 26,4636.5,4654.9,730.0,L,onL,4.0,0.3936
06 Jan 26,4636.5,4648.4,470.0,L,onL,4.0,0.2534
06 Jan 26,4652.9,4643.4,374.0,S,onS,4.0,0.2009
07 Jan 26,4652.9,4633.9,754.0,S,onS,4.0,0.4051
07 Jan 26,4637.4,4627.7,382.0,S,onS,4.0,0.2059
07 Jan 26,4637.4,4618.1,766.0,S,onS,4.0,0.4129
07 Jan 26,4622.0,4612.6,370.0,S,onS,4.0,0.2001
07 Jan 26,4622.0,4603.2,746.0,S,onS,4.0,0.4035
08 Jan 26,4596.8,4585.7,438.0,S,onS,4.0,0.2382
08 Jan 26,4596.8,4597.8,-46.0,S,onS,4.0,-0.025
08 Jan 26,4597.8,4620.6,906.0,L,dfL,4.0,0.4926
08 Jan 26,4634.5,4624.8,382.0,S,fgS,4.0,0.2061
08 Jan 26,4631.6,4638.9,-298.0,S,fgS,4.0,-0.1609
09 Jan 26,4666.3,4670.6,-178.0,S,dfS,4.0,-0.0954
12 Jan 26,4789.3,4769.6,782.0,S,dfS,4.0,0.4082
12 Jan 26,4784.8,4775.1,382.0,S,fgS,4.0,0.1996
12 Jan 26,4762.1,4752.0,398.0,S,onS,4.0,0.2089
13 Jan 26,4762.1,4784.9,-918.0,S,onS,4.0,-0.4819
13 Jan 26,4794.4,4767.8,1058.0,S,dfS,4.0,0.5517
13 Jan 26,4768.3,4757.0,-458.0,L,fgL,4.0,-0.2401
13 Jan 26,4760.1,4769.8,382.0,L,fgL,4.0,0.2006
13 Jan 26,4760.1,4749.7,-422.0,L,fgL,4.0,-0.2216
13 Jan 26,4775.3,4782.8,294.0,L,toL,4.0,0.1539
13 Jan 26,4778.9,4789.2,406.0,L,onL,4.0,0.2124
13 Jan 26,4778.9,4799.4,814.0,L,onL,4.0,0.4258
14 Jan 26,4800.3,4779.7,-830.0,L,onL,4.0,-0.4323
14 Jan 26,4800.3,4779.7,-830.0,L,onL,4.0,-0.4323
14 Jan 26,4773.5,4783.2,382.0,L,fgL,4.0,0.2001
14 Jan 26,4786.4,4777.6,346.0,S,onS,4.0,0.1807
14 Jan 26,4786.4,4768.8,698.0,S,onS,4.0,0.3646
14 Jan 26,4781.3,4771.7,378.0,S,onS,4.0,0.1976
14 Jan 26,4781.3,4762.2,758.0,S,onS,4.0,0.3963
15 Jan 26,4762.0,4752.0,394.0,S,onS,4.0,0.2068
15 Jan 26,4762.0,4783.4,-862.0,S,onS,4.0,-0.4525
15 Jan 26,4755.1,4787.9,1306.0,L,dfL,4.0,0.6866
15 Jan 26,4789.3,4779.6,382.0,S,fgS,4.0,0.1994
16 Jan 26,4777.0,4751.3,-1034.0,L,onL,4.0,-0.5411
16 Jan 26,4777.0,4751.3,-1034.0,L,onL,4.0,-0.5411
16 Jan 26,4767.8,4788.9,-850.0,S,onS,4.0,-0.4457
16 Jan 26,4767.8,4788.9,-850.0,S,onS,4.0,-0.4457
16 Jan 26,4770.4,4745.6,986.0,S,dfS,4.0,0.5167
16 Jan 26,4747.1,4756.8,382.0,L,fgL,4.0,0.2012
18 Jan 26,4846.6,4824.5,-890.0,L,onL,4.0,-0.4591
18 Jan 26,4846.6,4824.5,-890.0,L,onL,4.0,-0.4591
18 Jan 26,4829.6,4840.0,410.0,L,onL,4.0,0.2122
19 Jan 26,4829.6,4841.5,470.0,L,onL,4.0,0.2433
19 Jan 26,4834.6,4844.4,386.0,L,dfL,4.0,0.1996
19 Jan 26,4837.2,4844.9,604.0,L,onL,8.0,0.1561
19 Jan 26,4841.2,4831.4,386.0,S,fgS,4.0,0.1993
19 Jan 26,4836.0,4856.1,798.0,L,onL,4.0,0.4125
20 Jan 26,4836.0,4876.2,1602.0,L,onL,4.0,0.8282
20 Jan 26,4893.5,4906.8,526.0,L,loL,4.0,0.2687
20 Jan 26,4901.3,4901.5,4.0,L,onL,8.0,0.001
20 Jan 26,4901.5,4924.8,-938.0,S,dfS,4.0,-0.4784
20 Jan 26,4940.8,4947.7,270.0,L,toL,4.0,0.1366
20 Jan 26,4943.3,4961.4,718.0,L,onL,4.0,0.3631
20 Jan 26,4943.3,4979.5,1442.0,L,onL,4.0,0.7293
20 Jan 26,4988.6,5000.5,470.0,L,onL,4.0,0.2355
20 Jan 26,4988.6,5000.5,470.0,L,onL,4.0,0.2355
21 Jan 26,5035.7,5047.6,470.0,L,onL,4.0,0.2333
21 Jan 26,5035.7,5047.6,470.0,L,onL,4.0,0.2333
21 Jan 26,5007.7,5020.4,502.0,L,onL,4.0,0.2506
21 Jan 26,5007.7,5033.1,1010.0,L,onL,4.0,0.5042
21 Jan 26,5028.3,5041.0,502.0,L,loL,4.0,0.2496
21 Jan 26,5027.9,5046.0,718.0,L,onL,4.0,0.357
21 Jan 26,5027.9,5039.8,470.0,L,onL,4.0,0.2337
21 Jan 26,5047.5,5041.8,222.0,S,dfS,4.0,0.11
21 Jan 26,5041.8,5017.6,-974.0,L,onL,4.0,-0.483
21 Jan 26,4973.1,4982.8,382.0,L,fgL,4.0,0.192
21 Jan 26,4973.1,4982.8,382.0,L,fgL,4.0,0.192
21 Jan 26,4987.7,4997.4,382.0,L,fgL,4.0,0.1915
21 Jan 26,4936.2,4945.9,382.0,L,fgL,4.0,0.1935
21 Jan 26,4936.2,4945.9,382.0,L,fgL,4.0,0.1935
21 Jan 26,4953.0,4943.0,394.0,S,onS,4.0,0.1989
22 Jan 26,4953.0,4982.5,-1186.0,S,onS,4.0,-0.5986
22 Jan 26,4996.8,4976.3,-826.0,L,onL,4.0,-0.4133
22 Jan 26,4996.8,4976.3,-826.0,L,onL,4.0,-0.4133
22 Jan 26,4986.2,4996.2,788.0,L,onL,8.0,0.1975
22 Jan 26,4996.2,5029.8,-1350.0,S,dfS,4.0,-0.6755
23 Jan 26,5107.9,5098.4,374.0,S,loS,4.0,0.183
23 Jan 26,5105.7,5145.5,-1598.0,S,dfS,4.0,-0.7825
23 Jan 26,5140.5,5148.7,-334.0,S,fgS,4.0,-0.1624
26 Jan 26,5234.2,5254.3,798.0,L,onL,4.0,0.3811
26 Jan 26,5234.2,5246.1,470.0,L,onL,4.0,0.2245
26 Jan 26,5256.8,5231.8,-1006.0,L,loL,4.0,-0.4784
26 Jan 26,5251.0,5229.4,-870.0,L,onL,4.0,-0.4142
26 Jan 26,5251.0,5229.4,-870.0,L,onL,4.0,-0.4142
26 Jan 26,5236.3,5243.0,-274.0,S,dfS,4.0,-0.1308
26 Jan 26,5216.9,5232.6,622.0,L,onL,4.0,0.2981
26 Jan 26,5216.9,5228.8,470.0,L,onL,4.0,0.2252
27 Jan 26,5229.1,5219.4,382.0,S,fgS,4.0,0.1826
27 Jan 26,5243.4,5261.5,718.0,L,onL,4.0,0.3423
27 Jan 26,5243.4,5255.3,470.0,L,onL,4.0,0.2241
27 Jan 26,5246.5,5257.5,434.0,L,loL,4.0,0.2068
27 Jan 26,5229.2,5255.9,1062.0,L,dfL,4.0,0.5077
28 Jan 26,5456.4,5423.5,-1322.0,L,loL,4.0,-0.6057
28 Jan 26,5418.6,5432.8,562.0,L,onL,4.0,0.2593
28 Jan 26,5418.6,5430.5,470.0,L,onL,4.0,0.2168
28 Jan 26,5415.7,5451.2,1414.0,L,dfL,4.0,0.6527
28 Jan 26,5457.0,5447.3,382.0,S,fgS,4.0,0.175
28 Jan 26,5457.0,5503.3,-1858.0,S,fgS,4.0,-0.8512
28 Jan 26,5692.8,5749.1,2246.0,L,toL,4.0,0.9863
28 Jan 26,5639.7,5650.4,422.0,L,onL,4.0,0.1871
28 Jan 26,5639.7,5661.1,850.0,L,onL,4.0,0.3768
29 Jan 26,5702.1,5679.5,-910.0,L,onL,4.0,-0.399
29 Jan 26,5702.1,5679.5,-910.0,L,onL,4.0,-0.399
29 Jan 26,5664.0,5635.5,1134.0,S,onS,4.0,0.5005
29 Jan 26,5664.0,5652.1,470.0,S,onS,4.0,0.2075
29 Jan 26,5673.8,5687.7,550.0,L,onL,4.0,0.2423
29 Jan 26,5673.8,5685.7,470.0,L,onL,4.0,0.2071
29 Jan 26,5689.1,5645.3,1746.0,S,dfS,4.0,0.7673
29 Jan 26,5465.3,5475.0,382.0,L,fgL,4.0,0.1747
29 Jan 26,5465.3,5475.0,382.0,L,fgL,4.0,0.1747
29 Jan 26,5465.3,5475.0,382.0,L,fgL,4.0,0.1747
29 Jan 26,5465.3,5475.0,382.0,L,fgL,4.0,0.1747
29 Jan 26,5465.3,5475.0,382.0,L,fgL,4.0,0.1747
29 Jan 26,5359.0,5368.7,382.0,L,fgL,4.0,0.1782
29 Jan 26,5359.0,5368.7,382.0,L,fgL,4.0,0.1782
30 Jan 26,5303.1,5253.1,1994.0,S,loS,4.0,0.94
30 Jan 26,5164.5,5269.4,4190.0,L,dfL,4.0,2.0283
30 Jan 26,4996.3,5006.0,382.0,L,fgL,4.0,0.1911
30 Jan 26,4996.3,5006.0,382.0,L,fgL,4.0,0.1911
30 Jan 26,4996.3,5006.0,382.0,L,fgL,4.0,0.1911
30 Jan 26,4996.3,5006.0,382.0,L,fgL,4.0,0.1911
01 Feb 26,4810.9,4820.6,382.0,L,fgL,4.0,0.1985
02 Feb 26,4764.1,4848.5,3370.0,L,loL,4.0,1.7684
02 Feb 26,4894.2,4768.7,5014.0,S,dfS,4.0,2.5612
02 Feb 26,4815.4,4825.1,382.0,L,fgL,4.0,0.1983
02 Feb 26,4815.4,4807.4,-326.0,L,fgL,4.0,-0.1692
02 Feb 26,4819.9,4829.6,382.0,L,fgL,4.0,0.1981
02 Feb 26,4819.9,4829.6,382.0,L,fgL,4.0,0.1981
02 Feb 26,4968.5,4977.4,350.0,L,toL,4.0,0.1761
02 Feb 26,4965.1,4955.4,382.0,S,fgS,4.0,0.1923
02 Feb 26,4965.1,4955.4,382.0,S,fgS,4.0,0.1923
03 Feb 26,4962.3,4975.0,502.0,L,onL,4.0,0.2529
03 Feb 26,4962.3,4987.7,1010.0,L,onL,4.0,0.5088
03 Feb 26,5075.8,5075.9,-2.0,L,loL,4.0,-0.001
03 Feb 26,5097.1,5096.6,28.0,S,dfS,8.0,0.0069
03 Feb 26,5115.2,5105.5,382.0,S,fgS,4.0,0.1867
03 Feb 26,5115.2,5105.5,382.0,S,fgS,4.0,0.1867
03 Feb 26,5079.6,5069.9,382.0,S,fgS,4.0,0.188
04 Feb 26,5201.2,5211.4,402.0,L,onL,4.0,0.1932
04 Feb 26,5201.2,5221.6,810.0,L,onL,4.0,0.3893
04 Feb 26,5219.4,5232.9,534.0,L,onL,4.0,0.2558
04 Feb 26,5219.4,5231.3,470.0,L,onL,4.0,0.2251
04 Feb 26,5227.5,5206.7,826.0,S,loS,4.0,0.395
04 Feb 26,5191.0,5201.8,426.0,L,onL,4.0,0.2052
04 Feb 26,5191.0,5212.5,854.0,L,onL,4.0,0.4113
04 Feb 26,5201.9,5179.9,-886.0,L,onL,4.0,-0.4258
04 Feb 26,5201.9,5179.9,-886.0,L,onL,4.0,-0.4258
04 Feb 26,5061.7,5045.1,-670.0,L,fgL,4.0,-0.3309
04 Feb 26,5084.1,5075.9,-334.0,L,fgL,4.0,-0.1642
04 Feb 26,5084.1,5093.8,382.0,L,fgL,4.0,0.1878
04 Feb 26,5084.1,5075.9,-334.0,L,fgL,4.0,-0.1642
04 Feb 26,5033.1,5023.0,398.0,S,onS,4.0,0.1977
04 Feb 26,5033.1,5012.9,802.0,S,onS,4.0,0.3984
05 Feb 26,5043.3,5071.3,-1126.0,S,onS,4.0,-0.5582
05 Feb 26,5043.3,5071.3,-1126.0,S,onS,4.0,-0.5582
05 Feb 26,5057.3,5073.5,642.0,L,onL,4.0,0.3174
05 Feb 26,5057.3,5069.2,470.0,L,onL,4.0,0.2323
05 Feb 26,5065.0,5028.1,1470.0,S,loS,4.0,0.7256
05 Feb 26,5019.2,5001.6,698.0,S,onS,4.0,0.3477
05 Feb 26,5019.2,5007.3,470.0,S,onS,4.0,0.2341
05 Feb 26,5008.7,4993.2,614.0,S,onS,4.0,0.3065
05 Feb 26,5008.7,5003.9,186.0,S,onS,4.0,0.0928
05 Feb 26,4971.5,5051.3,3186.0,L,dfL,4.0,1.6021
05 Feb 26,5021.9,5031.6,382.0,L,fgL,4.0,0.1902
05 Feb 26,5021.9,5031.6,382.0,L,fgL,4.0,0.1902
05 Feb 26,4992.7,5002.4,382.0,L,fgL,4.0,0.1913
05 Feb 26,4992.7,5002.4,382.0,L,fgL,4.0,0.1913
05 Feb 26,4867.2,4830.9,1446.0,S,toS,4.0,0.7427
06 Feb 26,4997.3,5027.9,1218.0,L,loL,4.0,0.6093
08 Feb 26,5176.1,5186.0,390.0,L,onL,4.0,0.1884
08 Feb 26,5176.1,5153.9,-894.0,L,onL,4.0,-0.4318
08 Feb 26,5143.9,5155.9,474.0,L,onL,4.0,0.2304
08 Feb 26,5143.9,5155.8,470.0,L,onL,4.0,0.2284
09 Feb 26,5171.7,5150.3,-862.0,L,onL,4.0,-0.4167
09 Feb 26,5171.7,5150.3,-862.0,L,onL,4.0,-0.4167
09 Feb 26,5161.1,5170.4,366.0,L,onL,4.0,0.1773
09 Feb 26,5161.1,5165.6,174.0,L,onL,4.0,0.0843
09 Feb 26,5165.6,5207.8,-1694.0,S,dfS,4.0,-0.8198
09 Feb 26,5215.1,5223.1,-326.0,S,fgS,4.0,-0.1563
10 Feb 26,5187.6,5203.6,634.0,L,loL,4.0,0.3055
10 Feb 26,5210.1,5182.8,1086.0,S,dfS,4.0,0.5211
10 Feb 26,5186.6,5198.1,454.0,L,onL,4.0,0.2188
10 Feb 26,5186.6,5198.5,470.0,L,onL,4.0,0.2265
11 Feb 26,5207.1,5217.2,398.0,L,onL,4.0,0.1911
11 Feb 26,5207.1,5227.3,802.0,L,onL,4.0,0.3851
11 Feb 26,5219.0,5192.4,-1070.0,L,onL,4.0,-0.5126
11 Feb 26,5219.0,5192.4,-1070.0,L,onL,4.0,-0.5126
11 Feb 26,5235.1,5237.4,-98.0,S,dfS,4.0,-0.0468
11 Feb 26,5237.3,5227.6,382.0,S,fgS,4.0,0.1823
11 Feb 26,5206.2,5197.3,350.0,S,onS,4.0,0.1681
12 Feb 26,5206.2,5204.6,58.0,S,onS,4.0,0.0279
12 Feb 26,5229.2,5217.2,474.0,S,dfS,4.0,0.2266
12 Feb 26,5217.2,5190.4,-1078.0,L,onL,4.0,-0.5166
12 Feb 26,5090.9,5079.7,442.0,S,onS,4.0,0.2171
12 Feb 26,5090.9,5079.0,470.0,S,onS,4.0,0.2308
12 Feb 26,5127.0,5137.2,402.0,L,onL,4.0,0.196
13 Feb 26,5127.0,5102.3,-994.0,L,onL,4.0,-0.4847
13 Feb 26,5104.2,5128.4,-974.0,S,onS,4.0,-0.4771
13 Feb 26,5104.2,5128.4,-974.0,S,onS,4.0,-0.4771
13 Feb 26,5126.8,5101.6,1002.0,S,loS,4.0,0.4886
13 Feb 26,5133.3,5142.8,374.0,L,onL,4.0,0.1821
13 Feb 26,5133.3,5152.3,754.0,L,onL,4.0,0.3672
13 Feb 26,5151.6,5119.6,1274.0,S,dfS,4.0,0.6183
15 Feb 26,5165.1,5154.3,426.0,S,onS,4.0,0.2062
15 Feb 26,5165.1,5143.5,858.0,S,onS,4.0,0.4153
16 Feb 26,5133.7,5155.9,-894.0,S,onS,4.0,-0.4354
16 Feb 26,5133.7,5155.9,-894.0,S,onS,4.0,-0.4354
16 Feb 26,5150.9,5161.3,410.0,L,onL,4.0,0.199
16 Feb 26,5150.9,5128.3,-910.0,L,onL,4.0,-0.4417
16 Feb 26,5139.6,5144.8,202.0,L,dfL,4.0,0.0983
16 Feb 26,5123.3,5110.9,490.0,S,toS,4.0,0.2391
17 Feb 26,5099.1,5088.9,402.0,S,onS,4.0,0.1971
17 Feb 26,5099.1,5078.7,810.0,S,onS,4.0,0.3971
17 Feb 26,5067.4,5058.3,358.0,S,onS,4.0,0.1766
17 Feb 26,5067.4,5087.7,-818.0,S,onS,4.0,-0.4036
17 Feb 26,5066.0,5054.7,446.0,S,onS,4.0,0.2201
17 Feb 26,5066.0,5043.5,894.0,S,onS,4.0,0.4412
17 Feb 26,5044.7,5033.8,430.0,S,onS,4.0,0.2131
17 Feb 26,5044.7,5023.0,862.0,S,onS,4.0,0.4272
17 Feb 26,5021.2,5030.9,382.0,L,fgL,4.0,0.1902
17 Feb 26,5028.8,5040.2,450.0,L,onL,4.0,0.2237
17 Feb 26,5028.8,5040.7,470.0,L,onL,4.0,0.2337
17 Feb 26,5073.7,5082.2,-346.0,S,fgS,4.0,-0.1705
18 Feb 26,5077.8,5087.6,386.0,L,onL,4.0,0.19
18 Feb 26,5077.8,5056.7,-850.0,L,onL,4.0,-0.4185
18 Feb 26,5098.6,5110.8,482.0,L,onL,4.0,0.2363
18 Feb 26,5098.6,5122.9,966.0,L,onL,4.0,0.4737
18 Feb 26,5099.0,5128.1,1158.0,L,dfL,4.0,0.5678
18 Feb 26,5134.9,5125.2,382.0,S,fgS,4.0,0.186
19 Feb 26,5110.7,5133.3,-910.0,S,onS,4.0,-0.4451
19 Feb 26,5110.7,5133.3,-910.0,S,onS,4.0,-0.4451
19 Feb 26,5156.6,5164.3,302.0,L,loL,4.0,0.1464
19 Feb 26,5138.3,5129.1,362.0,S,onS,4.0,0.1761
19 Feb 26,5138.3,5120.0,726.0,S,onS,4.0,0.3532
19 Feb 26,5145.8,5128.7,678.0,S,dfS,4.0,0.3294
19 Feb 26,5128.7,5158.7,1194.0,L,onL,4.0,0.582
19 Feb 26,5140.8,5131.5,366.0,S,onS,4.0,0.178
20 Feb 26,5140.8,5161.8,-846.0,S,onS,4.0,-0.4114
20 Feb 26,5165.1,5175.3,402.0,L,onL,4.0,0.1946
20 Feb 26,5165.1,5185.4,806.0,L,onL,4.0,0.3901
20 Feb 26,5181.0,5154.3,-1074.0,L,onL,4.0,-0.5182
20 Feb 26,5181.0,5154.3,-1074.0,L,onL,4.0,-0.5182
20 Feb 26,5180.4,5153.7,1062.0,S,dfS,4.0,0.5125
22 Feb 26,5287.7,5308.7,834.0,L,onL,4.0,0.3943
22 Feb 26,5287.7,5299.6,470.0,L,onL,4.0,0.2222
23 Feb 26,5305.1,5283.1,-886.0,L,onL,4.0,-0.4175
23 Feb 26,5305.1,5283.1,-886.0,L,onL,4.0,-0.4175
23 Feb 26,5283.9,5271.0,510.0,S,onS,4.0,0.2413
23 Feb 26,5283.9,5305.8,-882.0,S,onS,4.0,-0.4173
23 Feb 26,5296.8,5306.4,378.0,L,onL,4.0,0.1784
23 Feb 26,5296.8,5316.0,762.0,L,onL,4.0,0.3597
23 Feb 26,5294.0,5316.5,894.0,L,dfL,4.0,0.4222
23 Feb 26,5319.4,5309.1,406.0,S,onS,4.0,0.1908
24 Feb 26,5319.4,5298.8,818.0,S,onS,4.0,0.3844
24 Feb 26,5306.8,5295.6,442.0,S,onS,4.0,0.2082
24 Feb 26,5306.8,5284.5,886.0,S,onS,4.0,0.4174
24 Feb 26,5271.7,5253.3,730.0,S,onS,4.0,0.3462
24 Feb 26,5271.7,5259.8,470.0,S,onS,4.0,0.2229
24 Feb 26,5277.9,5305.6,1102.0,L,dfL,4.0,0.522
24 Feb 26,5291.8,5301.5,382.0,L,fgL,4.0,0.1805
24 Feb 26,5291.8,5301.5,382.0,L,fgL,4.0,0.1805
25 Feb 26,5335.6,5320.2,-622.0,L,loL,4.0,-0.2914
25 Feb 26,5338.1,5320.2,710.0,S,dfS,4.0,0.3325
25 Feb 26,5362.6,5352.9,382.0,S,fgS,4.0,0.1781
25 Feb 26,5326.2,5337.8,458.0,L,onL,4.0,0.215
26 Feb 26,5326.2,5338.1,470.0,L,onL,4.0,0.2206
26 Feb 26,5336.1,5314.7,-862.0,L,onL,4.0,-0.4039
26 Feb 26,5336.1,5314.7,-862.0,L,onL,4.0,-0.4039
26 Feb 26,5325.6,5311.4,562.0,S,loS,4.0,0.2638
26 Feb 26,5306.8,5326.5,782.0,L,dfL,4.0,0.3684
26 Feb 26,5308.3,5318.0,382.0,L,fgL,4.0,0.1799
26 Feb 26,5308.3,5318.0,382.0,L,fgL,4.0,0.1799
26 Feb 26,5328.4,5318.9,374.0,S,onS,4.0,0.1755
26 Feb 26,5328.4,5316.5,470.0,S,onS,4.0,0.2205
26 Feb 26,5320.9,5342.3,-862.0,S,onS,4.0,-0.405
26 Feb 26,5320.9,5342.3,-862.0,S,onS,4.0,-0.405
27 Feb 26,5328.4,5318.9,374.0,S,onS,4.0,0.1755
27 Feb 26,5328.4,5348.9,-826.0,S,onS,4.0,-0.3875
27 Feb 26,5361.7,5376.8,598.0,L,onL,4.0,0.2788
27 Feb 26,5361.7,5373.6,470.0,L,onL,4.0,0.2191
27 Feb 26,5384.4,5385.8,-124.0,S,dfS,8.0,-0.0288
27 Feb 26,5386.8,5398.5,-474.0,S,fgS,4.0,-0.22
01 Mar 26,5483.7,5494.3,418.0,L,onL,4.0,0.1906
01 Mar 26,5483.7,5504.9,842.0,L,onL,4.0,0.3839
02 Mar 26,5547.3,5534.0,526.0,S,loS,4.0,0.2371
02 Mar 26,5533.9,5496.0,-1522.0,L,dfL,4.0,-0.6876
02 Mar 26,5433.9,5443.6,382.0,L,fgL,4.0,0.1757
02 Mar 26,5433.9,5443.6,382.0,L,fgL,4.0,0.1757
02 Mar 26,5433.9,5443.6,382.0,L,fgL,4.0,0.1757
02 Mar 26,5433.9,5443.6,382.0,L,fgL,4.0,0.1757
02 Mar 26,5433.9,5443.6,382.0,L,fgL,4.0,0.1757
02 Mar 26,5433.9,5443.6,382.0,L,fgL,4.0,0.1757
03 Mar 26,5463.6,5444.5,758.0,S,loS,4.0,0.3468
03 Mar 26,5435.2,5414.9,806.0,S,onS,4.0,0.3707
03 Mar 26,5435.2,5394.7,1614.0,S,onS,4.0,0.7424
03 Mar 26,5416.4,5405.5,430.0,S,onS,4.0,0.1985
03 Mar 26,5416.4,5394.7,862.0,S,onS,4.0,0.3979
03 Mar 26,5347.5,5337.2,406.0,S,onS,4.0,0.1898
03 Mar 26,5347.5,5326.9,818.0,S,onS,4.0,0.3824
03 Mar 26,5283.9,5222.7,-2454.0,L,dfL,4.0,-1.1611
03 Mar 26,5220.3,5230.0,382.0,L,fgL,4.0,0.1829
03 Mar 26,5220.3,5230.0,382.0,L,fgL,4.0,0.1829
03 Mar 26,5259.8,5239.2,-830.0,L,fgL,4.0,-0.3945
03 Mar 26,5226.2,5235.9,382.0,L,fgL,4.0,0.1827
04 Mar 26,5304.5,5333.5,1154.0,L,loL,4.0,0.5439
04 Mar 26,5318.6,5256.6,-2486.0,L,dfL,4.0,-1.1685
04 Mar 26,5273.0,5282.7,382.0,L,fgL,4.0,0.1811
04 Mar 26,5303.2,5312.7,374.0,L,toL,4.0,0.1763
05 Mar 26,5303.4,5293.8,378.0,S,onS,4.0,0.1782
05 Mar 26,5303.4,5284.2,762.0,S,onS,4.0,0.3592
05 Mar 26,5280.4,5311.2,-1238.0,S,onS,4.0,-0.5861
05 Mar 26,5280.4,5311.2,-1238.0,S,onS,4.0,-0.5861
05 Mar 26,5311.4,5257.1,2166.0,S,loS,4.0,1.0195
05 Mar 26,5249.2,5191.6,-2310.0,L,dfL,4.0,-1.1002
05 Mar 26,5210.0,5219.7,382.0,L,fgL,4.0,0.1833
05 Mar 26,5205.5,5215.7,-414.0,S,toS,4.0,-0.1988
06 Mar 26,5249.4,5233.7,622.0,S,loS,4.0,0.2962
06 Mar 26,5228.8,5218.1,422.0,S,onS,4.0,0.2018
06 Mar 26,5228.8,5207.5,846.0,S,onS,4.0,0.4045
06 Mar 26,5217.1,5277.4,2406.0,L,dfL,4.0,1.1529
06 Mar 26,5288.2,5278.5,382.0,S,fgS,4.0,0.1806
06 Mar 26,5288.2,5300.3,-490.0,S,fgS,4.0,-0.2316
08 Mar 26,5198.5,5162.8,1422.0,S,toS,4.0,0.6839
08 Mar 26,5185.0,5172.0,514.0,S,onS,4.0,0.2478
08 Mar 26,5185.0,5159.0,1034.0,S,onS,4.0,0.4986
08 Mar 26,5217.2,5226.9,382.0,L,fgL,4.0,0.183
09 Mar 26,5224.0,5244.9,-842.0,S,onS,4.0,-0.4029
09 Mar 26,5224.0,5244.9,-842.0,S,onS,4.0,-0.4029
09 Mar 26,5234.7,5247.3,498.0,L,onL,4.0,0.2378
09 Mar 26,5234.7,5259.9,1002.0,L,onL,4.0,0.4785
09 Mar 26,5236.7,5213.2,-946.0,L,onL,4.0,-0.4516
09 Mar 26,5236.7,5213.2,-946.0,L,onL,4.0,-0.4516
09 Mar 26,5238.2,5231.2,-286.0,L,dfL,4.0,-0.1365
09 Mar 26,5249.4,5271.7,-898.0,S,fgS,4.0,-0.4277
09 Mar 26,5271.9,5282.0,398.0,L,onL,4.0,0.1887
09 Mar 26,5271.9,5283.8,470.0,L,onL,4.0,0.2229
10 Mar 26,5296.7,5306.0,366.0,L,onL,4.0,0.1727
10 Mar 26,5296.7,5315.3,738.0,L,onL,4.0,0.3483
10 Mar 26,5311.7,5320.6,350.0,L,onL,4.0,0.1647
10 Mar 26,5311.7,5329.5,706.0,L,onL,4.0,0.3323
10 Mar 26,5320.2,5293.5,-1074.0,L,loL,4.0,-0.5047
10 Mar 26,5307.6,5332.7,-1010.0,S,onS,4.0,-0.4757
10 Mar 26,5307.6,5332.7,-1010.0,S,onS,4.0,-0.4757
10 Mar 26,5323.5,5366.6,-1730.0,S,dfS,4.0,-0.8124
10 Mar 26,5333.5,5328.8,182.0,S,fgS,4.0,0.0853
10 Mar 26,5328.4,5338.5,-410.0,S,onS,4.0,-0.1924
10 Mar 26,5328.4,5352.9,-986.0,S,onS,4.0,-0.4626
11 Mar 26,5350.7,5327.4,-938.0,L,onL,4.0,-0.4383
11 Mar 26,5350.7,5327.4,-938.0,L,onL,4.0,-0.4383
11 Mar 26,5336.8,5326.2,418.0,S,onS,4.0,0.1958
11 Mar 26,5336.8,5315.6,842.0,S,onS,4.0,0.3944
11 Mar 26,5325.6,5312.8,506.0,S,loS,4.0,0.2375
11 Mar 26,5325.8,5315.6,402.0,S,onS,4.0,0.1887
11 Mar 26,5325.8,5313.9,470.0,S,onS,4.0,0.2206
11 Mar 26,5306.6,5301.9,-194.0,L,dfL,4.0,-0.0914
11 Mar 26,5283.5,5274.3,362.0,S,onS,4.0,0.1713
11 Mar 26,5283.5,5265.1,730.0,S,onS,4.0,0.3454
12 Mar 26,5280.8,5287.9,278.0,L,fgL,4.0,0.1316
12 Mar 26,5316.1,5305.5,418.0,S,loS,4.0,0.1966
12 Mar 26,5311.0,5288.8,882.0,S,dfS,4.0,0.4152
12 Mar 26,5247.4,5230.8,-670.0,L,fgL,4.0,-0.3192
12 Mar 26,5235.5,5242.6,278.0,L,toL,4.0,0.1327
13 Mar 26,5242.5,5235.6,-282.0,L,fgL,4.0,-0.1345
13 Mar 26,5204.6,5195.6,354.0,S,onS,4.0,0.17
13 Mar 26,5204.6,5236.6,-1286.0,S,onS,4.0,-0.6177
13 Mar 26,5251.0,5230.3,822.0,S,dfS,4.0,0.3914
15 Mar 26,5149.7,5137.3,490.0,S,onS,4.0,0.2379
15 Mar 26,5149.7,5124.9,986.0,S,onS,4.0,0.4787
15 Mar 26,5132.2,5141.9,382.0,L,fgL,4.0,0.1861
16 Mar 26,5126.6,5107.6,754.0,S,onS,4.0,0.3677
16 Mar 26,5126.6,5114.7,470.0,S,onS,4.0,0.2292
16 Mar 26,5133.0,5153.6,-830.0,S,onS,4.0,-0.4042
16 Mar 26,5133.0,5153.6,-830.0,S,onS,4.0,-0.4042
16 Mar 26,5150.5,5162.7,482.0,L,onL,4.0,0.234
16 Mar 26,5150.5,5162.4,470.0,L,onL,4.0,0.2281
16 Mar 26,5150.6,5116.8,-1358.0,L,dfL,4.0,-0.6591
16 Mar 26,5143.8,5153.5,382.0,L,fgL,4.0,0.1857
16 Mar 26,5147.0,5142.7,-178.0,L,toL,4.0,-0.0865
16 Mar 26,5139.6,5149.8,402.0,L,onL,4.0,0.1955
16 Mar 26,5139.6,5159.9,806.0,L,onL,4.0,0.3921
16 Mar 26,5152.8,5163.9,438.0,L,onL,4.0,0.2125
17 Mar 26,5152.8,5164.7,470.0,L,onL,4.0,0.228
17 Mar 26,5166.9,5144.7,-894.0,L,onL,4.0,-0.4326
17 Mar 26,5166.9,5144.7,-894.0,L,onL,4.0,-0.4326
17 Mar 26,5151.8,5160.8,354.0,L,onL,4.0,0.1718
17 Mar 26,5151.8,5130.5,-858.0,L,onL,4.0,-0.4164
17 Mar 26,5138.8,5147.5,-708.0,S,onS,8.0,-0.1722
17 Mar 26,5147.5,5104.9,-1710.0,L,dfL,4.0,-0.8305
17 Mar 26,5132.5,5122.2,406.0,S,onS,4.0,0.1978
18 Mar 26,5132.5,5112.0,814.0,S,onS,4.0,0.3965
18 Mar 26,5139.4,5118.4,-846.0,L,onL,4.0,-0.4115
18 Mar 26,5139.4,5118.4,-846.0,L,onL,4.0,-0.4115
18 Mar 26,5121.0,5109.1,470.0,S,loS,4.0,0.2294
18 Mar 26,5120.2,5102.8,690.0,S,onS,4.0,0.3369
18 Mar 26,5120.2,5108.3,470.0,S,onS,4.0,0.2295
18 Mar 26,5003.5,4970.3,-1334.0,L,dfL,4.0,-0.6665
18 Mar 26,5004.6,5014.3,382.0,L,fgL,4.0,0.1908
18 Mar 26,5004.6,5014.3,382.0,L,fgL,4.0,0.1908
18 Mar 26,5004.6,4994.8,-398.0,L,fgL,4.0,-0.1988
18 Mar 26,4977.4,4967.5,-402.0,L,toL,4.0,-0.2019
19 Mar 26,4978.1,4960.8,-698.0,L,fgL,4.0,-0.3505
19 Mar 26,4838.4,4791.1,1886.0,S,loS,4.0,0.9745
19 Mar 26,4688.0,4746.5,2334.0,L,dfL,4.0,1.2447
19 Mar 26,4776.9,4766.9,394.0,S,onS,4.0,0.2062
19 Mar 26,4776.9,4783.6,-274.0,S,onS,4.0,-0.1434
20 Mar 26,4842.9,4803.5,-1582.0,L,loL,4.0,-0.8167
20 Mar 26,4796.3,4786.7,378.0,S,onS,4.0,0.197
20 Mar 26,4796.3,4817.5,-854.0,S,onS,4.0,-0.4451
20 Mar 26,4789.3,4726.6,-2514.0,L,dfL,4.0,-1.3123
20 Mar 26,4693.4,4703.1,382.0,L,fgL,4.0,0.2035
20 Mar 26,4693.4,4703.1,382.0,L,fgL,4.0,0.2035
20 Mar 26,4693.4,4673.7,-794.0,L,fgL,4.0,-0.4229
22 Mar 26,4595.2,4574.6,818.0,S,toS,4.0,0.445
22 Mar 26,4482.2,4475.8,250.0,S,onS,4.0,0.1394
22 Mar 26,4482.2,4475.8,250.0,S,onS,4.0,0.1394
22 Mar 26,4538.5,4516.8,862.0,S,onS,4.0,0.4748
22 Mar 26,4538.5,4495.2,1726.0,S,onS,4.0,0.9508
22 Mar 26,4499.7,4477.8,870.0,S,onS,4.0,0.4834
22 Mar 26,4499.7,4487.8,470.0,S,onS,4.0,0.2611
23 Mar 26,4374.5,4439.1,2578.0,L,loL,4.0,1.4733
23 Mar 26,4509.4,4497.9,-466.0,L,onL,4.0,-0.2583
23 Mar 26,4509.4,4497.9,-466.0,L,onL,4.0,-0.2583
23 Mar 26,4518.0,4532.6,578.0,L,onL,4.0,0.3198
23 Mar 26,4518.0,4529.9,470.0,L,onL,4.0,0.2601
23 Mar 26,4572.4,4639.1,-2674.0,S,dfS,4.0,-1.462
23 Mar 26,4518.0,4508.3,382.0,S,fgS,4.0,0.2114
23 Mar 26,4553.0,4543.3,382.0,S,fgS,4.0,0.2098
23 Mar 26,4559.8,4573.2,530.0,L,onL,4.0,0.2906
23 Mar 26,4559.8,4540.1,-794.0,L,onL,4.0,-0.4353
23 Mar 26,4495.2,4475.6,778.0,S,onS,4.0,0.4327
23 Mar 26,4495.2,4456.0,1562.0,S,onS,4.0,0.8687
23 Mar 26,4488.5,4472.2,646.0,S,onS,4.0,0.3598
23 Mar 26,4488.5,4476.6,470.0,S,onS,4.0,0.2618
24 Mar 26,4471.5,4461.6,390.0,S,onS,4.0,0.218
24 Mar 26,4471.5,4451.7,786.0,S,onS,4.0,0.4394
24 Mar 26,4491.0,4505.8,586.0,L,onL,4.0,0.3262
24 Mar 26,4491.0,4520.5,1174.0,L,onL,4.0,0.6535
24 Mar 26,4549.8,4560.0,402.0,L,onL,4.0,0.2209
24 Mar 26,4549.8,4570.1,806.0,L,onL,4.0,0.4429
24 Mar 26,4549.4,4516.7,-1314.0,L,onL,4.0,-0.7221
24 Mar 26,4549.4,4516.7,-1314.0,L,onL,4.0,-0.7221
24 Mar 26,4488.4,4556.3,2710.0,L,dfL,4.0,1.5094
24 Mar 26,4545.2,4535.5,382.0,S,fgS,4.0,0.2101
24 Mar 26,4532.5,4522.8,382.0,S,fgS,4.0,0.2107
24 Mar 26,4660.9,4688.9,1114.0,L,toL,4.0,0.5975
25 Mar 26,4681.6,4709.4,1106.0,L,loL,4.0,0.5906
25 Mar 26,4681.9,4683.2,-58.0,S,dfS,4.0,-0.031
25 Mar 26,4685.9,4676.2,382.0,S,fgS,4.0,0.2038
25 Mar 26,4619.9,4629.6,382.0,L,fgL,4.0,0.2067
25 Mar 26,4654.7,4652.7,-86.0,L,toL,4.0,-0.0462
25 Mar 26,4658.4,4646.4,474.0,S,onS,4.0,0.2544
25 Mar 26,4658.4,4634.5,950.0,S,onS,4.0,0.5098
25 Mar 26,4628.0,4637.7,382.0,L,fgL,4.0,0.2064
26 Mar 26,4640.7,4631.1,378.0,S,onS,4.0,0.2036
26 Mar 26,4640.7,4621.5,762.0,S,onS,4.0,0.4105
26 Mar 26,4559.9,4585.2,-1018.0,S,onS,4.0,-0.5581
26 Mar 26,4559.9,4585.2,-1018.0,S,onS,4.0,-0.5581
26 Mar 26,4567.5,4544.0,934.0,S,loS,4.0,0.5112
26 Mar 26,4574.0,4561.6,490.0,S,onS,4.0,0.2678
26 Mar 26,4574.0,4549.2,986.0,S,onS,4.0,0.5389
26 Mar 26,4555.8,4565.0,362.0,L,dfL,4.0,0.1986
26 Mar 26,4565.0,4589.5,-986.0,S,onS,4.0,-0.54
26 Mar 26,4509.1,4491.5,-710.0,L,fgL,4.0,-0.3936
26 Mar 26,4525.1,4510.7,570.0,S,onS,4.0,0.3149
26 Mar 26,4525.1,4513.2,470.0,S,onS,4.0,0.2597
27 Mar 26,4554.9,4533.1,-878.0,L,onL,4.0,-0.4819
27 Mar 26,4554.9,4533.1,-878.0,L,onL,4.0,-0.4819
27 Mar 26,4536.2,4558.8,-910.0,S,onS,4.0,-0.5015
27 Mar 26,4536.2,4558.8,-910.0,S,onS,4.0,-0.5015
27 Mar 26,4560.0,4539.7,806.0,S,dfS,4.0,0.4419
27 Mar 26,4648.2,4638.5,382.0,S,fgS,4.0,0.2055
27 Mar 26,4630.0,4640.6,-430.0,S,fgS,4.0,-0.2322
27 Mar 26,4648.2,4638.5,382.0,S,fgS,4.0,0.2055
27 Mar 26,4648.2,4638.5,382.0,S,fgS,4.0,0.2055
27 Mar 26,4638.8,4629.0,386.0,S,fgS,4.0,0.208
29 Mar 26,4572.4,4552.1,806.0,S,toS,4.0,0.4407
29 Mar 26,4610.7,4621.5,426.0,L,onL,4.0,0.231
29 Mar 26,4610.7,4632.3,858.0,L,onL,4.0,0.4652
29 Mar 26,4638.8,4629.1,382.0,S,fgS,4.0,0.2059
30 Mar 26,4612.5,4622.4,390.0,L,onL,4.0,0.2114
30 Mar 26,4612.5,4632.3,786.0,L,onL,4.0,0.426
30 Mar 26,4627.3,4636.7,370.0,L,onL,4.0,0.1999
30 Mar 26,4627.3,4646.0,742.0,L,onL,4.0,0.4009
30 Mar 26,4650.3,4661.7,450.0,L,onL,4.0,0.2419
30 Mar 26,4654.1,4667.6,534.0,L,loL,4.0,0.2868
30 Mar 26,4650.3,4662.2,470.0,L,onL,4.0,0.2527
30 Mar 26,4662.6,4673.5,430.0,L,onL,4.0,0.2306
30 Mar 26,4662.6,4684.3,862.0,L,onL,4.0,0.4622
30 Mar 26,4686.5,4639.1,-1902.0,L,dfL,4.0,-1.0146
30 Mar 26,4625.0,4634.7,382.0,L,fgL,4.0,0.2065
30 Mar 26,4642.7,4656.2,534.0,L,toL,4.0,0.2875
30 Mar 26,4662.1,4672.1,394.0,L,onL,4.0,0.2113
30 Mar 26,4662.1,4682.0,790.0,L,onL,4.0,0.4236
30 Mar 26,4706.4,4682.8,-950.0,L,onL,4.0,-0.5046
30 Mar 26,4706.4,4682.8,-950.0,L,onL,4.0,-0.5046
31 Mar 26,4680.4,4690.2,386.0,L,onL,4.0,0.2062
31 Mar 26,4680.4,4699.9,774.0,L,onL,4.0,0.4134
31 Mar 26,4679.2,4690.0,426.0,L,onL,4.0,0.2276
31 Mar 26,4679.2,4691.1,470.0,L,onL,4.0,0.2511
31 Mar 26,4691.7,4658.7,1314.0,S,loS,4.0,0.7002
31 Mar 26,4700.5,4726.3,1026.0,L,dfL,4.0,0.5457
31 Mar 26,4813.2,4822.3,358.0,L,toL,4.0,0.1859
01 Apr 26,4837.9,4857.9,-806.0,S,loS,4.0,-0.4165
01 Apr 26,4876.5,4900.0,-946.0,S,dfS,4.0,-0.485
01 Apr 26,4897.7,4888.0,382.0,S,fgS,4.0,0.195
01 Apr 26,4904.4,4878.3,-1050.0,L,onL,4.0,-0.5352
01 Apr 26,4904.4,4878.3,-1050.0,L,onL,4.0,-0.5352
02 Apr 26,4737.0,4766.8,1186.0,L,loL,4.0,0.6259
02 Apr 26,4734.8,4764.2,1170.0,L,dfL,4.0,0.6178
02 Apr 26,4785.5,4775.8,382.0,S,fgS,4.0,0.1996
02 Apr 26,4785.5,4775.8,382.0,S,fgS,4.0,0.1996
05 Apr 26,4757.8,4746.5,446.0,S,onS,4.0,0.2344
05 Apr 26,4757.8,4782.4,-990.0,S,onS,4.0,-0.5202
06 Apr 26,4766.7,4777.0,406.0,L,onL,4.0,0.2129
06 Apr 26,4766.7,4787.3,818.0,L,onL,4.0,0.429
06 Apr 26,4781.6,4792.0,410.0,L,onL,4.0,0.2144
06 Apr 26,4781.6,4802.3,822.0,L,onL,4.0,0.4298
06 Apr 26,4801.5,4818.6,-690.0,S,loS,4.0,-0.3593
06 Apr 26,4808.5,4786.5,-886.0,L,onL,4.0,-0.4606
06 Apr 26,4808.5,4786.5,-886.0,L,onL,4.0,-0.4606
06 Apr 26,4799.6,4786.3,526.0,S,dfS,4.0,0.274
06 Apr 26,4786.3,4810.3,954.0,L,onL,4.0,0.4983
06 Apr 26,4772.6,4782.3,382.0,L,fgL,4.0,0.2001
06 Apr 26,4772.6,4782.3,382.0,L,fgL,4.0,0.2001
06 Apr 26,4772.6,4771.1,-66.0,L,fgL,4.0,-0.0346
06 Apr 26,4776.9,4768.1,346.0,S,onS,4.0,0.1811
06 Apr 26,4776.9,4759.3,698.0,S,onS,4.0,0.3653
06 Apr 26,4776.7,4767.3,370.0,S,onS,4.0,0.1936
06 Apr 26,4776.7,4758.0,742.0,S,onS,4.0,0.3883
06 Apr 26,4751.2,4772.6,-862.0,S,onS,4.0,-0.4536
06 Apr 26,4751.2,4772.6,-862.0,S,onS,4.0,-0.4536
07 Apr 26,4764.0,4753.6,410.0,S,onS,4.0,0.2152
07 Apr 26,4764.0,4743.3,822.0,S,onS,4.0,0.4314
07 Apr 26,4769.8,4759.7,398.0,S,loS,4.0,0.2086
07 Apr 26,4799.3,4809.5,402.0,L,onL,4.0,0.2094
07 Apr 26,4799.3,4777.4,-882.0,L,onL,4.0,-0.4594
07 Apr 26,4765.4,4773.9,-692.0,S,onS,8.0,-0.1815
07 Apr 26,4773.9,4799.8,1030.0,L,dfL,4.0,0.5394
07 Apr 26,4801.4,4791.7,382.0,S,fgS,4.0,0.1989
07 Apr 26,4789.8,4797.0,-294.0,S,fgS,4.0,-0.1535
07 Apr 26,4837.0,4827.3,382.0,S,fgS,4.0,0.1974
07 Apr 26,4966.7,4942.3,-982.0,L,toL,4.0,-0.4943
08 Apr 26,4931.6,4917.0,578.0,S,loS,4.0,0.293
08 Apr 26,4919.6,4896.6,914.0,S,dfS,4.0,0.4645
08 Apr 26,4839.1,4848.8,382.0,L,fgL,4.0,0.1974
08 Apr 26,4839.1,4848.8,382.0,L,fgL,4.0,0.1974
08 Apr 26,4830.5,4819.5,434.0,S,onS,4.0,0.2246
08 Apr 26,4830.5,4818.6,470.0,S,onS,4.0,0.2432
08 Apr 26,4815.6,4835.4,-798.0,S,toS,4.0,-0.4143
08 Apr 26,4844.3,4835.1,362.0,S,onS,4.0,0.1868
08 Apr 26,4844.3,4826.0,726.0,S,onS,4.0,0.3747
09 Apr 26,4829.9,4851.0,-850.0,S,onS,4.0,-0.44
09 Apr 26,4829.9,4851.0,-850.0,S,onS,4.0,-0.44
09 Apr 26,4845.8,4858.6,506.0,L,onL,4.0,0.2611
09 Apr 26,4845.8,4857.7,470.0,L,onL,4.0,0.2425
09 Apr 26,4859.3,4868.3,708.0,L,onL,8.0,0.1821
09 Apr 26,4868.3,4918.1,-1998.0,S,dfS,4.0,-1.026
09 Apr 26,4878.8,4868.4,410.0,S,onS,4.0,0.2101
09 Apr 26,4878.8,4858.1,822.0,S,onS,4.0,0.4212
09 Apr 26,4872.1,4881.8,382.0,L,fgL,4.0,0.196
10 Apr 26,4882.8,4861.8,-846.0,L,onL,4.0,-0.4332
10 Apr 26,4882.8,4861.8,-846.0,L,onL,4.0,-0.4332
10 Apr 26,4868.9,4884.3,610.0,L,loL,4.0,0.3132
10 Apr 26,4879.4,4889.1,382.0,L,onL,4.0,0.1957
10 Apr 26,4879.4,4898.7,766.0,L,onL,4.0,0.3925
10 Apr 26,4901.7,4864.7,1474.0,S,dfS,4.0,0.7518
10 Apr 26,4891.1,4881.4,382.0,S,fgS,4.0,0.1953
12 Apr 26,4769.0,4794.9,-1042.0,S,onS,4.0,-0.5462
12 Apr 26,4769.0,4794.9,-1042.0,S,onS,4.0,-0.5462
13 Apr 26,4834.0,4824.5,374.0,S,onS,4.0,0.1934
13 Apr 26,4834.0,4855.2,-854.0,S,onS,4.0,-0.4417
13 Apr 26,4852.0,4840.2,-478.0,L,loL,4.0,-0.2463
13 Apr 26,4833.8,4854.5,-834.0,S,dfS,4.0,-0.4313
13 Apr 26,4851.9,4860.5,-350.0,S,fgS,4.0,-0.1803
13 Apr 26,4874.3,4884.6,406.0,L,onL,4.0,0.2082
13 Apr 26,4874.3,4886.2,470.0,L,onL,4.0,0.2411
14 Apr 26,4889.2,4899.5,406.0,L,onL,4.0,0.2076
14 Apr 26,4889.2,4909.8,818.0,L,onL,4.0,0.4183
14 Apr 26,4887.6,4898.9,446.0,L,onL,4.0,0.2281
14 Apr 26,4882.0,4905.0,914.0,L,dfL,4.0,0.468
14 Apr 26,4887.6,4899.5,470.0,L,onL,4.0,0.2404
15 Apr 26,4945.1,4923.7,-862.0,L,onL,4.0,-0.4358
15 Apr 26,4945.1,4923.7,-862.0,L,onL,4.0,-0.4358
15 Apr 26,4930.1,4920.2,390.0,S,onS,4.0,0.1978
15 Apr 26,4930.1,4910.3,786.0,S,onS,4.0,0.3986
15 Apr 26,4923.7,4908.6,598.0,S,loS,4.0,0.3036
15 Apr 26,4925.3,4940.4,598.0,L,dfL,4.0,0.3035
15 Apr 26,4935.3,4940.9,218.0,L,toL,4.0,0.1104
16 Apr 26,4939.9,4929.7,402.0,S,loS,4.0,0.2034
16 Apr 26,4937.3,4921.7,618.0,S,dfS,4.0,0.3129
16 Apr 26,4928.8,4919.0,386.0,S,onS,4.0,0.1958
16 Apr 26,4928.8,4909.3,774.0,S,onS,4.0,0.3926
16 Apr 26,4913.1,4922.8,382.0,L,fgL,4.0,0.1944
16 Apr 26,4913.1,4905.6,-306.0,L,fgL,4.0,-0.1557
16 Apr 26,4910.2,4900.6,378.0,S,onS,4.0,0.1925
16 Apr 26,4902.9,4898.6,166.0,S,toS,4.0,0.0846
16 Apr 26,4910.2,4891.1,758.0,S,onS,4.0,0.3859
17 Apr 26,4905.3,4896.7,338.0,S,onS,4.0,0.1723
17 Apr 26,4905.3,4927.5,-894.0,S,onS,4.0,-0.4556
19 Apr 26,4875.9,4867.8,318.0,S,toS,4.0,0.163
20 Apr 26,4901.1,4891.9,362.0,S,onS,4.0,0.1847
20 Apr 26,4901.1,4923.9,-918.0,S,onS,4.0,-0.4683
20 Apr 26,4924.7,4924.5,-28.0,L,onL,8.0,-0.0071
20 Apr 26,4924.5,4922.8,62.0,S,dfS,4.0,0.0315
21 Apr 26,4909.6,4895.6,-566.0,L,fgL,4.0,-0.2882
21 Apr 26,4895.3,4911.4,638.0,L,loL,4.0,0.3258
21 Apr 26,4876.2,4904.0,1106.0,L,dfL,4.0,0.567
21 Apr 26,4842.4,4852.0,378.0,L,onL,4.0,0.1952
21 Apr 26,4842.4,4861.6,762.0,L,onL,4.0,0.3934
21 Apr 26,4862.2,4872.3,398.0,L,onL,4.0,0.2046
22 Apr 26,4862.2,4882.3,798.0,L,onL,4.0,0.4103
22 Apr 26,4873.1,4882.8,382.0,L,onL,4.0,0.196
22 Apr 26,4873.1,4851.7,-862.0,L,onL,4.0,-0.4422
22 Apr 26,4856.2,4848.3,-322.0,L,dfL,4.0,-0.1658
22 Apr 26,4837.7,4828.0,382.0,S,onS,4.0,0.1974
22 Apr 26,4830.9,4826.4,174.0,S,toS,4.0,0.09
22 Apr 26,4837.7,4818.4,766.0,S,onS,4.0,0.3958
23 Apr 26,4815.4,4805.0,410.0,S,onS,4.0,0.2129
23 Apr 26,4815.4,4794.6,826.0,S,onS,4.0,0.4288
23 Apr 26,4809.1,4829.8,-834.0,S,onS,4.0,-0.4336
23 Apr 26,4809.1,4829.8,-834.0,S,onS,4.0,-0.4336
23 Apr 26,4840.5,4850.3,386.0,L,onL,4.0,0.1994
23 Apr 26,4840.5,4845.6,198.0,L,onL,4.0,0.1023
23 Apr 26,4843.1,4808.7,-1382.0,L,dfL,4.0,-0.7134
23 Apr 26,4803.2,4812.9,382.0,L,fgL,4.0,0.1988
23 Apr 26,4813.0,4804.1,-362.0,L,fgL,4.0,-0.188
23 Apr 26,4809.7,4816.2,254.0,L,toL,4.0,0.132
24 Apr 26,4807.2,4826.6,770.0,L,dfL,4.0,0.4004
24 Apr 26,4820.2,4831.3,438.0,L,onL,4.0,0.2272
24 Apr 26,4820.2,4842.4,882.0,L,onL,4.0,0.4574
27 Apr 26,4833.4,4812.6,-838.0,L,onL,4.0,-0.4334
27 Apr 26,4833.4,4812.6,-838.0,L,onL,4.0,-0.4334
27 Apr 26,4814.5,4804.9,378.0,S,onS,4.0,0.1963
27 Apr 26,4814.5,4803.1,450.0,S,onS,4.0,0.2337
27 Apr 26,4803.1,4791.3,-478.0,L,dfL,4.0,-0.2488
27 Apr 26,4785.7,4790.8,198.0,L,fgL,4.0,0.1034
27 Apr 26,4804.0,4807.9,150.0,L,toL,4.0,0.0781
28 Apr 26,4778.2,4762.2,-646.0,L,fgL,4.0,-0.338
28 Apr 26,4738.4,4723.3,598.0,S,loS,4.0,0.3155
28 Apr 26,4696.5,4667.0,1174.0,S,dfS,4.0,0.6249
28 Apr 26,4700.6,4691.1,374.0,S,onS,4.0,0.1989
29 Apr 26,4700.6,4681.7,750.0,S,onS,4.0,0.3989
29 Apr 26,4675.2,4657.0,722.0,S,onS,4.0,0.3861
29 Apr 26,4675.2,4663.3,470.0,S,onS,4.0,0.2513
29 Apr 26,4658.2,4637.7,814.0,S,onS,4.0,0.4369
29 Apr 26,4658.2,4617.2,1634.0,S,onS,4.0,0.8769
29 Apr 26,4655.2,4664.9,382.0,L,fgL,4.0,0.2051
29 Apr 26,4667.6,4653.6,554.0,S,dfS,4.0,0.2967
29 Apr 26,4635.5,4645.2,382.0,L,fgL,4.0,0.206
29 Apr 26,4635.5,4645.2,382.0,L,fgL,4.0,0.206
29 Apr 26,4635.5,4627.3,-334.0,L,fgL,4.0,-0.1801
29 Apr 26,4664.4,4668.4,154.0,L,toL,4.0,0.0825
29 Apr 26,4672.4,4681.8,370.0,L,onL,4.0,0.198
30 Apr 26,4672.4,4650.2,-894.0,L,onL,4.0,-0.4783
30 Apr 26,4693.8,4719.5,-1034.0,S,loS,4.0,-0.5507
30 Apr 26,4733.2,4744.1,430.0,L,onL,4.0,0.2271
30 Apr 26,4733.2,4744.3,438.0,L,onL,4.0,0.2313
30 Apr 26,4744.3,4745.9,-140.0,S,dfS,8.0,-0.0369
30 Apr 26,4727.7,4728.8,-50.0,S,fgS,4.0,-0.0264
30 Apr 26,4737.4,4732.0,-222.0,L,onL,4.0,-0.1172
01 May 26,4737.4,4716.7,-834.0,L,onL,4.0,-0.4401
01 May 26,4717.6,4707.7,390.0,S,onS,4.0,0.2067
01 May 26,4717.6,4697.8,786.0,S,onS,4.0,0.4165
01 May 26,4700.5,4691.1,370.0,S,onS,4.0,0.1968
01 May 26,4700.5,4681.7,746.0,S,onS,4.0,0.3968
01 May 26,4682.3,4681.1,-54.0,L,loL,4.0,-0.0288
01 May 26,4692.9,4711.9,754.0,L,dfL,4.0,0.4017
01 May 26,4747.0,4737.3,382.0,S,fgS,4.0,0.2012
01 May 26,4747.0,4737.3,382.0,S,fgS,4.0,0.2012
01 May 26,4739.7,4730.0,382.0,S,fgS,4.0,0.2015
03 May 26,4711.0,4704.1,270.0,S,toS,4.0,0.1433
03 May 26,4712.0,4699.5,494.0,S,onS,4.0,0.2621
04 May 26,4712.0,4700.1,470.0,S,onS,4.0,0.2494
04 May 26,4696.6,4685.8,426.0,S,onS,4.0,0.2268
04 May 26,4696.6,4684.7,470.0,S,onS,4.0,0.2502
04 May 26,4684.6,4674.7,390.0,S,onS,4.0,0.2081
04 May 26,4684.6,4664.9,782.0,S,onS,4.0,0.4173
04 May 26,4675.9,4666.6,366.0,S,onS,4.0,0.1957
04 May 26,4675.9,4677.0,-50.0,S,onS,4.0,-0.0267
04 May 26,4677.3,4657.1,802.0,S,dfS,4.0,0.4287
04 May 26,4620.2,4629.9,382.0,L,fgL,4.0,0.2067
04 May 26,4628.1,4632.1,154.0,L,toL,4.0,0.0832
05 May 26,4641.1,4651.7,418.0,L,onL,4.0,0.2252
05 May 26,4641.1,4653.0,470.0,L,onL,4.0,0.2532
05 May 26,4653.0,4666.4,530.0,L,loL,4.0,0.2848
05 May 26,4663.0,4673.5,414.0,L,onL,4.0,0.222
05 May 26,4663.0,4683.9,830.0,L,onL,4.0,0.445
05 May 26,4669.8,4684.6,586.0,L,dfL,4.0,0.3137
05 May 26,4686.7,4697.0,406.0,L,onL,4.0,0.2166
05 May 26,4686.7,4707.2,814.0,L,onL,4.0,0.4342
05 May 26,4707.0,4722.0,594.0,L,toL,4.0,0.3155
05 May 26,4726.6,4736.0,370.0,L,onL,4.0,0.1957
05 May 26,4726.6,4745.4,746.0,L,onL,4.0,0.3946
06 May 26,4757.1,4767.1,394.0,L,onL,4.0,0.2071
06 May 26,4757.1,4769.0,470.0,L,onL,4.0,0.247
06 May 26,4765.7,4796.1,-1222.0,S,loS,4.0,-0.641
06 May 26,4802.4,4812.5,398.0,L,onL,4.0,0.2072
06 May 26,4802.4,4814.3,470.0,L,onL,4.0,0.2447
06 May 26,4781.8,4804.1,886.0,L,dfL,4.0,0.4632
06 May 26,4797.7,4807.4,382.0,L,onL,4.0,0.1991
06 May 26,4797.7,4817.0,766.0,L,onL,4.0,0.3991
07 May 26,4805.4,4814.5,358.0,L,onL,4.0,0.1862
07 May 26,4805.4,4823.5,718.0,L,onL,4.0,0.3735
07 May 26,4848.4,4856.5,318.0,L,loL,4.0,0.164
07 May 26,4845.8,4856.5,844.0,L,onL,8.0,0.2177
07 May 26,4856.5,4835.3,842.0,S,dfS,4.0,0.4334
07 May 26,4802.5,4792.1,-422.0,L,fgL,4.0,-0.2197
07 May 26,4802.5,4812.2,382.0,L,fgL,4.0,0.1989
07 May 26,4802.5,4812.2,382.0,L,fgL,4.0,0.1989
07 May 26,4802.5,4812.2,382.0,L,fgL,4.0,0.1989
07 May 26,4802.5,4812.2,382.0,L,fgL,4.0,0.1989
07 May 26,4808.5,4818.6,398.0,L,toL,4.0,0.2069
07 May 26,4815.2,4826.7,454.0,L,onL,4.0,0.2357
07 May 26,4815.2,4827.1,470.0,L,onL,4.0,0.244
08 May 26,4817.1,4807.5,378.0,S,onS,4.0,0.1962
08 May 26,4817.1,4838.5,-862.0,S,onS,4.0,-0.4474
08 May 26,4835.3,4807.2,1118.0,S,dfS,4.0,0.578
08 May 26,4808.8,4818.5,382.0,L,fgL,4.0,0.1986
10 May 26,4785.9,4779.5,250.0,S,toS,4.0,0.1306
10 May 26,4798.5,4787.1,450.0,S,onS,4.0,0.2344
10 May 26,4798.5,4786.6,470.0,S,onS,4.0,0.2449
11 May 26,4777.3,4769.7,298.0,S,loS,4.0,0.1559
11 May 26,4793.0,4801.9,350.0,L,onL,4.0,0.1826
11 May 26,4793.0,4810.7,702.0,L,onL,4.0,0.3662
11 May 26,4790.9,4811.7,826.0,L,dfL,4.0,0.431
11 May 26,4863.7,4870.5,266.0,L,toL,4.0,0.1367
11 May 26,4856.3,4834.3,-886.0,L,onL,4.0,-0.4561
11 May 26,4856.3,4834.3,-886.0,L,onL,4.0,-0.4561
11 May 26,4831.7,4822.1,378.0,S,onS,4.0,0.1956
12 May 26,4831.7,4819.8,470.0,S,onS,4.0,0.2432
12 May 26,4818.8,4809.3,374.0,S,onS,4.0,0.194
12 May 26,4818.8,4799.9,750.0,S,onS,4.0,0.3891
12 May 26,4805.6,4796.0,378.0,S,onS,4.0,0.1966
12 May 26,4805.6,4793.7,470.0,S,onS,4.0,0.2445
12 May 26,4797.4,4811.6,562.0,L,loL,4.0,0.2929
12 May 26,4811.6,4780.5,1238.0,S,dfS,4.0,0.6432
12 May 26,4810.3,4817.2,-282.0,S,fgS,4.0,-0.1466
13 May 26,4799.6,4806.9,286.0,L,fgL,4.0,0.149
13 May 26,4805.5,4782.6,-922.0,L,loL,4.0,-0.4797
13 May 26,4782.8,4772.7,398.0,S,onS,4.0,0.208
13 May 26,4789.6,4770.8,746.0,S,dfS,4.0,0.3894
13 May 26,4782.8,4782.5,6.0,S,onS,4.0,0.0031
13 May 26,4793.9,4789.9,154.0,S,toS,4.0,0.0803
13 May 26,4791.5,4781.3,402.0,S,onS,4.0,0.2097
14 May 26,4791.5,4771.1,810.0,S,onS,4.0,0.4226
14 May 26,4807.2,4780.0,-1094.0,L,onL,4.0,-0.5689
14 May 26,4807.2,4780.0,-1094.0,L,onL,4.0,-0.5689
14 May 26,4801.3,4779.6,-874.0,L,loL,4.0,-0.4551
14 May 26,4797.2,4779.6,-710.0,L,dfL,4.0,-0.37
14 May 26,4748.5,4741.9,258.0,S,toS,4.0,0.1358
14 May 26,4717.7,4703.9,546.0,S,onS,4.0,0.2893
15 May 26,4717.7,4690.1,1098.0,S,onS,4.0,0.5819
15 May 26,4680.5,4653.9,-1070.0,L,loL,4.0,-0.5715
15 May 26,4653.9,4629.9,954.0,S,dfS,4.0,0.5125
15 May 26,4643.1,4652.8,382.0,L,fgL,4.0,0.2057
15 May 26,4648.5,4632.9,-630.0,L,fgL,4.0,-0.3388
17 May 26,4640.3,4627.3,514.0,S,onS,4.0,0.2769
17 May 26,4640.3,4628.4,470.0,S,onS,4.0,0.2532
17 May 26,4629.0,4621.4,298.0,S,toS,4.0,0.1609
18 May 26,4632.1,4645.9,546.0,L,onL,4.0,0.2947
18 May 26,4632.1,4644.0,470.0,L,onL,4.0,0.2537
18 May 26,4644.6,4631.7,510.0,S,loS,4.0,0.2745
18 May 26,4651.0,4666.0,594.0,L,onL,4.0,0.3193
18 May 26,4651.0,4669.1,718.0,L,onL,4.0,0.3859
18 May 26,4669.1,4639.6,1174.0,S,dfS,4.0,0.6286
18 May 26,4680.4,4657.7,-914.0,L,onL,4.0,-0.4882
18 May 26,4680.4,4657.7,-914.0,L,onL,4.0,-0.4882
18 May 26,4657.9,4668.8,430.0,L,onL,4.0,0.2308
19 May 26,4657.9,4634.9,-926.0,L,onL,4.0,-0.497
19 May 26,4637.8,4626.8,434.0,S,onS,4.0,0.2339
19 May 26,4637.8,4633.0,186.0,S,onS,4.0,0.1003
19 May 26,4633.0,4598.6,-1382.0,L,dfL,4.0,-0.7457
19 May 26,4584.5,4578.8,-234.0,L,fgL,4.0,-0.1276
19 May 26,4590.6,4597.0,250.0,L,toL,4.0,0.1361
19 May 26,4574.1,4562.2,470.0,S,onS,4.0,0.2569
19 May 26,4574.1,4562.2,470.0,S,onS,4.0,0.2569
20 May 26,4558.8,4581.5,-914.0,S,onS,4.0,-0.5012
20 May 26,4558.8,4581.5,-914.0,S,onS,4.0,-0.5012
20 May 26,4579.0,4595.5,654.0,L,loL,4.0,0.3571
20 May 26,4592.3,4602.3,394.0,L,onL,4.0,0.2145
20 May 26,4592.3,4602.7,410.0,L,onL,4.0,0.2232
20 May 26,4642.7,4648.9,242.0,L,toL,4.0,0.1303
21 May 26,4630.6,4619.5,438.0,S,onS,4.0,0.2365
21 May 26,4630.6,4618.7,470.0,S,onS,4.0,0.2537
21 May 26,4617.2,4632.1,-602.0,S,loS,4.0,-0.326
21 May 26,4625.0,4603.4,-870.0,L,onL,4.0,-0.4703
21 May 26,4625.0,4603.4,-870.0,L,onL,4.0,-0.4703
21 May 26,4608.1,4597.9,402.0,S,onS,4.0,0.2181
21 May 26,4608.1,4596.2,470.0,S,onS,4.0,0.255
21 May 26,4613.8,4589.9,950.0,S,dfS,4.0,0.5148
21 May 26,4640.3,4630.6,382.0,S,fgS,4.0,0.2058
21 May 26,4640.3,4651.1,-438.0,S,fgS,4.0,-0.236
21 May 26,4648.1,4638.4,382.0,S,fgS,4.0,0.2055
21 May 26,4624.6,4624.9,-18.0,S,toS,4.0,-0.0097
21 May 26,4626.2,4616.3,390.0,S,onS,4.0,0.2108
22 May 26,4626.2,4606.5,782.0,S,onS,4.0,0.4226
22 May 26,4619.9,4609.9,394.0,S,onS,4.0,0.2132
22 May 26,4619.9,4599.9,794.0,S,onS,4.0,0.4297
22 May 26,4619.5,4597.1,890.0,S,dfS,4.0,0.4817
22 May 26,4601.9,4604.4,94.0,L,fgL,4.0,0.0511
25 May 26,4656.3,4651.2,198.0,S,loS,4.0,0.1063
25 May 26,4666.9,4661.0,230.0,S,dfS,4.0,0.1232
25 May 26,4672.1,4650.0,-890.0,L,onL,4.0,-0.4762
25 May 26,4672.1,4650.0,-890.0,L,onL,4.0,-0.4762
25 May 26,4651.0,4645.6,210.0,S,toS,4.0,0.1129
25 May 26,4644.3,4633.4,430.0,S,onS,4.0,0.2315
25 May 26,4644.3,4622.6,862.0,S,onS,4.0,0.464
26 May 26,4630.4,4620.2,402.0,S,onS,4.0,0.217
26 May 26,4630.4,4618.5,470.0,S,onS,4.0,0.2538
26 May 26,4606.8,4607.9,-100.0,S,onS,8.0,-0.0271
26 May 26,4606.7,4594.1,498.0,S,dfS,4.0,0.2703
26 May 26,4605.9,4596.3,378.0,S,onS,4.0,0.2052
27 May 26,4605.9,4586.8,758.0,S,onS,4.0,0.4114
27 May 26,4574.9,4564.7,402.0,S,loS,4.0,0.2197
27 May 26,4535.2,4503.8,-1262.0,L,dfL,4.0,-0.6957
27 May 26,4535.1,4528.6,254.0,S,toS,4.0,0.14
28 May 26,4480.9,4491.3,410.0,L,loL,4.0,0.2287
29 May 26,4595.4,4606.2,426.0,L,onL,4.0,0.2318
29 May 26,4595.4,4607.3,470.0,L,onL,4.0,0.2557
29 May 26,4608.9,4629.6,-834.0,S,loS,4.0,-0.4524
29 May 26,4618.4,4627.5,358.0,L,onL,4.0,0.1938
29 May 26,4618.4,4636.5,718.0,L,onL,4.0,0.3887
31 May 26,4633.7,4624.3,370.0,S,onS,4.0,0.1996
31 May 26,4633.7,4621.8,470.0,S,onS,4.0,0.2536
01 Jun 26,4609.8,4607.7,-90.0,L,fgL,4.0,-0.0488
01 Jun 26,4604.0,4594.0,394.0,S,onS,4.0,0.2139
01 Jun 26,4604.0,4584.0,794.0,S,onS,4.0,0.4311
01 Jun 26,4593.2,4582.0,442.0,S,loS,4.0,0.2406
01 Jun 26,4586.2,4573.3,510.0,S,onS,4.0,0.278
01 Jun 26,4586.2,4574.3,470.0,S,onS,4.0,0.2562
01 Jun 26,4568.5,4563.8,182.0,S,toS,4.0,0.0996
02 Jun 26,4625.8,4615.4,410.0,S,loS,4.0,0.2216
02 Jun 26,4610.9,4575.2,-1434.0,L,dfL,4.0,-0.7775
02 Jun 26,4572.9,4577.8,190.0,L,fgL,4.0,0.1039
03 Jun 26,4562.3,4550.8,454.0,S,onS,4.0,0.2488
03 Jun 26,4562.3,4550.4,470.0,S,onS,4.0,0.2575
03 Jun 26,4551.4,4536.9,574.0,S,loS,4.0,0.3153
03 Jun 26,4550.3,4524.6,1022.0,S,dfS,4.0,0.5615
03 Jun 26,4533.8,4526.3,-306.0,L,fgL,4.0,-0.1687
03 Jun 26,4536.0,4545.5,374.0,L,onL,4.0,0.2061
03 Jun 26,4536.0,4547.9,470.0,L,onL,4.0,0.259
04 Jun 26,4556.5,4567.5,434.0,L,onL,4.0,0.2381
04 Jun 26,4556.5,4578.5,874.0,L,onL,4.0,0.4795
04 Jun 26,4591.6,4574.8,666.0,S,dfS,4.0,0.3626
04 Jun 26,4562.5,4563.9,-62.0,S,fgS,4.0,-0.034
04 Jun 26,4546.7,4539.5,282.0,S,toS,4.0,0.1551
05 Jun 26,4548.5,4562.4,550.0,L,loL,4.0,0.3023
05 Jun 26,4422.3,4432.0,382.0,L,fgL,4.0,0.216
05 Jun 26,4422.3,4414.1,-334.0,L,fgL,4.0,-0.1888
07 Jun 26,4416.9,4406.9,394.0,S,onS,4.0,0.223
07 Jun 26,4416.9,4396.9,794.0,S,onS,4.0,0.4494
07 Jun 26,4411.7,4396.5,602.0,S,onS,4.0,0.3411
07 Jun 26,4411.7,4399.8,470.0,S,onS,4.0,0.2663
08 Jun 26,4404.3,4392.8,454.0,S,onS,4.0,0.2577
08 Jun 26,4404.3,4381.4,910.0,S,onS,4.0,0.5165
08 Jun 26,4387.2,4375.3,470.0,S,onS,4.0,0.2678
08 Jun 26,4387.2,4375.3,470.0,S,onS,4.0,0.2678
08 Jun 26,4370.7,4396.0,-1018.0,S,onS,4.0,-0.5823
08 Jun 26,4370.7,4396.0,-1018.0,S,onS,4.0,-0.5823
08 Jun 26,4409.6,4421.2,458.0,L,onL,4.0,0.2597
08 Jun 26,4409.6,4421.5,470.0,L,onL,4.0,0.2665
08 Jun 26,4411.8,4422.1,406.0,L,dfL,4.0,0.2301
08 Jun 26,4399.5,4413.1,-550.0,S,toS,4.0,-0.3125
09 Jun 26,4419.9,4436.0,638.0,L,onL,4.0,0.3609
09 Jun 26,4419.9,4427.9,314.0,L,onL,4.0,0.1776
09 Jun 26,4427.9,4413.7,562.0,S,dfS,4.0,0.3173
09 Jun 26,4417.8,4440.0,-894.0,S,onS,4.0,-0.5059
09 Jun 26,4417.8,4440.0,-894.0,S,onS,4.0,-0.5059
09 Jun 26,4339.6,4344.1,174.0,L,fgL,4.0,0.1002
09 Jun 26,4293.4,4275.4,714.0,S,toS,4.0,0.4158
10 Jun 26,4223.0,4266.9,1750.0,L,dfL,4.0,1.036
10 Jun 26,4166.5,4191.8,-1018.0,S,onS,4.0,-0.6108
10 Jun 26,4166.5,4191.8,-1018.0,S,onS,4.0,-0.6108
11 Jun 26,4188.0,4164.7,-938.0,L,onL,4.0,-0.5599
11 Jun 26,4188.0,4164.7,-938.0,L,onL,4.0,-0.5599
11 Jun 26,4159.6,4204.9,-1818.0,S,dfS,4.0,-1.0927
12 Jun 26,4278.9,4269.2,382.0,S,fgS,4.0,0.2232
12 Jun 26,4259.7,4282.9,-934.0,S,loS,4.0,-0.5482
12 Jun 26,4271.3,4292.9,858.0,L,dfL,4.0,0.5022
14 Jun 26,4373.4,4378.7,206.0,L,toL,4.0,0.1178
14 Jun 26,4373.0,4382.8,386.0,L,onL,4.0,0.2207
14 Jun 26,4373.0,4392.6,778.0,L,onL,4.0,0.4448
15 Jun 26,4391.6,4400.3,342.0,L,onL,4.0,0.1947
15 Jun 26,4391.6,4408.9,686.0,L,onL,4.0,0.3905
15 Jun 26,4418.6,4429.5,860.0,L,onL,8.0,0.2433
15 Jun 26,4429.5,4412.4,678.0,S,dfS,4.0,0.3827
15 Jun 26,4408.9,4399.2,382.0,S,fgS,4.0,0.2166
15 Jun 26,4401.9,4405.9,154.0,L,toL,4.0,0.0875
15 Jun 26,4397.3,4407.0,382.0,L,fgL,4.0,0.2172
16 Jun 26,4408.9,4399.2,382.0,S,fgS,4.0,0.2166
16 Jun 26,4409.0,4416.4,290.0,L,loL,4.0,0.1644
16 Jun 26,4432.7,4419.5,522.0,S,dfS,4.0,0.2944
16 Jun 26,4411.6,4408.3,126.0,S,toS,4.0,0.0714
17 Jun 26,4424.1,4413.3,-876.0,L,onL,8.0,-0.2475
17 Jun 26,4413.3,4452.1,-1558.0,S,dfS,4.0,-0.8826
17 Jun 26,4374.2,4388.6,570.0,L,toL,4.0,0.3258
18 Jun 26,4388.2,4365.0,-934.0,L,loL,4.0,-0.5321
18 Jun 26,4319.2,4310.7,-346.0,L,dfL,4.0,-0.2003
18 Jun 26,4264.6,4263.6,34.0,S,toS,4.0,0.0199
19 Jun 26,4234.5,4250.1,618.0,L,loL,4.0,0.3649
21 Jun 26,4224.8,4242.3,694.0,L,dfL,4.0,0.4107
21 Jun 26,4224.5,4216.3,322.0,S,toS,4.0,0.1906
21 Jun 26,4219.4,4243.8,-982.0,S,onS,4.0,-0.5818
21 Jun 26,4219.4,4243.8,-982.0,S,onS,4.0,-0.5818
22 Jun 26,4279.3,4268.6,-434.0,L,loL,4.0,-0.2535
22 Jun 26,4278.4,4260.3,-730.0,L,dfL,4.0,-0.4266
22 Jun 26,4273.3,4275.5,82.0,L,toL,4.0,0.048
22 Jun 26,4236.1,4222.1,554.0,S,onS,4.0,0.327
23 Jun 26,4236.1,4224.2,470.0,S,onS,4.0,0.2774
23 Jun 26,4215.6,4201.3,566.0,S,onS,4.0,0.3357
23 Jun 26,4215.6,4203.7,470.0,S,onS,4.0,0.2787
23 Jun 26,4191.3,4210.2,750.0,L,dfL,4.0,0.4474
23 Jun 26,4210.3,4200.2,-410.0,L,fgL,4.0,-0.2435
23 Jun 26,4167.3,4160.5,266.0,S,toS,4.0,0.1596
23 Jun 26,4168.2,4147.7,814.0,S,onS,4.0,0.4882
23 Jun 26,4168.2,4156.3,470.0,S,onS,4.0,0.2819
23 Jun 26,4166.2,4147.7,734.0,S,onS,4.0,0.4404
23 Jun 26,4166.2,4129.2,1474.0,S,onS,4.0,0.8845
24 Jun 26,4137.5,4161.3,-958.0,S,onS,4.0,-0.5789
24 Jun 26,4137.5,4161.3,-958.0,S,onS,4.0,-0.5789
24 Jun 26,4164.9,4157.5,290.0,S,loS,4.0,0.1741
24 Jun 26,4122.7,4104.6,718.0,S,onS,4.0,0.4354
24 Jun 26,4122.7,4086.6,1438.0,S,onS,4.0,0.872
24 Jun 26,4082.5,4117.5,1394.0,L,dfL,4.0,0.8536
24 Jun 26,4087.1,4071.9,-614.0,L,fgL,4.0,-0.3756
24 Jun 26,4062.3,4072.0,382.0,L,fgL,4.0,0.2351
24 Jun 26,4057.2,4066.9,382.0,L,fgL,4.0,0.2354
24 Jun 26,4082.7,4090.0,286.0,L,toL,4.0,0.1751
24 Jun 26,4088.3,4055.0,-1338.0,L,onL,4.0,-0.8182
24 Jun 26,4088.3,4055.0,-1338.0,L,onL,4.0,-0.8182
24 Jun 26,4075.2,4065.3,390.0,S,onS,4.0,0.2393
24 Jun 26,4075.2,4055.5,782.0,S,onS,4.0,0.4797
25 Jun 26,4056.0,4078.8,-918.0,S,onS,4.0,-0.5658
25 Jun 26,4056.0,4078.8,-918.0,S,onS,4.0,-0.5658
25 Jun 26,4089.2,4109.2,-806.0,S,dfS,4.0,-0.4928
25 Jun 26,4112.9,4103.2,382.0,S,fgS,4.0,0.2322
25 Jun 26,4092.2,4100.8,-350.0,S,toS,4.0,-0.2138
26 Jun 26,4069.2,4091.2,-886.0,S,onS,4.0,-0.5443
26 Jun 26,4069.2,4091.2,-886.0,S,onS,4.0,-0.5443
26 Jun 26,4086.6,4097.7,438.0,L,onL,4.0,0.2679
26 Jun 26,4086.6,4098.5,470.0,L,onL,4.0,0.2875
26 Jun 26,4103.2,4114.9,462.0,L,onL,4.0,0.2815
26 Jun 26,4103.2,4126.6,930.0,L,onL,4.0,0.5666
26 Jun 26,4125.0,4135.9,430.0,L,onL,4.0,0.2606
26 Jun 26,4125.0,4125.7,22.0,L,onL,4.0,0.0133
26 Jun 26,4125.7,4152.0,-1058.0,S,dfS,4.0,-0.6411
29 Jun 26,4142.6,4120.7,-882.0,L,onL,4.0,-0.5323
29 Jun 26,4142.6,4120.7,-882.0,L,onL,4.0,-0.5323
29 Jun 26,4136.1,4119.5,-670.0,L,loL,4.0,-0.405
29 Jun 26,4123.2,4108.4,586.0,S,dfS,4.0,0.3553
29 Jun 26,4112.9,4102.9,394.0,S,onS,4.0,0.2395
29 Jun 26,4112.9,4092.9,794.0,S,onS,4.0,0.4826
29 Jun 26,4091.9,4091.6,-18.0,L,fgL,4.0,-0.011
29 Jun 26,4084.4,4078.4,234.0,S,toS,4.0,0.1432
30 Jun 26,4035.9,4058.9,-926.0,S,onS,4.0,-0.5736
30 Jun 26,4035.9,4058.9,-926.0,S,onS,4.0,-0.5736
30 Jun 26,4103.1,4111.1,314.0,L,loL,4.0,0.1913
30 Jun 26,4085.9,4101.6,622.0,L,dfL,4.0,0.3806
30 Jun 26,4074.9,4066.5,330.0,S,toS,4.0,0.2025
30 Jun 26,4060.5,4048.8,462.0,S,onS,4.0,0.2844
30 Jun 26,4060.5,4057.5,114.0,S,onS,4.0,0.0702
01 Jul 26,4053.5,4043.1,410.0,S,onS,4.0,0.2529
01 Jul 26,4053.5,4041.6,470.0,S,onS,4.0,0.2899
01 Jul 26,4043.6,4071.8,-1134.0,S,loS,4.0,-0.7011
01 Jul 26,4100.2,4110.0,386.0,L,onL,4.0,0.2354
01 Jul 26,4100.2,4119.8,778.0,L,onL,4.0,0.4744
01 Jul 26,4096.6,4120.3,942.0,L,dfL,4.0,0.5749
01 Jul 26,4119.6,4140.9,-858.0,S,onS,4.0,-0.5207
01 Jul 26,4119.6,4140.9,-858.0,S,onS,4.0,-0.5207
01 Jul 26,4120.3,4132.1,466.0,L,onL,4.0,0.2827
01 Jul 26,4120.3,4143.9,938.0,L,onL,4.0,0.5691
02 Jul 26,4141.6,4132.7,350.0,S,loS,4.0,0.2113
02 Jul 26,4133.6,4159.4,-1038.0,S,onS,4.0,-0.6278
02 Jul 26,4133.6,4159.4,-1038.0,S,onS,4.0,-0.6278
02 Jul 26,4215.7,4178.2,1494.0,S,dfS,4.0,0.886
02 Jul 26,4191.5,4181.8,382.0,S,fgS,4.0,0.2278
02 Jul 26,4191.5,4181.8,382.0,S,fgS,4.0,0.2278
02 Jul 26,4192.1,4197.6,-226.0,S,fgS,4.0,-0.1348
02 Jul 26,4206.9,4211.2,166.0,L,toL,4.0,0.0986
03 Jul 26,4251.1,4230.7,-822.0,L,onL,4.0,-0.4834
03 Jul 26,4251.1,4230.7,-822.0,L,onL,4.0,-0.4834
05 Jul 26,4244.7,4254.0,366.0,L,dfL,4.0,0.2156
05 Jul 26,4250.8,4259.5,-354.0,S,toS,4.0,-0.2082
06 Jul 26,4247.3,4231.4,630.0,S,onS,4.0,0.3708
06 Jul 26,4247.3,4235.4,470.0,S,onS,4.0,0.2766
06 Jul 26,4227.5,4217.0,414.0,S,onS,4.0,0.2448
06 Jul 26,4227.5,4206.5,834.0,S,onS,4.0,0.4932
06 Jul 26,4219.8,4232.3,-506.0,S,dfS,4.0,-0.2998
06 Jul 26,4232.3,4230.1,82.0,S,toS,4.0,0.0484
07 Jul 26,4201.8,4210.4,338.0,L,loL,4.0,0.2011
07 Jul 26,4240.3,4241.4,76.0,L,onL,8.0,0.0224
07 Jul 26,4241.4,4219.0,890.0,S,dfS,4.0,0.5246
07 Jul 26,4210.4,4220.1,382.0,L,fgL,4.0,0.2268
07 Jul 26,4210.4,4203.1,-298.0,L,fgL,4.0,-0.1769
07 Jul 26,4186.9,4175.6,-458.0,L,fgL,4.0,-0.2735
08 Jul 26,4189.5,4178.7,426.0,S,loS,4.0,0.2542
08 Jul 26,4150.4,4128.7,862.0,S,dfS,4.0,0.5192
08 Jul 26,4141.7,4138.9,106.0,S,toS,4.0,0.064
09 Jul 26,4178.6,4189.1,414.0,L,loL,4.0,0.2477
09 Jul 26,4192.5,4202.9,410.0,L,onL,4.0,0.2445
09 Jul 26,4192.5,4194.7,82.0,L,onL,4.0,0.0489
09 Jul 26,4201.2,4191.5,382.0,S,fgS,4.0,0.2273
09 Jul 26,4188.3,4185.4,110.0,S,toS,4.0,0.0657
10 Jul 26,4179.1,4173.1,234.0,S,loS,4.0,0.14
10 Jul 26,4165.6,4181.8,642.0,L,dfL,4.0,0.3853
12 Jul 26,4150.0,4156.4,250.0,L,toL,4.0,0.1506
12 Jul 26,4147.5,4136.8,422.0,S,onS,4.0,0.2544
12 Jul 26,4147.5,4126.2,846.0,S,onS,4.0,0.5099
13 Jul 26,4128.0,4116.4,458.0,S,onS,4.0,0.2774
13 Jul 26,4133.4,4117.9,614.0,S,dfS,4.0,0.3714
13 Jul 26,4128.0,4104.9,918.0,S,onS,4.0,0.556
13 Jul 26,4060.4,4055.8,178.0,S,toS,4.0,0.1096
13 Jul 26,4072.7,4061.8,430.0,S,onS,4.0,0.264
14 Jul 26,4072.7,4094.5,-878.0,S,onS,4.0,-0.539
14 Jul 26,4089.8,4099.9,398.0,L,onL,4.0,0.2433
14 Jul 26,4089.8,4109.9,798.0,L,onL,4.0,0.4878
14 Jul 26,4140.5,4150.1,378.0,L,onL,4.0,0.2282
14 Jul 26,4140.5,4148.2,302.0,L,onL,4.0,0.1823
14 Jul 26,4102.9,4095.7,-294.0,L,fgL,4.0,-0.1791
15 Jul 26,4096.0,4088.2,306.0,S,loS,4.0,0.1868
15 Jul 26,4134.5,4111.0,934.0,S,dfS,4.0,0.5648
15 Jul 26,4141.1,4149.1,-326.0,S,fgS,4.0,-0.1968
15 Jul 26,4126.4,4105.9,-826.0,L,onL,4.0,-0.5004
15 Jul 26,4126.4,4105.9,-826.0,L,onL,4.0,-0.5004
16 Jul 26,4097.8,4086.8,434.0,S,onS,4.0,0.2648
16 Jul 26,4097.8,4085.9,470.0,S,onS,4.0,0.2867
16 Jul 26,4064.5,4050.1,-582.0,L,dfL,4.0,-0.358
16 Jul 26,4043.6,4064.2,-830.0,S,onS,4.0,-0.5132
16 Jul 26,4043.6,4064.2,-830.0,S,onS,4.0,-0.5132
17 Jul 26,4060.3,4049.9,-422.0,L,fgL,4.0,-0.2598
17 Jul 26,4052.3,4033.9,730.0,S,onS,4.0,0.4504
17 Jul 26,4052.3,4028.0,966.0,S,onS,4.0,0.596
17 Jul 26,4028.0,4054.5,1054.0,L,dfL,4.0,0.6542
19 Jul 26,4051.1,4047.2,150.0,S,toS,4.0,0.0926
19 Jul 26,4057.0,4080.3,-938.0,S,onS,4.0,-0.578
19 Jul 26,4057.0,4080.3,-938.0,S,onS,4.0,-0.578
19 Jul 26,4067.0,4076.8,386.0,L,onL,4.0,0.2373
19 Jul 26,4067.0,4086.6,778.0,L,onL,4.0,0.4782
20 Jul 26,4088.2,4098.8,418.0,L,onL,4.0,0.2556
20 Jul 26,4088.2,4100.1,470.0,L,onL,4.0,0.2874
20 Jul 26,4077.2,4067.4,386.0,S,onS,4.0,0.2367
20 Jul 26,4077.2,4072.9,166.0,S,onS,4.0,0.1018
20 Jul 26,4080.5,4069.1,450.0,S,dfS,4.0,0.2757
20 Jul 26,4079.2,4086.1,270.0,L,toL,4.0,0.1655
21 Jul 26,4137.9,4126.8,438.0,S,loS,4.0,0.2646
21 Jul 26,4114.6,4131.0,650.0,L,dfL,4.0,0.3949
21 Jul 26,4144.7,4141.8,-122.0,L,onL,4.0,-0.0736
21 Jul 26,4144.7,4153.8,358.0,L,onL,4.0,0.2159
21 Jul 26,4185.1,4203.4,726.0,L,onL,4.0,0.4337
21 Jul 26,4185.1,4197.0,470.0,L,onL,4.0,0.2808
22 Jul 26,4188.9,4203.3,570.0,L,dfL,4.0,0.3402
22 Jul 26,4192.5,4212.2,782.0,L,onL,4.0,0.4663
22 Jul 26,4192.5,4204.4,470.0,L,onL,4.0,0.2803
22 Jul 26,4192.4,4198.2,226.0,L,toL,4.0,0.1348
23 Jul 26,4168.9,4148.0,830.0,S,loS,4.0,0.4977
23 Jul 26,4126.1,4106.7,-782.0,L,dfL,4.0,-0.4738
23 Jul 26,4108.1,4105.9,82.0,S,toS,4.0,0.0499
23 Jul 26,4112.3,4103.4,350.0,S,onS,4.0,0.2128
23 Jul 26,4112.3,4094.6,702.0,S,onS,4.0,0.4268
24 Jul 26,4095.0,4085.6,370.0,S,onS,4.0,0.2259
24 Jul 26,4095.0,4116.1,-850.0,S,onS,4.0,-0.5189
24 Jul 26,4108.1,4123.2,598.0,L,loL,4.0,0.3639
24 Jul 26,4122.4,4131.7,366.0,L,onL,4.0,0.222
24 Jul 26,4113.5,4132.3,746.0,L,dfL,4.0,0.4534
24 Jul 26,4122.4,4124.6,82.0,L,onL,4.0,0.0497
24 Jul 26,4143.1,4133.4,382.0,S,fgS,4.0,0.2305
26 Jul 26,4159.1,4164.7,218.0,L,toL,4.0,0.131
27 Jul 26,4157.4,4166.8,370.0,L,onL,4.0,0.2225
27 Jul 26,4157.4,4152.0,-222.0,L,onL,4.0,-0.1335
27 Jul 26,4152.0,4137.8,562.0,S,dfS,4.0,0.3384
27 Jul 26,4131.1,4128.5,98.0,S,toS,4.0,0.0593
28 Jul 26,4106.3,4097.3,354.0,S,onS,4.0,0.2155
28 Jul 26,4106.3,4088.3,714.0,S,onS,4.0,0.4347
28 Jul 26,4092.0,4081.8,402.0,S,onS,4.0,0.2456
28 Jul 26,4096.2,4078.6,698.0,S,dfS,4.0,0.426
28 Jul 26,4092.0,4071.7,806.0,S,onS,4.0,0.4924
28 Jul 26,4093.3,4103.0,382.0,L,fgL,4.0,0.2333
28 Jul 26,4101.4,4094.5,-282.0,L,fgL,4.0,-0.1719
28 Jul 26,4087.6,4070.6,-686.0,L,toL,4.0,-0.4196
29 Jul 26,4082.3,4092.1,386.0,L,fgL,4.0,0.2364
29 Jul 26,4104.7,4090.5,-574.0,L,loL,4.0,-0.3496
29 Jul 26,4082.5,4068.0,574.0,S,dfS,4.0,0.3515
29 Jul 26,4075.2,4065.4,386.0,S,onS,4.0,0.2368
29 Jul 26,4075.2,4055.7,774.0,S,onS,4.0,0.4748
29 Jul 26,4153.7,4144.0,382.0,S,fgS,4.0,0.2299
29 Jul 26,4153.7,4144.0,382.0,S,fgS,4.0,0.2299
29 Jul 26,4140.0,4131.5,334.0,S,toS,4.0,0.2017
29 Jul 26,4140.2,4108.3,-1282.0,L,onL,4.0,-0.7741
29 Jul 26,4140.2,4108.3,-1282.0,L,onL,4.0,-0.7741
30 Jul 26,4101.8,4092.5,366.0,S,onS,4.0,0.2231
30 Jul 26,4101.8,4122.3,-826.0,S,onS,4.0,-0.5034
30 Jul 26,4125.1,4135.1,394.0,L,onL,4.0,0.2388
30 Jul 26,4125.1,4145.1,794.0,L,onL,4.0,0.4812
30 Jul 26,4128.6,4151.7,918.0,L,dfL,4.0,0.5559
30 Jul 26,4178.3,4168.6,382.0,S,fgS,4.0,0.2286
30 Jul 26,4157.0,4150.9,238.0,S,toS,4.0,0.1431
31 Jul 26,4135.8,4127.1,342.0,S,onS,4.0,0.2067
31 Jul 26,4135.8,4118.5,686.0,S,onS,4.0,0.4147
31 Jul 26,4118.8,4118.6,-14.0,L,loL,4.0,-0.0085
31 Jul 26,4120.3,4108.8,454.0,S,onS,4.0,0.2755
31 Jul 26,4120.3,4097.4,910.0,S,onS,4.0,0.5521
31 Jul 26,4097.4,4108.9,454.0,L,dfL,4.0,0.277
02 Aug 26,4133.4,4112.9,-826.0,L,toL,4.0,-0.4996
02 Aug 26,4111.3,4122.1,426.0,L,onL,4.0,0.259
03 Aug 26,4111.3,4087.8,-946.0,L,onL,4.0,-0.5752
03 Aug 26,4114.0,4117.8,146.0,L,toL,4.0,0.0887
04 Aug 26,4120.8,4127.1,246.0,L,loL,4.0,0.1492
04 Aug 26,4123.9,4139.8,630.0,L,dfL,4.0,0.3819
04 Aug 26,4138.7,4134.2,174.0,S,fgS,4.0,0.1051
04 Aug 26,4155.0,4164.1,358.0,L,onL,4.0,0.2154
04 Aug 26,4155.0,4173.1,718.0,L,onL,4.0,0.432
05 Aug 26,4227.7,4210.8,670.0,S,loS,4.0,0.3962
05 Aug 26,4251.9,4272.4,814.0,L,dfL,4.0,0.4786
05 Aug 26,4303.8,4307.8,-166.0,S,fgS,4.0,-0.0964
05 Aug 26,4330.9,4341.4,414.0,L,toL,4.0,0.239
05 Aug 26,4349.8,4325.6,-974.0,L,onL,4.0,-0.5598
05 Aug 26,4349.8,4325.6,-974.0,L,onL,4.0,-0.5598
06 Aug 26,4320.5,4333.5,514.0,L,onL,4.0,0.2974
06 Aug 26,4320.5,4332.4,470.0,L,onL,4.0,0.272
06 Aug 26,4321.4,4312.5,350.0,S,onS,4.0,0.2025
06 Aug 26,4321.4,4303.6,706.0,S,onS,4.0,0.4084
06 Aug 26,4314.1,4301.1,-526.0,L,dfL,4.0,-0.3048
06 Aug 26,4308.8,4287.0,-878.0,L,toL,4.0,-0.5094
07 Aug 26,4321.1,4333.7,-510.0,S,fgS,4.0,-0.2951
07 Aug 26,4350.6,4372.3,-874.0,S,loS,4.0,-0.5022
07 Aug 26,4432.2,4399.0,1322.0,S,dfS,4.0,0.7457
09 Aug 26,4402.4,4395.2,-294.0,L,onL,4.0,-0.167
09 Aug 26,4402.4,4380.2,-894.0,L,onL,4.0,-0.5077
10 Aug 26,4389.4,4412.5,-930.0,S,onS,4.0,-0.5297
10 Aug 26,4389.4,4412.5,-930.0,S,onS,4.0,-0.5297
10 Aug 26,4405.8,4416.6,426.0,L,onL,4.0,0.2417
10 Aug 26,4405.8,4382.3,-946.0,L,onL,4.0,-0.5368
10 Aug 26,4392.5,4377.6,590.0,S,dfS,4.0,0.3358
10 Aug 26,4418.2,4428.3,-410.0,S,fgS,4.0,-0.232
10 Aug 26,4466.3,4472.4,238.0,L,toL,4.0,0.1332
11 Aug 26,4424.5,4452.6,-1130.0,S,onS,4.0,-0.6385
11 Aug 26,4424.5,4452.6,-1130.0,S,onS,4.0,-0.6385
11 Aug 26,4447.1,4458.8,462.0,L,onL,4.0,0.2597
11 Aug 26,4447.1,4458.2,438.0,L,onL,4.0,0.2462
11 Aug 26,4458.2,4438.1,798.0,S,dfS,4.0,0.4475
11 Aug 26,4438.7,4429.0,382.0,S,fgS,4.0,0.2152
11 Aug 26,4439.1,4447.3,322.0,L,toL,4.0,0.1813
11 Aug 26,4449.5,4460.0,414.0,L,onL,4.0,0.2326
11 Aug 26,4449.5,4470.4,830.0,L,onL,4.0,0.4663
12 Aug 26,4469.2,4448.7,-826.0,L,onL,4.0,-0.4621
12 Aug 26,4469.2,4448.7,-826.0,L,onL,4.0,-0.4621
12 Aug 26,4451.1,4460.9,386.0,L,onL,4.0,0.2168
12 Aug 26,4451.1,4463.0,470.0,L,onL,4.0,0.264
12 Aug 26,4469.6,4479.0,370.0,L,onL,4.0,0.207
12 Aug 26,4469.6,4488.4,746.0,L,onL,4.0,0.4173
12 Aug 26,4499.1,4464.8,1366.0,S,dfS,4.0,0.759
12 Aug 26,4468.6,4458.9,382.0,S,fgS,4.0,0.2137
12 Aug 26,4473.0,4478.9,230.0,L,toL,4.0,0.1285
13 Aug 26,4464.4,4455.4,354.0,S,onS,4.0,0.1982
13 Aug 26,4464.4,4446.5,710.0,S,onS,4.0,0.3976
13 Aug 26,4432.9,4424.1,346.0,S,loS,4.0,0.1951
13 Aug 26,4434.1,4455.2,-850.0,S,onS,4.0,-0.4792
13 Aug 26,4434.1,4455.2,-850.0,S,onS,4.0,-0.4792
13 Aug 26,4453.0,4441.4,458.0,S,onS,4.0,0.2571
13 Aug 26,4453.0,4429.9,918.0,S,onS,4.0,0.5154
13 Aug 26,4397.2,4387.4,386.0,S,onS,4.0,0.2195
13 Aug 26,4397.2,4377.7,774.0,S,onS,4.0,0.4401
13 Aug 26,4376.2,4366.0,402.0,S,onS,4.0,0.2297
14 Aug 26,4376.2,4398.8,-910.0,S,onS,4.0,-0.5199
14 Aug 26,4397.2,4404.4,-294.0,S,loS,4.0,-0.1672
14 Aug 26,4433.3,4442.6,366.0,L,onL,4.0,0.2064
14 Aug 26,4428.1,4446.7,738.0,L,dfL,4.0,0.4167
14 Aug 26,4433.3,4451.8,734.0,L,onL,4.0,0.4139
16 Aug 26,4437.4,4446.6,362.0,L,onL,4.0,0.2039
16 Aug 26,4437.4,4455.7,726.0,L,onL,4.0,0.409
17 Aug 26,4450.1,4459.5,370.0,L,onL,4.0,0.2079
17 Aug 26,4450.1,4468.8,742.0,L,onL,4.0,0.4168
17 Aug 26,4465.2,4472.7,-306.0,S,fgS,4.0,-0.1713
17 Aug 26,4484.6,4493.4,346.0,L,toL,4.0,0.1929
17 Aug 26,4477.6,4457.1,-826.0,L,onL,4.0,-0.4612
17 Aug 26,4477.6,4457.1,-826.0,L,onL,4.0,-0.4612
17 Aug 26,4457.5,4446.7,426.0,S,onS,4.0,0.2389
18 Aug 26,4457.5,4446.3,442.0,S,onS,4.0,0.2479
18 Aug 26,4446.3,4460.3,554.0,L,dfL,4.0,0.3115
18 Aug 26,4395.5,4384.9,-430.0,L,fgL,4.0,-0.2446
18 Aug 26,4396.3,4393.5,-118.0,L,toL,4.0,-0.0671
19 Aug 26,4411.5,4421.0,374.0,L,onL,4.0,0.2119
19 Aug 26,4411.5,4430.4,750.0,L,onL,4.0,0.425
19 Aug 26,4477.9,4507.5,-1190.0,S,dfS,4.0,-0.6644
19 Aug 26,4513.2,4530.6,690.0,L,onL,4.0,0.3822
19 Aug 26,4513.2,4548.0,1386.0,L,onL,4.0,0.7677
19 Aug 26,4575.7,4552.9,-918.0,L,onL,4.0,-0.5016
19 Aug 26,4575.7,4552.9,-918.0,L,onL,4.0,-0.5016
20 Aug 26,4544.4,4527.5,670.0,S,onS,4.0,0.3686
20 Aug 26,4544.4,4510.6,1346.0,S,onS,4.0,0.7405
20 Aug 26,4519.1,4542.9,-958.0,S,onS,4.0,-0.53
20 Aug 26,4519.1,4542.9,-958.0,S,onS,4.0,-0.53
20 Aug 26,4571.8,4583.5,-474.0,S,fgS,4.0,-0.2592
20 Aug 26,4572.9,4565.6,286.0,S,toS,4.0,0.1564
21 Aug 26,4621.7,4631.3,378.0,L,loL,4.0,0.2045
21 Aug 26,4619.7,4638.7,754.0,L,onL,4.0,0.408
21 Aug 26,4619.7,4657.7,1514.0,L,onL,4.0,0.8193
21 Aug 26,4639.0,4657.0,714.0,L,onL,4.0,0.3848
21 Aug 26,4639.0,4650.9,470.0,L,onL,4.0,0.2533
21 Aug 26,4643.1,4680.8,-1514.0,S,dfS,4.0,-0.8152
23 Aug 26,4680.3,4689.1,346.0,L,toL,4.0,0.1848
23 Aug 26,4684.9,4658.2,-1074.0,L,onL,4.0,-0.5731
23 Aug 26,4684.9,4658.2,-1074.0,L,onL,4.0,-0.5731
24 Aug 26,4691.8,4712.9,838.0,L,onL,4.0,0.4465
24 Aug 26,4691.8,4703.7,470.0,L,onL,4.0,0.2504
24 Aug 26,4702.7,4689.9,506.0,S,loS,4.0,0.269
24 Aug 26,4691.3,4703.8,494.0,L,onL,4.0,0.2633
24 Aug 26,4691.3,4716.3,994.0,L,onL,4.0,0.5297
24 Aug 26,4714.1,4727.6,1068.0,L,onL,8.0,0.2832
24 Aug 26,4727.6,4705.9,862.0,S,dfS,4.0,0.4558
24 Aug 26,4719.5,4709.8,382.0,S,fgS,4.0,0.2024
24 Aug 26,4739.4,4746.9,294.0,L,toL,4.0,0.1551
24 Aug 26,4707.8,4695.7,478.0,S,onS,4.0,0.2538
24 Aug 26,4707.8,4683.7,958.0,S,onS,4.0,0.5087
25 Aug 26,4686.8,4708.3,-866.0,S,onS,4.0,-0.4619
25 Aug 26,4686.8,4708.3,-866.0,S,onS,4.0,-0.4619
25 Aug 26,4705.4,4684.7,-834.0,L,onL,4.0,-0.4431
25 Aug 26,4705.4,4684.7,-834.0,L,onL,4.0,-0.4431
25 Aug 26,4685.2,4682.0,-134.0,L,loL,4.0,-0.0715
25 Aug 26,4697.1,4678.1,754.0,S,dfS,4.0,0.4013
25 Aug 26,4686.2,4674.4,466.0,S,onS,4.0,0.2486
25 Aug 26,4686.2,4674.3,470.0,S,onS,4.0,0.2507
25 Aug 26,4709.8,4700.1,382.0,S,fgS,4.0,0.2028
25 Aug 26,4709.8,4724.8,-606.0,S,fgS,4.0,-0.3217
25 Aug 26,4711.3,4710.0,-58.0,L,onL,4.0,-0.0308
25 Aug 26,4711.3,4690.8,-826.0,L,onL,4.0,-0.4383
26 Aug 26,4690.7,4683.0,302.0,S,loS,4.0,0.161
26 Aug 26,4664.2,4653.8,-422.0,L,dfL,4.0,-0.2262
26 Aug 26,4689.9,4680.2,382.0,S,fgS,4.0,0.2036
27 Aug 26,4654.0,4645.2,346.0,S,loS,4.0,0.1859
27 Aug 26,4639.3,4665.8,1054.0,L,dfL,4.0,0.568
27 Aug 26,4668.1,4658.4,382.0,S,fgS,4.0,0.2046
27 Aug 26,4668.1,4658.4,382.0,S,fgS,4.0,0.2046
27 Aug 26,4645.0,4647.2,-94.0,S,toS,4.0,-0.0506
28 Aug 26,4638.9,4628.3,418.0,S,onS,4.0,0.2253
28 Aug 26,4638.9,4660.5,-870.0,S,onS,4.0,-0.4689
28 Aug 26,4662.9,4656.1,-278.0,L,loL,4.0,-0.149
28 Aug 26,4656.1,4686.3,-1214.0,S,dfS,4.0,-0.6518
28 Aug 26,4576.7,4566.6,-410.0,L,fgL,4.0,-0.224
30 Aug 26,4497.6,4488.9,342.0,S,toS,4.0,0.1901
31 Aug 26,4488.0,4511.5,-946.0,S,onS,4.0,-0.527
31 Aug 26,4488.0,4511.5,-946.0,S,onS,4.0,-0.527
31 Aug 26,4489.0,4488.6,-22.0,L,dfL,4.0,-0.0123
31 Aug 26,4498.7,4502.6,150.0,L,toL,4.0,0.0834
31 Aug 26,4491.5,4480.9,418.0,S,onS,4.0,0.2327
01 Sep 26,4491.5,4479.6,470.0,S,onS,4.0,0.2616
01 Sep 26,4481.5,4462.8,742.0,S,onS,4.0,0.4139
01 Sep 26,4481.5,4469.6,470.0,S,onS,4.0,0.2622
01 Sep 26,4424.7,4406.3,730.0,S,onS,4.0,0.4125
01 Sep 26,4424.7,4412.8,470.0,S,onS,4.0,0.2656
01 Sep 26,4418.6,4392.0,1058.0,S,dfS,4.0,0.5986
01 Sep 26,4395.8,4382.4,-542.0,L,fgL,4.0,-0.3082
01 Sep 26,4386.6,4374.9,-474.0,L,fgL,4.0,-0.2701
