# Headline Risk (MNQ 08:30 Range Fade — All Days) - best return-on-drawdown window 01 May 2025 to 21 Aug 2026 - closed trades at Multiplier 4 - hypothetical backtested results, commissions and slippage modeled
exit_day,entry_px,exit_px,net_pnl_usd,side,signal,qty,return_pct
01 May 25,21109.0,21219.0,874.0,L,TT Long lim,4.0,0.5176
01 May 25,21109.0,21219.0,874.0,L,TT Long lim,4.0,0.5176
01 May 25,21112.0,21234.0,970.0,L,TT Confirm add,4.0,0.5743
02 May 25,21329.25,21455.0,-2024.0,S,MWF Short lim,8.0,-0.5931
02 May 25,21300.0,21455.0,-1246.0,S,MWF Confirm add,4.0,-0.7312
05 May 25,21214.0,21324.5,-1780.0,S,MWF Short lim,8.0,-0.5244
06 May 25,21069.0,20959.0,874.0,S,TT Short lim,4.0,0.5185
06 May 25,21069.0,21054.5,110.0,S,TT Short lim,4.0,0.0653
07 May 25,21167.75,21043.75,1972.0,S,MWF Short lim,8.0,0.5823
07 May 25,21144.75,21043.75,802.0,S,MWF Confirm add,4.0,0.4741
09 May 25,21379.5,21321.0,-948.0,L,MWF Long lim,8.0,-0.2771
12 May 25,22072.25,21957.0,-1856.0,L,MWF Long lim,8.0,-0.5255
14 May 25,22504.5,22592.75,1400.0,L,MWF Long lim,8.0,0.3888
16 May 25,22634.5,22649.5,228.0,L,MWF Long lim,8.0,0.063
16 May 25,22642.75,22649.5,48.0,L,MWF Confirm add,4.0,0.0265
19 May 25,22425.75,22529.75,-1676.0,S,MWF Short lim,8.0,-0.4671
20 May 25,22591.25,22636.5,712.0,L,TT Long lim,8.0,0.197
21 May 25,22471.5,22740.75,4296.0,L,MWF Long lim,8.0,1.1948
22 May 25,22436.75,22472.75,-588.0,S,TT Short lim,8.0,-0.1638
22 May 25,22436.75,22472.75,-294.0,S,TT Confirm add,4.0,-0.1638
23 May 25,21972.5,22161.0,3004.0,L,MWF Long lim,8.0,0.8545
26 May 25,22465.0,22488.75,368.0,L,MWF Long lim,8.0,0.1024
28 May 25,22696.5,22671.5,-412.0,L,MWF Long lim,8.0,-0.1135
28 May 25,22712.25,22671.5,-332.0,L,MWF Confirm add,4.0,-0.1827
29 May 25,22643.5,22658.0,110.0,L,TT Long lim,4.0,0.0607
29 May 25,22643.5,22658.0,110.0,L,TT Long lim,4.0,0.0607
29 May 25,22650.25,22643.75,-58.0,L,TT Confirm add,4.0,-0.032
30 May 25,22457.5,22525.75,1080.0,L,MWF Long lim,8.0,0.3006
02 Jun 25,22586.75,22638.5,-840.0,S,MWF Short lim,8.0,-0.2324
02 Jun 25,22567.0,22638.5,-578.0,S,MWF Confirm add,4.0,-0.3202
03 Jun 25,22783.75,22881.25,-1572.0,S,TT Short lim,8.0,-0.4312
03 Jun 25,22780.0,22881.25,-816.0,S,TT Confirm add,4.0,-0.4478
04 Jun 25,22928.0,22926.5,12.0,S,MWF Short lim,8.0,0.0033
04 Jun 25,22918.0,22926.5,-74.0,S,MWF Confirm add,4.0,-0.0404
05 Jun 25,23052.5,22942.5,874.0,S,TT Short lim,4.0,0.4739
05 Jun 25,23052.5,22927.5,994.0,S,TT Short lim,4.0,0.539
09 Jun 25,23000.0,23032.0,500.0,L,MWF Long lim,8.0,0.1359
10 Jun 25,23038.5,23077.75,616.0,L,TT Long lim,8.0,0.1671
10 Jun 25,23050.0,23077.75,216.0,L,TT Confirm add,4.0,0.1171
12 Jun 25,23183.75,23123.25,956.0,S,TT Short lim,8.0,0.2577
13 Jun 25,22853.75,23043.5,3024.0,L,MWF Long lim,8.0,0.827
13 Jun 25,22863.25,23043.5,1436.0,L,MWF Confirm add,4.0,0.7851
16 Jun 25,23015.25,23177.0,2576.0,L,MWF Long lim,8.0,0.6995
18 Jun 25,22961.25,23051.25,1428.0,L,MWF Long lim,8.0,0.3887
18 Jun 25,22978.25,23051.25,578.0,L,MWF Confirm add,4.0,0.3144
19 Jun 25,22691.0,22694.75,48.0,L,TT Long lim,8.0,0.0132
20 Jun 25,23029.25,23113.75,-1364.0,S,MWF Short lim,8.0,-0.3702
23 Jun 25,22813.75,22925.25,1772.0,L,MWF Long lim,8.0,0.4855
24 Jun 25,23340.25,23366.75,-436.0,S,TT Short lim,8.0,-0.1168
25 Jun 25,23505.25,23440.5,1024.0,S,MWF Short lim,8.0,0.2723
27 Jun 25,23704.5,23794.25,1424.0,L,MWF Long lim,8.0,0.3755
30 Jun 25,23846.75,23856.5,144.0,L,MWF Long lim,8.0,0.0377
01 Jul 25,23821.0,23711.0,874.0,S,TT Short lim,4.0,0.4586
01 Jul 25,23821.0,23696.0,994.0,S,TT Short lim,4.0,0.5216
02 Jul 25,23665.25,23742.25,-1244.0,S,MWF Short lim,8.0,-0.3285
03 Jul 25,24035.0,24082.75,-776.0,S,TT Short lim,8.0,-0.2018
04 Jul 25,23904.0,23923.0,292.0,L,MWF Long lim,8.0,0.0763
07 Jul 25,23949.0,23940.75,-144.0,L,MWF Long lim,8.0,-0.0376
08 Jul 25,23877.5,23893.75,248.0,L,TT Long lim,8.0,0.0649
08 Jul 25,23880.25,23893.75,102.0,L,TT Confirm add,4.0,0.0534
09 Jul 25,23945.5,24015.0,-1124.0,S,MWF Short lim,8.0,-0.2934
10 Jul 25,23929.5,24013.75,1336.0,L,TT Long lim,8.0,0.3489
11 Jul 25,23866.75,23976.75,1748.0,L,MWF Long lim,8.0,0.4577
14 Jul 25,23873.5,24008.5,2148.0,L,MWF Long lim,8.0,0.5623
16 Jul 25,23993.75,23930.0,-1032.0,L,MWF Long lim,8.0,-0.2688
17 Jul 25,24161.75,24238.25,-1236.0,S,TT Short lim,8.0,-0.3197
18 Jul 25,24269.25,24210.0,936.0,S,MWF Short lim,8.0,0.241
21 Jul 25,24250.75,24373.75,1956.0,L,MWF Long lim,8.0,0.5041
22 Jul 25,24309.25,24168.75,-1130.0,L,TT Long lim,4.0,-0.5811
22 Jul 25,24309.25,24168.75,-1130.0,L,TT Long lim,4.0,-0.5811
23 Jul 25,24253.75,24231.25,348.0,S,MWF Short lim,8.0,0.0897
23 Jul 25,24253.75,24231.25,174.0,S,MWF Confirm add,4.0,0.0897
25 Jul 25,24355.0,24442.25,1384.0,L,MWF Long lim,8.0,0.3552
28 Jul 25,24482.25,24483.0,0.0,L,MWF Long lim,8.0,0.0
28 Jul 25,24491.5,24483.0,-74.0,L,MWF Confirm add,4.0,-0.0378
29 Jul 25,24606.5,24496.5,874.0,S,TT Short lim,4.0,0.444
29 Jul 25,24606.5,24496.5,874.0,S,TT Short lim,4.0,0.444
29 Jul 25,24606.75,24481.5,996.0,S,TT Confirm add,4.0,0.506
30 Jul 25,24456.0,24529.5,1164.0,L,MWF Long lim,8.0,0.2975
30 Jul 25,24464.25,24529.5,516.0,L,MWF Confirm add,4.0,0.2637
31 Jul 25,24641.0,24500.5,-1130.0,L,TT Long lim,4.0,-0.5732
31 Jul 25,24641.0,24500.5,-1130.0,L,TT Long lim,4.0,-0.5732
01 Aug 25,24008.0,23938.5,-1124.0,L,MWF Long lim,8.0,-0.2926
04 Aug 25,24087.75,24167.5,-1288.0,S,MWF Short lim,8.0,-0.3342
05 Aug 25,24324.0,24183.5,-1130.0,L,TT Long lim,4.0,-0.5807
05 Aug 25,24324.0,24183.5,-1130.0,L,TT Long lim,4.0,-0.5807
06 Aug 25,24186.25,24272.75,-1396.0,S,MWF Short lim,8.0,-0.3607
07 Aug 25,24646.5,24536.5,874.0,S,TT Short lim,4.0,0.4433
07 Aug 25,24646.5,24521.5,994.0,S,TT Short lim,4.0,0.5041
08 Aug 25,24557.0,24645.25,-1424.0,S,MWF Short lim,8.0,-0.3624
11 Aug 25,24696.5,24780.0,1324.0,L,MWF Long lim,8.0,0.3351
11 Aug 25,24710.75,24780.0,548.0,L,MWF Confirm add,4.0,0.2772
13 Aug 25,25030.75,24932.0,1568.0,S,MWF Short lim,8.0,0.3915
15 Aug 25,24865.5,24791.75,-1192.0,L,MWF Long lim,8.0,-0.2996
18 Aug 25,24774.5,24751.5,356.0,S,MWF Short lim,8.0,0.0898
18 Aug 25,24775.25,24751.5,184.0,S,MWF Confirm add,4.0,0.0928
19 Aug 25,24744.75,24604.25,-1130.0,L,TT Long lim,4.0,-0.5708
19 Aug 25,24744.75,24604.25,-1130.0,L,TT Long lim,4.0,-0.5708
20 Aug 25,24378.5,24306.0,-1172.0,L,MWF Long lim,8.0,-0.3005
20 Aug 25,24375.5,24306.0,-562.0,L,MWF Confirm add,4.0,-0.2882
22 Aug 25,24205.25,24465.75,4156.0,L,MWF Long lim,8.0,1.0731
25 Aug 25,24489.5,24575.5,-1388.0,S,MWF Short lim,8.0,-0.3542
26 Aug 25,24490.75,24513.0,-368.0,S,TT Short lim,8.0,-0.0939
26 Aug 25,24486.25,24513.0,-220.0,S,TT Confirm add,4.0,-0.1123
27 Aug 25,24543.0,24598.0,868.0,L,MWF Long lim,8.0,0.221
28 Aug 25,24705.0,24595.0,874.0,S,TT Short lim,4.0,0.4422
28 Aug 25,24705.0,24580.0,994.0,S,TT Short lim,4.0,0.5029
29 Aug 25,24598.25,24522.25,-1228.0,L,MWF Long lim,8.0,-0.312
01 Sep 25,24460.75,24482.0,328.0,L,MWF Long lim,8.0,0.0838
02 Sep 25,24063.25,24173.25,874.0,L,TT Long lim,4.0,0.454
02 Sep 25,24063.25,24173.25,874.0,L,TT Long lim,4.0,0.454
02 Sep 25,24064.0,24188.25,988.0,L,TT Confirm add,4.0,0.5132
03 Sep 25,24450.5,24422.25,440.0,S,MWF Short lim,8.0,0.1125
03 Sep 25,24453.0,24422.25,240.0,S,MWF Confirm add,4.0,0.1227
04 Sep 25,24420.5,24530.5,874.0,L,TT Long lim,4.0,0.4474
04 Sep 25,24420.5,24545.5,994.0,L,TT Long lim,4.0,0.5088
05 Sep 25,24892.5,24598.75,4688.0,S,MWF Short lim,8.0,1.1771
05 Sep 25,24886.25,24598.75,2294.0,S,MWF Confirm add,4.0,1.1522
08 Sep 25,24771.25,24855.0,-1352.0,S,MWF Short lim,8.0,-0.3411
09 Sep 25,24812.0,24805.5,-116.0,L,TT Long lim,8.0,-0.0292
09 Sep 25,24815.5,24805.5,-86.0,L,TT Confirm add,4.0,-0.0433
12 Sep 25,24999.0,25097.0,1556.0,L,MWF Long lim,8.0,0.389
15 Sep 25,25161.75,25229.5,-1096.0,S,MWF Short lim,8.0,-0.2722
16 Sep 25,25297.0,25274.75,-368.0,L,TT Long lim,8.0,-0.0909
17 Sep 25,25284.0,25153.5,2076.0,S,MWF Short lim,8.0,0.5132
18 Sep 25,25432.75,25542.75,874.0,L,TT Long lim,4.0,0.4296
18 Sep 25,25432.75,25542.75,874.0,L,TT Long lim,4.0,0.4296
18 Sep 25,25443.75,25557.75,906.0,L,TT Confirm add,4.0,0.4451
19 Sep 25,25515.5,25559.75,-720.0,S,MWF Short lim,8.0,-0.1764
19 Sep 25,25502.75,25559.75,-462.0,S,MWF Confirm add,4.0,-0.2264
22 Sep 25,25666.0,25711.25,-736.0,S,MWF Short lim,8.0,-0.1792
23 Sep 25,25711.25,25697.5,-232.0,L,TT Long lim,8.0,-0.0564
24 Sep 25,25642.75,25441.0,3216.0,S,MWF Short lim,8.0,0.7838
25 Sep 25,25275.75,25385.75,874.0,L,TT Long lim,4.0,0.4322
25 Sep 25,25275.75,25385.75,874.0,L,TT Long lim,4.0,0.4322
25 Sep 25,25292.75,25400.75,858.0,L,TT Confirm add,4.0,0.424
26 Sep 25,25346.5,25276.0,-1140.0,L,MWF Long lim,8.0,-0.2811
29 Sep 25,25655.5,25724.25,-1112.0,S,MWF Short lim,8.0,-0.2709
29 Sep 25,25644.25,25724.25,-646.0,S,MWF Confirm add,4.0,-0.3149
01 Oct 25,25505.5,25693.5,2996.0,L,MWF Long lim,8.0,0.7342
01 Oct 25,25506.5,25693.5,1490.0,L,MWF Confirm add,4.0,0.7302
02 Oct 25,25926.5,25816.5,874.0,S,TT Short lim,4.0,0.4214
02 Oct 25,25926.5,25801.5,994.0,S,TT Short lim,4.0,0.4792
03 Oct 25,25914.25,25897.0,264.0,S,MWF Short lim,8.0,0.0637
03 Oct 25,25904.75,25897.0,56.0,S,MWF Confirm add,4.0,0.027
06 Oct 25,25932.25,25865.0,-1088.0,L,MWF Long lim,8.0,-0.2622
06 Oct 25,25946.25,25865.0,-656.0,L,MWF Confirm add,4.0,-0.316
07 Oct 25,26013.0,25903.0,874.0,S,TT Short lim,4.0,0.42
07 Oct 25,26013.0,25888.0,994.0,S,TT Short lim,4.0,0.4776
08 Oct 25,25829.5,25897.75,-1104.0,S,MWF Short lim,8.0,-0.2671
09 Oct 25,26054.25,26019.25,-572.0,L,TT Long lim,8.0,-0.1372
09 Oct 25,26055.25,26019.25,-294.0,L,TT Confirm add,4.0,-0.141
10 Oct 25,26100.0,25878.25,3536.0,S,MWF Short lim,8.0,0.8467
10 Oct 25,26088.5,25878.25,1676.0,S,MWF Confirm add,4.0,0.803
13 Oct 25,25552.5,25658.25,1680.0,L,MWF Long lim,8.0,0.4109
13 Oct 25,25565.0,25658.25,740.0,L,MWF Confirm add,4.0,0.3618
14 Oct 25,25208.75,25318.75,874.0,L,TT Long lim,4.0,0.4334
14 Oct 25,25208.75,25333.75,994.0,L,TT Long lim,4.0,0.4929
15 Oct 25,25721.5,25716.5,-92.0,L,MWF Long lim,8.0,-0.0224
15 Oct 25,25727.5,25716.5,-94.0,L,MWF Confirm add,4.0,-0.0457
17 Oct 25,25475.25,25695.75,3516.0,L,MWF Long lim,8.0,0.8626
17 Oct 25,25490.0,25695.75,1640.0,L,MWF Confirm add,4.0,0.8042
20 Oct 25,25866.25,25994.5,-2064.0,S,MWF Short lim,8.0,-0.4987
21 Oct 25,26023.25,26075.25,820.0,L,TT Long lim,8.0,0.1969
21 Oct 25,26025.75,26075.25,390.0,L,TT Confirm add,4.0,0.1873
22 Oct 25,26029.0,25819.75,3336.0,S,MWF Short lim,8.0,0.801
22 Oct 25,26011.75,25819.75,1530.0,S,MWF Confirm add,4.0,0.7352
23 Oct 25,25766.0,25906.5,-1130.0,S,TT Short lim,4.0,-0.5482
23 Oct 25,25766.0,25906.5,-1130.0,S,TT Short lim,4.0,-0.5482
27 Oct 25,26571.5,26657.75,1368.0,L,MWF Long lim,8.0,0.3218
28 Oct 25,26804.5,26803.5,4.0,S,TT Short lim,8.0,0.0009
28 Oct 25,26797.0,26803.5,-58.0,S,TT Confirm add,4.0,-0.0271
29 Oct 25,27031.0,26979.5,812.0,S,MWF Short lim,8.0,0.1877
30 Oct 25,26746.25,26856.25,874.0,L,TT Long lim,4.0,0.4085
30 Oct 25,26746.25,26871.25,994.0,L,TT Long lim,4.0,0.4646
31 Oct 25,26935.0,26828.25,-1720.0,L,MWF Long lim,8.0,-0.3991
03 Nov 25,26950.0,26890.0,948.0,S,MWF Short lim,8.0,0.2199
04 Nov 25,26504.25,26489.75,110.0,S,TT Short lim,4.0,0.0519
04 Nov 25,26504.25,26489.75,110.0,S,TT Short lim,4.0,0.0519
05 Nov 25,26265.5,26517.75,4024.0,L,MWF Long lim,8.0,0.9575
06 Nov 25,26470.75,26330.25,-1130.0,L,TT Long lim,4.0,-0.5336
06 Nov 25,26470.75,26330.25,-1130.0,L,TT Long lim,4.0,-0.5336
07 Nov 25,25882.5,25498.25,6136.0,S,MWF Short lim,8.0,1.4817
10 Nov 25,26277.0,26279.0,20.0,L,MWF Long lim,8.0,0.0048
10 Nov 25,26298.75,26279.0,-164.0,L,MWF Confirm add,4.0,-0.078
12 Nov 25,26532.75,26413.5,-1920.0,L,MWF Long lim,8.0,-0.4523
13 Nov 25,26092.75,26202.75,874.0,L,TT Long lim,4.0,0.4187
13 Nov 25,26092.75,26217.75,994.0,L,TT Long lim,4.0,0.4762
14 Nov 25,25511.5,25635.25,-1992.0,S,MWF Short lim,8.0,-0.488
17 Nov 25,25748.0,25908.5,2556.0,L,MWF Long lim,8.0,0.6204
17 Nov 25,25766.5,25908.5,1130.0,L,MWF Confirm add,4.0,0.5482
18 Nov 25,25249.75,25359.75,874.0,L,TT Long lim,4.0,0.4327
18 Nov 25,25249.75,25264.25,110.0,L,TT Long lim,4.0,0.0545
19 Nov 25,25387.75,25372.75,-252.0,L,MWF Long lim,8.0,-0.062
19 Nov 25,25414.75,25372.75,-342.0,L,MWF Confirm add,4.0,-0.1682
21 Nov 25,24897.75,24741.75,-2508.0,L,MWF Long lim,8.0,-0.6296
21 Nov 25,24911.0,24741.75,-1360.0,L,MWF Confirm add,4.0,-0.6824
24 Nov 25,25266.5,25605.25,5408.0,L,MWF Long lim,8.0,1.3377
25 Nov 25,25472.25,25486.75,110.0,L,TT Long lim,4.0,0.054
25 Nov 25,25472.25,25486.75,110.0,L,TT Long lim,4.0,0.054
26 Nov 25,25908.5,26074.75,2648.0,L,MWF Long lim,8.0,0.6388
01 Dec 25,26029.0,26160.5,-2116.0,S,MWF Short lim,8.0,-0.5081
02 Dec 25,26332.5,26222.5,874.0,S,TT Short lim,4.0,0.4149
02 Dec 25,26332.5,26222.5,874.0,S,TT Short lim,4.0,0.4149
02 Dec 25,26329.0,26207.5,966.0,S,TT Confirm add,4.0,0.4586
03 Dec 25,26395.25,26275.25,-1932.0,L,MWF Long lim,8.0,-0.4575
04 Dec 25,26458.5,26348.5,874.0,S,TT Short lim,4.0,0.4129
04 Dec 25,26458.5,26333.5,994.0,S,TT Short lim,4.0,0.4696
05 Dec 25,26478.25,26583.25,-1692.0,S,MWF Short lim,8.0,-0.3994
05 Dec 25,26462.25,26583.25,-974.0,S,MWF Confirm add,4.0,-0.4601
08 Dec 25,26575.0,26381.25,3088.0,S,MWF Short lim,8.0,0.7262
09 Dec 25,26449.25,26466.5,-288.0,S,TT Short lim,8.0,-0.0681
10 Dec 25,26410.75,26321.25,-1444.0,L,MWF Long lim,8.0,-0.3417
11 Dec 25,26337.5,26197.0,-1130.0,L,TT Long lim,4.0,-0.5363
11 Dec 25,26337.5,26197.0,-1130.0,L,TT Long lim,4.0,-0.5363
12 Dec 25,26353.75,26067.5,4568.0,S,MWF Short lim,8.0,1.0833
12 Dec 25,26344.0,26067.5,2206.0,S,MWF Confirm add,4.0,1.0467
15 Dec 25,26119.25,25796.75,5148.0,S,MWF Short lim,8.0,1.2319
17 Dec 25,25969.25,25650.5,5088.0,S,MWF Short lim,8.0,1.2245
19 Dec 25,25868.25,25981.25,-1820.0,S,MWF Short lim,8.0,-0.4397
22 Dec 25,26269.75,26208.0,976.0,S,MWF Short lim,8.0,0.2322
22 Dec 25,26257.25,26208.0,388.0,S,MWF Confirm add,4.0,0.1847
24 Dec 25,26306.75,26384.75,1236.0,L,MWF Long lim,8.0,0.2937
26 Dec 25,26387.0,26363.25,-392.0,L,MWF Long lim,8.0,-0.0928
26 Dec 25,26403.5,26363.25,-328.0,L,MWF Confirm add,4.0,-0.1553
29 Dec 25,26231.0,26182.75,-784.0,L,MWF Long lim,8.0,-0.1868
29 Dec 25,26232.0,26182.75,-400.0,L,MWF Confirm add,4.0,-0.1906
31 Dec 25,26197.75,26090.0,1712.0,S,MWF Short lim,8.0,0.4084
02 Jan 26,26189.0,26119.25,-1128.0,L,MWF Long lim,8.0,-0.2692
02 Jan 26,26186.25,26119.25,-542.0,L,MWF Confirm add,4.0,-0.2587
05 Jan 26,26083.25,26162.25,-1276.0,S,MWF Short lim,8.0,-0.3058
06 Jan 26,26110.0,26220.0,874.0,L,TT Long lim,4.0,0.4184
06 Jan 26,26110.0,26235.0,994.0,L,TT Long lim,4.0,0.4759
07 Jan 26,26321.25,26400.25,-1276.0,S,MWF Short lim,8.0,-0.303
08 Jan 26,26179.5,26158.5,-348.0,L,TT Long lim,8.0,-0.0831
08 Jan 26,26179.5,26158.5,-174.0,L,TT Confirm add,4.0,-0.0831
09 Jan 26,26182.25,26409.0,3616.0,L,MWF Long lim,8.0,0.8632
09 Jan 26,26195.0,26409.0,1706.0,L,MWF Confirm add,4.0,0.8141
12 Jan 26,26235.5,26478.5,3876.0,L,MWF Long lim,8.0,0.9234
14 Jan 26,26225.75,26147.0,-1272.0,L,MWF Long lim,8.0,-0.3031
15 Jan 26,26441.5,26427.0,110.0,S,TT Short lim,4.0,0.052
15 Jan 26,26441.5,26427.0,110.0,S,TT Short lim,4.0,0.052
16 Jan 26,26358.75,26215.5,2280.0,S,MWF Short lim,8.0,0.5406
19 Jan 26,25779.75,25897.5,1872.0,L,MWF Long lim,8.0,0.4538
20 Jan 26,25828.5,25870.0,-676.0,S,TT Short lim,8.0,-0.1636
20 Jan 26,25829.25,25870.0,-332.0,S,TT Confirm add,4.0,-0.1607
21 Jan 26,25604.25,25698.75,-1524.0,S,MWF Short lim,8.0,-0.372
22 Jan 26,26150.75,26179.5,448.0,L,TT Long lim,8.0,0.1071
22 Jan 26,26153.75,26179.5,200.0,L,TT Confirm add,4.0,0.0956
23 Jan 26,26063.75,26308.75,3908.0,L,MWF Long lim,8.0,0.9371
23 Jan 26,26078.25,26308.75,1838.0,L,MWF Confirm add,4.0,0.881
26 Jan 26,26348.75,26416.75,-1100.0,S,MWF Short lim,8.0,-0.2609
27 Jan 26,26486.5,26596.5,874.0,L,TT Long lim,4.0,0.4125
27 Jan 26,26486.5,26596.5,874.0,L,TT Long lim,4.0,0.4125
27 Jan 26,26485.0,26611.5,1006.0,L,TT Confirm add,4.0,0.4748
28 Jan 26,26750.0,26653.75,-1552.0,L,MWF Long lim,8.0,-0.3626
28 Jan 26,26747.75,26653.75,-758.0,L,MWF Confirm add,4.0,-0.3542
29 Jan 26,26511.75,26371.25,-1130.0,L,TT Long lim,4.0,-0.5328
29 Jan 26,26511.75,26371.25,-1130.0,L,TT Long lim,4.0,-0.5328
30 Jan 26,26409.5,26214.75,3104.0,S,MWF Short lim,8.0,0.7346
30 Jan 26,26396.25,26214.75,1446.0,S,MWF Confirm add,4.0,0.6848
02 Feb 26,26019.25,26128.75,-1764.0,S,MWF Short lim,8.0,-0.4237
03 Feb 26,26450.0,26309.5,-1130.0,L,TT Long lim,4.0,-0.534
03 Feb 26,26450.0,26309.5,-1130.0,L,TT Long lim,4.0,-0.534
04 Feb 26,25861.5,25728.5,-2140.0,L,MWF Long lim,8.0,-0.5172
05 Feb 26,25145.5,25255.5,874.0,L,TT Long lim,4.0,0.4345
05 Feb 26,25145.5,25255.5,874.0,L,TT Long lim,4.0,0.4345
05 Feb 26,25158.25,25270.5,892.0,L,TT Confirm add,4.0,0.4432
06 Feb 26,25252.25,25540.25,4596.0,L,MWF Long lim,8.0,1.1375
06 Feb 26,25272.0,25540.25,2140.0,L,MWF Confirm add,4.0,1.0585
09 Feb 26,25587.5,25919.75,5304.0,L,MWF Long lim,8.0,1.2956
09 Feb 26,25611.0,25919.75,2464.0,L,MWF Confirm add,4.0,1.2026
10 Feb 26,25917.0,25807.0,874.0,S,TT Short lim,4.0,0.4215
10 Feb 26,25917.0,25792.0,994.0,S,TT Short lim,4.0,0.4794
11 Feb 26,25937.75,25714.5,3560.0,S,MWF Short lim,8.0,0.8578
11 Feb 26,25932.25,25714.5,1736.0,S,MWF Confirm add,4.0,0.8368
12 Feb 26,25743.25,25602.75,-1130.0,L,TT Long lim,4.0,-0.5487
12 Feb 26,25743.25,25602.75,-1130.0,L,TT Long lim,4.0,-0.5487
12 Feb 26,25743.25,25602.75,-1130.0,L,TT Confirm add,4.0,-0.5487
13 Feb 26,25148.5,25448.5,4788.0,L,MWF Long lim,8.0,1.1899
16 Feb 26,25348.75,25212.0,-2200.0,L,MWF Long lim,8.0,-0.5424
17 Feb 26,25035.0,25145.0,874.0,L,TT Long lim,4.0,0.4364
17 Feb 26,25035.0,25049.5,110.0,L,TT Long lim,4.0,0.0549
18 Feb 26,25303.75,25591.25,4588.0,L,MWF Long lim,8.0,1.1332
18 Feb 26,25330.0,25591.25,2084.0,L,MWF Confirm add,4.0,1.0284
20 Feb 26,25428.5,25551.25,-1976.0,S,MWF Short lim,8.0,-0.4857
23 Feb 26,25475.25,25246.5,3648.0,S,MWF Short lim,8.0,0.895
23 Feb 26,25454.25,25246.5,1656.0,S,MWF Confirm add,4.0,0.8132
24 Feb 26,25303.5,25413.5,874.0,L,TT Long lim,4.0,0.4318
24 Feb 26,25303.5,25428.5,994.0,L,TT Long lim,4.0,0.491
25 Feb 26,25660.75,25776.75,-1868.0,S,MWF Short lim,8.0,-0.455
26 Feb 26,25731.75,25591.25,-1130.0,L,TT Long lim,4.0,-0.5489
26 Feb 26,25731.75,25591.25,-1130.0,L,TT Long lim,4.0,-0.5489
27 Feb 26,25440.75,25466.5,-424.0,S,MWF Short lim,8.0,-0.1042
27 Feb 26,25421.5,25466.5,-366.0,S,MWF Confirm add,4.0,-0.18
02 Mar 26,25136.0,25508.25,5944.0,L,MWF Long lim,8.0,1.478
03 Mar 26,25099.0,24989.0,874.0,S,TT Short lim,4.0,0.4353
03 Mar 26,25099.0,24989.0,874.0,S,TT Short lim,4.0,0.4353
03 Mar 26,25099.25,24974.0,996.0,S,TT Confirm add,4.0,0.496
04 Mar 26,25457.5,25585.75,-2064.0,S,MWF Short lim,8.0,-0.5067
04 Mar 26,25454.5,25585.75,-1056.0,S,MWF Confirm add,4.0,-0.5186
06 Mar 26,25161.0,25335.25,2776.0,L,MWF Long lim,8.0,0.6896
06 Mar 26,25179.0,25335.25,1244.0,L,MWF Confirm add,4.0,0.6176
09 Mar 26,24829.25,25165.25,5364.0,L,MWF Long lim,8.0,1.3502
09 Mar 26,24837.75,25165.25,2614.0,L,MWF Confirm add,4.0,1.3155
10 Mar 26,25535.0,25425.0,874.0,S,TT Short lim,4.0,0.4278
10 Mar 26,25535.0,25425.0,874.0,S,TT Short lim,4.0,0.4278
10 Mar 26,25530.75,25410.0,960.0,S,TT Confirm add,4.0,0.47
12 Mar 26,25206.25,25164.25,-684.0,L,TT Long lim,8.0,-0.1696
12 Mar 26,25210.75,25164.25,-378.0,L,TT Confirm add,4.0,-0.1874
13 Mar 26,25230.5,24944.25,4568.0,S,MWF Short lim,8.0,1.1316
13 Mar 26,25207.25,24944.25,2098.0,S,MWF Confirm add,4.0,1.0404
16 Mar 26,25159.0,25186.5,428.0,L,MWF Long lim,8.0,0.1063
16 Mar 26,25184.25,25186.5,12.0,L,MWF Confirm add,4.0,0.006
17 Mar 26,25296.75,25300.0,-64.0,S,TT Short lim,8.0,-0.0158
17 Mar 26,25292.25,25300.0,-68.0,S,TT Confirm add,4.0,-0.0336
18 Mar 26,25143.75,25178.75,548.0,L,MWF Long lim,8.0,0.1362
18 Mar 26,25164.25,25178.75,110.0,L,MWF Confirm add,4.0,0.0546
19 Mar 26,24667.75,24777.75,874.0,L,TT Long lim,4.0,0.4429
19 Mar 26,24667.75,24777.75,874.0,L,TT Long lim,4.0,0.4429
19 Mar 26,24665.5,24792.75,1012.0,L,TT Confirm add,4.0,0.5129
20 Mar 26,24813.0,24621.75,3048.0,S,MWF Short lim,8.0,0.7677
23 Mar 26,24921.5,24725.0,3132.0,S,MWF Short lim,8.0,0.7855
23 Mar 26,24895.75,24725.0,1360.0,S,MWF Confirm add,4.0,0.6828
24 Mar 26,24466.25,24486.25,154.0,L,TT Long lim,4.0,0.0787
24 Mar 26,24466.25,24480.75,110.0,L,TT Long lim,4.0,0.0562
24 Mar 26,24471.75,24480.75,66.0,L,TT Confirm add,4.0,0.0337
25 Mar 26,24787.0,24645.5,2252.0,S,MWF Short lim,8.0,0.5678
25 Mar 26,24771.25,24645.5,1000.0,S,MWF Confirm add,4.0,0.5046
26 Mar 26,24488.25,24378.25,874.0,S,TT Short lim,4.0,0.4461
26 Mar 26,24488.25,24378.25,874.0,S,TT Short lim,4.0,0.4461
26 Mar 26,24481.75,24363.25,942.0,S,TT Confirm add,4.0,0.481
27 Mar 26,23885.0,23748.5,-2196.0,L,MWF Long lim,8.0,-0.5746
30 Mar 26,23774.25,23630.5,-2312.0,L,MWF Long lim,8.0,-0.6078
31 Mar 26,23815.5,23705.5,874.0,S,TT Short lim,4.0,0.4587
31 Mar 26,23815.5,23705.5,874.0,S,TT Short lim,4.0,0.4587
31 Mar 26,23805.75,23690.5,916.0,S,TT Confirm add,4.0,0.481
01 Apr 26,24337.25,24599.0,4176.0,L,MWF Long lim,8.0,1.0724
01 Apr 26,24363.0,24599.0,1882.0,L,MWF Confirm add,4.0,0.9656
02 Apr 26,24078.25,24055.0,180.0,S,TT Short lim,4.0,0.0934
02 Apr 26,24078.25,24063.75,110.0,S,TT Short lim,4.0,0.0571
02 Apr 26,24069.5,24063.75,40.0,S,TT Confirm add,4.0,0.0208
05 Apr 26,24372.5,24328.75,-712.0,L,MWF Long lim,8.0,-0.1826
06 Apr 26,24580.0,24589.75,144.0,L,MWF Long lim,8.0,0.0366
06 Apr 26,24588.25,24589.75,6.0,L,MWF Confirm add,4.0,0.0031
07 Apr 26,24328.25,24438.25,874.0,L,TT Long lim,4.0,0.4491
07 Apr 26,24328.25,24342.75,110.0,L,TT Long lim,4.0,0.0565
08 Apr 26,25511.75,25371.25,2236.0,S,MWF Short lim,8.0,0.5478
09 Apr 26,25257.25,25367.25,874.0,L,TT Long lim,4.0,0.4325
09 Apr 26,25257.25,25382.25,994.0,L,TT Long lim,4.0,0.4919
13 Apr 26,25459.25,25583.75,-2004.0,S,MWF Short lim,8.0,-0.492
14 Apr 26,26060.25,26184.75,-2004.0,S,TT Short lim,8.0,-0.4806
15 Apr 26,26317.25,26445.5,-2064.0,S,MWF Short lim,8.0,-0.4902
16 Apr 26,26669.75,26779.75,874.0,L,TT Long lim,4.0,0.4096
16 Apr 26,26669.75,26779.75,874.0,L,TT Long lim,4.0,0.4096
16 Apr 26,26673.5,26794.75,964.0,L,TT Confirm add,4.0,0.4518
17 Apr 26,26956.25,27074.5,-1904.0,S,MWF Short lim,8.0,-0.4415
20 Apr 26,27047.25,26964.5,1312.0,S,MWF Short lim,8.0,0.3032
21 Apr 26,27052.25,27162.25,874.0,L,TT Long lim,4.0,0.4038
21 Apr 26,27052.25,27177.25,994.0,L,TT Long lim,4.0,0.4593
22 Apr 26,27112.25,27293.75,2892.0,L,MWF Long lim,8.0,0.6667
22 Apr 26,27131.25,27293.75,1294.0,L,MWF Confirm add,4.0,0.5962
23 Apr 26,27283.0,27393.0,874.0,L,TT Long lim,4.0,0.4004
23 Apr 26,27283.0,27393.0,874.0,L,TT Long lim,4.0,0.4004
23 Apr 26,27290.75,27297.5,48.0,L,TT Confirm add,4.0,0.022
24 Apr 26,27495.25,27662.5,2664.0,L,MWF Long lim,8.0,0.6056
27 Apr 26,27668.25,27677.75,140.0,L,MWF Long lim,8.0,0.0316
28 Apr 26,27479.25,27369.25,874.0,S,TT Short lim,4.0,0.3976
28 Apr 26,27479.25,27369.25,874.0,S,TT Short lim,4.0,0.3976
28 Apr 26,27480.75,27354.25,1006.0,S,TT Confirm add,4.0,0.4576
29 Apr 26,27460.5,27542.25,1296.0,L,MWF Long lim,8.0,0.295
29 Apr 26,27479.0,27542.25,500.0,L,MWF Confirm add,4.0,0.2274
30 Apr 26,27689.25,27548.75,-1130.0,L,TT Long lim,4.0,-0.5101
30 Apr 26,27689.25,27548.75,-1130.0,L,TT Long lim,4.0,-0.5101
01 May 26,28123.0,28150.75,-456.0,S,MWF Short lim,8.0,-0.1013
01 May 26,28120.0,28150.75,-252.0,S,MWF Confirm add,4.0,-0.112
04 May 26,28118.75,28013.75,-1692.0,L,MWF Long lim,8.0,-0.3761
04 May 26,28132.75,28013.75,-958.0,L,MWF Confirm add,4.0,-0.4257
05 May 26,28367.75,28425.75,-940.0,S,TT Short lim,8.0,-0.2071
05 May 26,28362.75,28425.75,-510.0,S,TT Confirm add,4.0,-0.2248
06 May 26,28707.25,28889.0,2896.0,L,MWF Long lim,8.0,0.6305
06 May 26,28722.75,28889.0,1324.0,L,MWF Confirm add,4.0,0.5762
07 May 26,29122.0,29112.75,136.0,S,TT Short lim,8.0,0.0292
07 May 26,29116.0,29112.75,20.0,S,TT Confirm add,4.0,0.0086
08 May 26,29375.5,29486.25,-1784.0,S,MWF Short lim,8.0,-0.3796
11 May 26,29627.0,29752.0,-2012.0,S,MWF Short lim,8.0,-0.4244
11 May 26,29608.75,29752.0,-1152.0,S,MWF Confirm add,4.0,-0.4863
12 May 26,29290.25,29149.75,-1130.0,L,TT Long lim,4.0,-0.4822
12 May 26,29290.25,29149.75,-1130.0,L,TT Long lim,4.0,-0.4822
13 May 26,29422.25,29685.0,4192.0,L,MWF Long lim,8.0,0.8905
13 May 26,29443.0,29685.0,1930.0,L,MWF Confirm add,4.0,0.8194
14 May 26,29924.75,29910.25,110.0,S,TT Short lim,4.0,0.0459
14 May 26,29924.75,29910.25,110.0,S,TT Short lim,4.0,0.0459
15 May 26,29518.25,29638.25,-1932.0,S,MWF Short lim,8.0,-0.4091
15 May 26,29511.75,29638.25,-1018.0,S,MWF Confirm add,4.0,-0.4312
18 May 26,29678.25,29242.0,6968.0,S,MWF Short lim,8.0,1.4674
19 May 26,29309.75,29199.75,874.0,S,TT Short lim,4.0,0.3727
19 May 26,29309.75,29184.75,994.0,S,TT Short lim,4.0,0.4239
20 May 26,29392.25,29571.75,2860.0,L,MWF Long lim,8.0,0.6082
20 May 26,29394.75,29571.75,1410.0,L,MWF Confirm add,4.0,0.5996
22 May 26,29868.75,29998.5,-2088.0,S,MWF Short lim,8.0,-0.4369
25 May 26,30236.25,30228.0,-144.0,L,MWF Long lim,8.0,-0.0298
26 May 26,30144.25,30254.25,874.0,L,TT Long lim,4.0,0.3624
26 May 26,30144.25,30269.25,994.0,L,TT Long lim,4.0,0.4122
27 May 26,30578.0,30451.5,-2036.0,L,MWF Long lim,8.0,-0.4161
28 May 26,30402.75,30292.75,874.0,S,TT Short lim,4.0,0.3593
28 May 26,30402.75,30277.75,994.0,S,TT Short lim,4.0,0.4087
29 May 26,30749.75,30730.0,304.0,S,MWF Short lim,8.0,0.0618
29 May 26,30730.0,30730.0,-6.0,S,MWF Confirm add,4.0,-0.0024
01 Jun 26,30701.75,30761.75,948.0,L,MWF Long lim,8.0,0.193
02 Jun 26,30784.75,30894.75,874.0,L,TT Long lim,4.0,0.3549
02 Jun 26,30784.75,30894.75,874.0,L,TT Long lim,4.0,0.3549
02 Jun 26,30796.75,30909.75,898.0,L,TT Confirm add,4.0,0.3645
03 Jun 26,31071.75,30901.75,2708.0,S,MWF Short lim,8.0,0.5447
04 Jun 26,30469.0,30579.0,874.0,L,TT Long lim,4.0,0.3586
04 Jun 26,30469.0,30594.0,994.0,L,TT Long lim,4.0,0.4078
05 Jun 26,30279.75,30166.5,-1824.0,L,MWF Long lim,8.0,-0.3765
08 Jun 26,29829.25,29985.0,-2504.0,S,MWF Short lim,8.0,-0.5247
08 Jun 26,29816.0,29985.0,-1358.0,S,MWF Confirm add,4.0,-0.5693
09 Jun 26,30085.5,29975.5,874.0,S,TT Short lim,4.0,0.3631
09 Jun 26,30085.5,29975.5,874.0,S,TT Short lim,4.0,0.3631
09 Jun 26,30084.5,29960.5,986.0,S,TT Confirm add,4.0,0.4097
10 Jun 26,29396.25,29018.0,6040.0,S,MWF Short lim,8.0,1.2842
11 Jun 26,29265.0,29155.0,874.0,S,TT Short lim,4.0,0.3733
11 Jun 26,29265.0,29155.0,874.0,S,TT Short lim,4.0,0.3733
11 Jun 26,29260.25,29140.0,956.0,S,TT Confirm add,4.0,0.4084
12 Jun 26,29719.25,29943.75,3580.0,L,MWF Long lim,8.0,0.7529
12 Jun 26,29712.0,29943.75,1848.0,L,MWF Confirm add,4.0,0.7775
15 Jun 26,30703.25,30877.5,-2800.0,S,MWF Short lim,8.0,-0.57
16 Jun 26,30775.25,30885.25,874.0,L,TT Long lim,4.0,0.355
16 Jun 26,30775.25,30789.75,110.0,L,TT Long lim,4.0,0.0447
17 Jun 26,30433.25,30444.75,172.0,L,MWF Long lim,8.0,0.0353
18 Jun 26,30573.0,30463.0,874.0,S,TT Short lim,4.0,0.3573
18 Jun 26,30573.0,30448.0,994.0,S,TT Short lim,4.0,0.4064
19 Jun 26,30595.0,30674.0,-1276.0,S,MWF Short lim,8.0,-0.2607
22 Jun 26,30863.5,30565.0,4764.0,S,MWF Short lim,8.0,0.9647
23 Jun 26,29980.25,29870.25,874.0,S,TT Short lim,4.0,0.3644
23 Jun 26,29980.25,29870.25,874.0,S,TT Short lim,4.0,0.3644
23 Jun 26,29978.75,29855.25,982.0,S,TT Confirm add,4.0,0.4095
24 Jun 26,29747.25,29543.25,-3276.0,L,MWF Long lim,8.0,-0.6883
25 Jun 26,29423.5,29533.5,874.0,L,TT Long lim,4.0,0.3713
25 Jun 26,29423.5,29548.5,994.0,L,TT Long lim,4.0,0.4223
26 Jun 26,29281.75,29556.0,4376.0,L,MWF Long lim,8.0,0.934
29 Jun 26,29613.75,29405.75,-3340.0,L,MWF Long lim,8.0,-0.7049
29 Jun 26,29645.25,29405.75,-1922.0,L,MWF Confirm add,4.0,-0.8104
30 Jun 26,30338.5,30479.0,-1130.0,S,TT Short lim,4.0,-0.4656
30 Jun 26,30338.5,30479.0,-1130.0,S,TT Short lim,4.0,-0.4656
30 Jun 26,30337.25,30479.0,-1140.0,S,TT Confirm add,4.0,-0.4697
01 Jul 26,30176.25,30227.25,804.0,L,MWF Long lim,8.0,0.1665
01 Jul 26,30214.5,30227.25,96.0,L,MWF Confirm add,4.0,0.0397
03 Jul 26,29902.75,29899.75,36.0,S,MWF Short lim,8.0,0.0075
06 Jul 26,29872.75,30075.25,3228.0,L,MWF Long lim,8.0,0.6754
07 Jul 26,29619.25,29478.75,-1130.0,L,TT Long lim,4.0,-0.4769
07 Jul 26,29619.25,29478.75,-1130.0,L,TT Long lim,4.0,-0.4769
08 Jul 26,29213.75,29200.25,204.0,S,MWF Short lim,8.0,0.0436
08 Jul 26,29192.25,29200.25,-70.0,S,MWF Confirm add,4.0,-0.03
09 Jul 26,29833.5,29723.5,874.0,S,TT Short lim,4.0,0.3662
09 Jul 26,29833.5,29723.5,874.0,S,TT Short lim,4.0,0.3662
09 Jul 26,29821.25,29708.5,896.0,S,TT Confirm add,4.0,0.3756
10 Jul 26,29800.5,29992.25,3056.0,L,MWF Long lim,8.0,0.6409
10 Jul 26,29806.25,29992.25,1482.0,L,MWF Confirm add,4.0,0.6215
13 Jul 26,29712.5,29599.25,1800.0,S,MWF Short lim,8.0,0.3786
13 Jul 26,29701.5,29599.25,812.0,S,MWF Confirm add,4.0,0.3417
15 Jul 26,29795.5,29626.75,-2712.0,L,MWF Long lim,8.0,-0.5689
16 Jul 26,29299.0,29409.0,874.0,L,TT Long lim,4.0,0.3729
16 Jul 26,29299.0,29409.0,874.0,L,TT Long lim,4.0,0.3729
16 Jul 26,29310.75,29424.0,900.0,L,TT Confirm add,4.0,0.3838
17 Jul 26,28636.75,28466.75,-2732.0,L,MWF Long lim,8.0,-0.5963
20 Jul 26,29104.75,29090.0,224.0,S,MWF Short lim,8.0,0.0481
20 Jul 26,29091.0,29090.0,2.0,S,MWF Confirm add,4.0,0.0009
21 Jul 26,29175.5,29065.5,874.0,S,TT Short lim,4.0,0.3745
21 Jul 26,29175.5,29065.5,874.0,S,TT Short lim,4.0,0.3745
21 Jul 26,29170.0,29161.0,66.0,S,TT Confirm add,4.0,0.0283
22 Jul 26,29007.5,29328.0,5116.0,L,MWF Long lim,8.0,1.1023
23 Jul 26,28662.5,28772.5,874.0,L,TT Long lim,4.0,0.3812
23 Jul 26,28662.5,28787.5,994.0,L,TT Long lim,4.0,0.4335
24 Jul 26,28594.25,28429.25,-2652.0,L,MWF Long lim,8.0,-0.5797
27 Jul 26,28689.75,28192.25,7948.0,S,MWF Short lim,8.0,1.7315
28 Jul 26,27883.5,27743.0,-1130.0,L,TT Long lim,4.0,-0.5066
28 Jul 26,27883.5,27743.0,-1130.0,L,TT Long lim,4.0,-0.5066
29 Jul 26,27978.25,27423.5,8864.0,S,MWF Short lim,8.0,1.9801
30 Jul 26,28130.5,28020.5,874.0,S,TT Short lim,4.0,0.3884
30 Jul 26,28130.5,28020.5,874.0,S,TT Short lim,4.0,0.3884
30 Jul 26,28122.25,28116.0,44.0,S,TT Confirm add,4.0,0.0196
31 Jul 26,28535.0,28266.0,4292.0,S,MWF Short lim,8.0,0.9401
03 Aug 26,28415.0,28816.5,6412.0,L,MWF Long lim,8.0,1.4103
03 Aug 26,28433.25,28816.5,3060.0,L,MWF Confirm add,4.0,1.3453
04 Aug 26,29463.75,29604.25,-1130.0,S,TT Short lim,4.0,-0.4794
04 Aug 26,29463.75,29604.25,-1130.0,S,TT Short lim,4.0,-0.4794
05 Aug 26,29972.75,29731.5,3848.0,S,MWF Short lim,8.0,0.8024
06 Aug 26,29357.25,29467.25,874.0,L,TT Long lim,4.0,0.3721
06 Aug 26,29357.25,29467.25,874.0,L,TT Long lim,4.0,0.3721
06 Aug 26,29370.5,29482.25,888.0,L,TT Confirm add,4.0,0.3779
07 Aug 26,29574.0,29808.75,3744.0,L,MWF Long lim,8.0,0.7912
10 Aug 26,29758.5,29808.25,784.0,L,MWF Long lim,8.0,0.1647
10 Aug 26,29792.0,29808.25,124.0,L,MWF Confirm add,4.0,0.052
11 Aug 26,29782.0,29641.5,-1130.0,L,TT Long lim,4.0,-0.4743
11 Aug 26,29782.0,29641.5,-1130.0,L,TT Long lim,4.0,-0.4743
13 Aug 26,30197.75,30123.75,1172.0,S,TT Short lim,8.0,0.2426
13 Aug 26,30198.75,30123.75,594.0,S,TT Confirm add,4.0,0.2459
14 Aug 26,30232.25,30096.25,-2188.0,L,MWF Long lim,8.0,-0.4523
17 Aug 26,30280.0,30214.75,1032.0,S,MWF Short lim,8.0,0.213
18 Aug 26,29647.25,29636.5,-184.0,L,TT Long lim,8.0,-0.0388
18 Aug 26,29662.25,29636.5,-212.0,L,TT Confirm add,4.0,-0.0893
19 Aug 26,29743.25,29640.75,1628.0,S,MWF Short lim,8.0,0.3421
19 Aug 26,29736.25,29640.75,758.0,S,MWF Confirm add,4.0,0.3186
20 Aug 26,29344.75,29325.0,304.0,S,TT Short lim,8.0,0.0647
20 Aug 26,29328.5,29325.0,22.0,S,TT Confirm add,4.0,0.0094
21 Aug 26,29498.25,29378.25,-1932.0,L,MWF Long lim,8.0,-0.4093
