# Slipstream (MNQ 10m FVG Continuation) - best return-on-drawdown window 01 Jan 2026 to 28 Aug 2026 - closed trades at Multiplier 5 - hypothetical backtested results, commissions and slippage modeled
exit_day,entry_px,exit_px,net_pnl_usd,side,signal,qty,return_pct
01 Jan 26,26026.0,26037.75,220.0,L,FVGC long,10.0,0.0423
01 Jan 26,26026.0,26070.5,875.0,L,FVGC long,10.0,0.1681
05 Jan 26,26018.0,26068.0,985.0,L,FVGC long,10.0,0.1893
05 Jan 26,26018.0,26206.75,3760.0,L,FVGC long,10.0,0.7226
06 Jan 26,26075.0,26131.0,-1135.0,S,FVGC short,10.0,-0.2176
06 Jan 26,26075.0,26131.0,-1135.0,S,FVGC short,10.0,-0.2176
06 Jan 26,26132.75,26145.75,245.0,L,FVGC long,10.0,0.0469
06 Jan 26,26132.75,26181.75,965.0,L,FVGC long,10.0,0.1846
06 Jan 26,26234.0,26252.75,360.0,L,FVGC long,10.0,0.0686
06 Jan 26,26234.0,26239.25,90.0,L,FVGC long,10.0,0.0172
06 Jan 26,26234.0,26173.5,-1225.0,L,FVGC long,10.0,-0.2335
06 Jan 26,26234.0,26173.5,-1225.0,L,FVGC long,10.0,-0.2335
07 Jan 26,26347.75,26358.75,205.0,L,FVGC long,10.0,0.0389
07 Jan 26,26347.75,26389.0,810.0,L,FVGC long,10.0,0.1537
07 Jan 26,26347.75,26358.75,205.0,L,FVGC long,10.0,0.0389
07 Jan 26,26347.75,26389.0,810.0,L,FVGC long,10.0,0.1537
08 Jan 26,26292.75,26318.0,490.0,L,FVGC long,10.0,0.0932
08 Jan 26,26292.75,26211.0,-1650.0,L,FVGC long,10.0,-0.3138
08 Jan 26,26177.25,26160.75,315.0,S,FVGC short,10.0,0.0602
08 Jan 26,26177.25,26115.25,1225.0,S,FVGC short,10.0,0.234
09 Jan 26,26164.75,26210.5,-930.0,S,FVGC short,10.0,-0.1777
09 Jan 26,26164.75,26210.5,-930.0,S,FVGC short,10.0,-0.1777
09 Jan 26,26246.25,26257.0,200.0,L,FVGC long,10.0,0.0381
09 Jan 26,26246.25,26286.5,790.0,L,FVGC long,10.0,0.1505
09 Jan 26,26306.75,26376.0,1370.0,L,FVGC long,10.0,0.2604
09 Jan 26,26306.75,26437.5,2600.0,L,FVGC long,10.0,0.4942
13 Jan 26,26422.5,26407.25,290.0,S,FVGC short,10.0,0.0549
13 Jan 26,26422.5,26417.25,90.0,S,FVGC short,10.0,0.017
13 Jan 26,26439.75,26468.75,565.0,L,FVGC long,10.0,0.1068
13 Jan 26,26439.75,26445.0,90.0,L,FVGC long,10.0,0.017
13 Jan 26,26407.25,26416.75,175.0,L,FVGC long,10.0,0.0331
14 Jan 26,26407.25,26376.25,-635.0,L,FVGC long,10.0,-0.1202
14 Jan 26,26301.25,26257.0,870.0,S,FVGC short,10.0,0.1654
14 Jan 26,26301.25,26296.0,90.0,S,FVGC short,10.0,0.0171
14 Jan 26,26111.75,26119.75,-175.0,S,FVGC short,10.0,-0.0335
14 Jan 26,26111.75,26119.75,-175.0,S,FVGC short,10.0,-0.0335
14 Jan 26,26050.75,25983.25,1335.0,S,FVGC short,10.0,0.2562
14 Jan 26,26050.75,26045.5,90.0,S,FVGC short,10.0,0.0173
15 Jan 26,26321.5,26334.5,245.0,L,FVGC long,10.0,0.0465
15 Jan 26,26321.5,26370.5,965.0,L,FVGC long,10.0,0.1833
15 Jan 26,26321.5,26334.5,245.0,L,FVGC long,10.0,0.0465
15 Jan 26,26321.5,26370.5,965.0,L,FVGC long,10.0,0.1833
19 Jan 26,25850.75,25877.0,510.0,L,FVGC long,10.0,0.0986
20 Jan 26,25850.75,25856.0,90.0,L,FVGC long,10.0,0.0174
20 Jan 26,25657.5,25702.5,-915.0,S,FVGC short,10.0,-0.1783
20 Jan 26,25657.5,25702.5,-915.0,S,FVGC short,10.0,-0.1783
20 Jan 26,25832.5,25883.75,1010.0,L,FVGC long,10.0,0.1955
20 Jan 26,25832.5,25837.75,90.0,L,FVGC long,10.0,0.0174
20 Jan 26,25646.75,25727.75,-1635.0,S,FVGC short,10.0,-0.3188
20 Jan 26,25646.75,25727.75,-1635.0,S,FVGC short,10.0,-0.3188
20 Jan 26,25717.5,25705.0,235.0,S,FVGC short,10.0,0.0457
21 Jan 26,25717.5,25670.75,920.0,S,FVGC short,10.0,0.1789
21 Jan 26,25677.25,25662.75,275.0,S,FVGC short,10.0,0.0535
21 Jan 26,25677.25,25623.0,1070.0,S,FVGC short,10.0,0.2084
21 Jan 26,25611.75,25588.25,455.0,S,FVGC short,10.0,0.0888
21 Jan 26,25611.75,25606.5,90.0,S,FVGC short,10.0,0.0176
21 Jan 26,25784.75,25861.5,1520.0,L,FVGC long,10.0,0.2947
21 Jan 26,25784.75,26075.25,5795.0,L,FVGC long,10.0,1.1237
22 Jan 26,26028.25,26043.75,295.0,L,FVGC long,10.0,0.0567
22 Jan 26,26028.25,26087.0,1160.0,L,FVGC long,10.0,0.2228
23 Jan 26,26109.75,26098.75,205.0,S,FVGC short,10.0,0.0393
23 Jan 26,26109.75,26068.5,810.0,S,FVGC short,10.0,0.1551
25 Jan 26,26145.0,26139.75,90.0,S,FVGC short,10.0,0.0172
25 Jan 26,26145.0,26139.75,90.0,S,FVGC short,10.0,0.0172
26 Jan 26,26159.5,26125.75,-690.0,L,FVGC long,10.0,-0.1319
26 Jan 26,26159.5,26125.75,-690.0,L,FVGC long,10.0,-0.1319
26 Jan 26,26132.75,26164.75,-655.0,S,FVGC short,10.0,-0.1253
26 Jan 26,26132.75,26164.75,-655.0,S,FVGC short,10.0,-0.1253
26 Jan 26,26188.0,26206.25,350.0,L,FVGC long,10.0,0.0668
26 Jan 26,26188.0,26256.5,1355.0,L,FVGC long,10.0,0.2587
27 Jan 26,26521.25,26474.5,-950.0,L,FVGC long,10.0,-0.1791
27 Jan 26,26521.25,26474.5,-950.0,L,FVGC long,10.0,-0.1791
28 Jan 26,26735.25,26612.0,-2480.0,L,FVGC long,10.0,-0.4638
28 Jan 26,26735.25,26612.0,-2480.0,L,FVGC long,10.0,-0.4638
29 Jan 26,26689.75,26677.0,240.0,S,FVGC short,10.0,0.045
29 Jan 26,26689.75,26642.0,940.0,S,FVGC short,10.0,0.1761
29 Jan 26,26396.5,26348.25,950.0,S,FVGC short,10.0,0.1799
29 Jan 26,26396.5,26391.25,90.0,S,FVGC short,10.0,0.017
29 Jan 26,26473.5,26461.0,235.0,S,FVGC short,10.0,0.0444
29 Jan 26,26473.5,26426.75,920.0,S,FVGC short,10.0,0.1738
29 Jan 26,26462.5,26445.25,330.0,S,FVGC short,10.0,0.0624
29 Jan 26,26462.5,26397.25,1290.0,S,FVGC short,10.0,0.2437
30 Jan 26,26244.5,26231.25,250.0,S,FVGC short,10.0,0.0476
30 Jan 26,26244.5,26287.5,-875.0,S,FVGC short,10.0,-0.1667
30 Jan 26,26360.75,26378.0,330.0,L,FVGC long,10.0,0.0626
30 Jan 26,26360.75,26304.75,-1135.0,L,FVGC long,10.0,-0.2153
30 Jan 26,26284.0,26251.5,635.0,S,FVGC short,10.0,0.1208
30 Jan 26,26284.0,26278.75,90.0,S,FVGC short,10.0,0.0171
01 Feb 26,26091.25,25988.0,2050.0,S,FVGC short,10.0,0.3929
02 Feb 26,26091.25,25699.75,7815.0,S,FVGC short,10.0,1.4976
02 Feb 26,25994.75,26005.0,190.0,L,FVGC long,10.0,0.0365
02 Feb 26,25994.75,26032.75,745.0,L,FVGC long,10.0,0.1433
02 Feb 26,26314.25,26333.0,360.0,L,FVGC long,10.0,0.0684
02 Feb 26,26314.25,26384.75,1395.0,L,FVGC long,10.0,0.2651
02 Feb 26,26366.0,26385.75,380.0,L,FVGC long,10.0,0.0721
02 Feb 26,26366.0,26441.0,1485.0,L,FVGC long,10.0,0.2816
04 Feb 26,25964.0,25924.5,775.0,S,FVGC short,10.0,0.1492
04 Feb 26,25964.0,25814.25,2980.0,S,FVGC short,10.0,0.5739
04 Feb 26,25778.0,25772.75,90.0,S,FVGC short,10.0,0.0175
04 Feb 26,25778.0,25772.75,90.0,S,FVGC short,10.0,0.0175
04 Feb 26,25778.0,25731.75,910.0,S,FVGC short,10.0,0.1765
04 Feb 26,25778.0,25603.25,3480.0,S,FVGC short,10.0,0.675
04 Feb 26,25626.75,25615.5,210.0,S,FVGC short,10.0,0.041
04 Feb 26,25626.75,25584.25,835.0,S,FVGC short,10.0,0.1629
04 Feb 26,25626.75,25615.5,210.0,S,FVGC short,10.0,0.041
04 Feb 26,25626.75,25663.25,-745.0,S,FVGC short,10.0,-0.1454
05 Feb 26,25560.5,25537.0,455.0,S,FVGC short,10.0,0.089
05 Feb 26,25560.5,25555.25,90.0,S,FVGC short,10.0,0.0176
05 Feb 26,25330.75,25325.5,90.0,S,FVGC short,10.0,0.0178
05 Feb 26,25330.75,25325.5,90.0,S,FVGC short,10.0,0.0178
05 Feb 26,25014.0,24964.75,970.0,S,FVGC short,10.0,0.1939
06 Feb 26,25014.0,25008.75,90.0,S,FVGC short,10.0,0.018
06 Feb 26,25311.0,25332.75,420.0,L,FVGC long,10.0,0.083
06 Feb 26,25311.0,25316.25,90.0,L,FVGC long,10.0,0.0178
06 Feb 26,25311.0,25240.25,-1430.0,L,FVGC long,10.0,-0.2825
06 Feb 26,25311.0,25240.25,-1430.0,L,FVGC long,10.0,-0.2825
10 Feb 26,25868.5,25899.5,605.0,L,FVGC long,10.0,0.1169
10 Feb 26,25868.5,25873.75,90.0,L,FVGC long,10.0,0.0174
10 Feb 26,25864.25,25869.5,90.0,L,FVGC long,10.0,0.0174
10 Feb 26,25864.25,25869.5,90.0,L,FVGC long,10.0,0.0174
10 Feb 26,25864.25,25869.5,90.0,L,FVGC long,10.0,0.0174
10 Feb 26,25864.25,25869.5,90.0,L,FVGC long,10.0,0.0174
10 Feb 26,25864.25,25869.5,90.0,L,FVGC long,10.0,0.0174
10 Feb 26,25864.25,25869.5,90.0,L,FVGC long,10.0,0.0174
11 Feb 26,25836.0,25799.5,-745.0,L,FVGC long,10.0,-0.1442
11 Feb 26,25836.0,25799.5,-745.0,L,FVGC long,10.0,-0.1442
11 Feb 26,25695.0,25689.75,90.0,S,FVGC short,10.0,0.0175
11 Feb 26,25695.0,25689.75,90.0,S,FVGC short,10.0,0.0175
11 Feb 26,25695.0,25694.25,0.0,S,FVGC short,10.0,0.0
11 Feb 26,25695.0,25694.25,0.0,S,FVGC short,10.0,0.0
12 Feb 26,25324.0,25313.5,195.0,S,FVGC short,10.0,0.0385
12 Feb 26,25324.0,25357.75,-690.0,S,FVGC short,10.0,-0.1362
12 Feb 26,25318.25,25284.0,670.0,S,FVGC short,10.0,0.1323
12 Feb 26,25318.25,25313.0,90.0,S,FVGC short,10.0,0.0178
13 Feb 26,25204.5,25269.75,-1320.0,S,FVGC short,10.0,-0.2619
13 Feb 26,25204.5,25269.75,-1320.0,S,FVGC short,10.0,-0.2619
13 Feb 26,25219.0,25183.75,690.0,S,FVGC short,10.0,0.1368
13 Feb 26,25219.0,25213.75,90.0,S,FVGC short,10.0,0.0178
13 Feb 26,25219.0,25183.75,690.0,S,FVGC short,10.0,0.1368
13 Feb 26,25219.0,25213.75,90.0,S,FVGC short,10.0,0.0178
16 Feb 26,25307.5,25410.5,-2075.0,S,FVGC short,10.0,-0.41
16 Feb 26,25307.5,25410.5,-2075.0,S,FVGC short,10.0,-0.41
16 Feb 26,25267.0,25250.25,320.0,S,FVGC short,10.0,0.0633
16 Feb 26,25267.0,25321.25,-1100.0,S,FVGC short,10.0,-0.2177
17 Feb 26,25172.25,25150.0,430.0,S,FVGC short,10.0,0.0854
17 Feb 26,25172.25,25088.75,1655.0,S,FVGC short,10.0,0.3287
17 Feb 26,25137.75,25132.5,90.0,S,FVGC short,10.0,0.0179
17 Feb 26,25137.75,25132.5,90.0,S,FVGC short,10.0,0.0179
17 Feb 26,25103.5,25124.75,-440.0,S,FVGC short,10.0,-0.0876
17 Feb 26,25103.5,25124.75,-440.0,S,FVGC short,10.0,-0.0876
17 Feb 26,25171.25,25176.5,90.0,L,FVGC long,10.0,0.0179
17 Feb 26,25171.25,25176.5,90.0,L,FVGC long,10.0,0.0179
17 Feb 26,25171.25,25310.0,2760.0,L,FVGC long,10.0,0.5482
17 Feb 26,25171.25,25275.75,2075.0,L,FVGC long,10.0,0.4122
17 Feb 26,25244.5,25257.25,240.0,L,FVGC long,10.0,0.0475
17 Feb 26,25244.5,25292.25,940.0,L,FVGC long,10.0,0.1862
18 Feb 26,25329.75,25340.0,190.0,L,FVGC long,10.0,0.0375
18 Feb 26,25329.75,25367.75,745.0,L,FVGC long,10.0,0.1471
18 Feb 26,25386.75,25401.75,285.0,L,FVGC long,10.0,0.0561
18 Feb 26,25386.75,25392.0,90.0,L,FVGC long,10.0,0.0177
18 Feb 26,25464.0,25499.75,700.0,L,FVGC long,10.0,0.1374
18 Feb 26,25464.0,25469.25,90.0,L,FVGC long,10.0,0.0177
19 Feb 26,25336.75,25322.0,280.0,S,FVGC short,10.0,0.0553
19 Feb 26,25336.75,25281.25,1095.0,S,FVGC short,10.0,0.2161
19 Feb 26,25336.75,25322.0,280.0,S,FVGC short,10.0,0.0553
19 Feb 26,25336.75,25331.5,90.0,S,FVGC short,10.0,0.0178
20 Feb 26,25363.5,25344.5,365.0,S,FVGC short,10.0,0.072
20 Feb 26,25363.5,25291.75,1420.0,S,FVGC short,10.0,0.2799
22 Feb 26,25517.25,25429.0,-1780.0,L,FVGC long,10.0,-0.3488
22 Feb 26,25517.25,25429.0,-1780.0,L,FVGC long,10.0,-0.3488
23 Feb 26,25460.75,25505.5,880.0,L,FVGC long,10.0,0.1728
23 Feb 26,25460.75,25466.0,90.0,L,FVGC long,10.0,0.0177
24 Feb 26,25343.75,25356.5,240.0,L,FVGC long,10.0,0.0473
24 Feb 26,25343.75,25302.5,-840.0,L,FVGC long,10.0,-0.1657
24 Feb 26,25327.5,25306.25,410.0,S,FVGC short,10.0,0.0809
24 Feb 26,25327.5,25396.5,-1395.0,S,FVGC short,10.0,-0.2754
24 Feb 26,25347.75,25362.5,280.0,L,FVGC long,10.0,0.0552
24 Feb 26,25347.75,25353.0,90.0,L,FVGC long,10.0,0.0178
25 Feb 26,25787.25,25845.25,1145.0,L,FVGC long,10.0,0.222
25 Feb 26,25787.25,25966.75,3575.0,L,FVGC long,10.0,0.6932
27 Feb 26,25528.25,25498.75,575.0,S,FVGC short,10.0,0.1126
27 Feb 26,25528.25,25523.0,90.0,S,FVGC short,10.0,0.0176
27 Feb 26,25527.5,25508.5,365.0,S,FVGC short,10.0,0.0715
27 Feb 26,25527.5,25455.75,1420.0,S,FVGC short,10.0,0.2781
27 Feb 26,25484.25,25462.75,415.0,S,FVGC short,10.0,0.0814
27 Feb 26,25484.25,25402.75,1615.0,S,FVGC short,10.0,0.3169
02 Mar 26,25375.0,25205.0,3385.0,S,FVGC short,10.0,0.667
02 Mar 26,25375.0,25369.75,90.0,S,FVGC short,10.0,0.0177
02 Mar 26,25371.5,25360.25,210.0,S,FVGC short,10.0,0.0414
02 Mar 26,25371.5,25329.0,835.0,S,FVGC short,10.0,0.1646
03 Mar 26,25090.25,25057.0,650.0,S,FVGC short,10.0,0.1295
03 Mar 26,25090.25,24964.5,2500.0,S,FVGC short,10.0,0.4982
03 Mar 26,25090.25,25089.25,5.0,S,FVGC short,10.0,0.001
03 Mar 26,25090.25,25089.25,5.0,S,FVGC short,10.0,0.001
03 Mar 26,25232.0,25269.5,735.0,L,FVGC long,10.0,0.1456
03 Mar 26,25232.0,25237.25,90.0,L,FVGC long,10.0,0.0178
04 Mar 26,25298.0,25344.0,905.0,L,FVGC long,10.0,0.1789
04 Mar 26,25298.0,25471.5,3455.0,L,FVGC long,10.0,0.6829
04 Mar 26,25705.25,25719.0,260.0,L,FVGC long,10.0,0.0506
04 Mar 26,25705.25,25660.25,-915.0,L,FVGC long,10.0,-0.178
05 Mar 26,25528.5,25509.0,375.0,S,FVGC short,10.0,0.0734
05 Mar 26,25528.5,25591.75,-1280.0,S,FVGC short,10.0,-0.2507
05 Mar 26,25599.75,25605.0,90.0,L,FVGC long,10.0,0.0176
05 Mar 26,25599.75,25605.0,90.0,L,FVGC long,10.0,0.0176
05 Mar 26,25599.75,25605.0,90.0,L,FVGC long,10.0,0.0176
05 Mar 26,25599.75,25605.0,90.0,L,FVGC long,10.0,0.0176
05 Mar 26,25599.75,25605.0,90.0,L,FVGC long,10.0,0.0176
05 Mar 26,25599.75,25605.0,90.0,L,FVGC long,10.0,0.0176
05 Mar 26,25599.75,25595.0,-110.0,L,FVGC long,10.0,-0.0215
05 Mar 26,25599.75,25595.0,-110.0,L,FVGC long,10.0,-0.0215
05 Mar 26,25525.75,25563.5,740.0,L,FVGC long,10.0,0.145
05 Mar 26,25525.75,25531.0,90.0,L,FVGC long,10.0,0.0176
05 Mar 26,25580.75,25587.75,-155.0,S,FVGC short,10.0,-0.0303
05 Mar 26,25580.75,25587.75,-155.0,S,FVGC short,10.0,-0.0303
05 Mar 26,25580.75,25514.0,1320.0,S,FVGC short,10.0,0.258
05 Mar 26,25580.75,25328.0,5040.0,S,FVGC short,10.0,0.9851
06 Mar 26,25228.25,25233.5,-120.0,S,FVGC short,10.0,-0.0238
06 Mar 26,25228.25,25233.5,-120.0,S,FVGC short,10.0,-0.0238
09 Mar 26,24864.25,24869.5,90.0,L,FVGC long,10.0,0.0181
09 Mar 26,24864.25,24869.5,90.0,L,FVGC long,10.0,0.0181
09 Mar 26,24864.25,24917.5,1050.0,L,FVGC long,10.0,0.2111
09 Mar 26,24864.25,24869.5,90.0,L,FVGC long,10.0,0.0181
09 Mar 26,25353.5,25462.5,2165.0,L,FVGC long,10.0,0.427
10 Mar 26,25353.5,25519.25,3300.0,L,FVGC long,10.0,0.6508
11 Mar 26,25610.25,25571.0,-800.0,L,FVGC long,10.0,-0.1562
11 Mar 26,25610.25,25571.0,-800.0,L,FVGC long,10.0,-0.1562
11 Mar 26,25506.25,25503.0,50.0,S,FVGC short,10.0,0.0098
11 Mar 26,25506.25,25503.0,50.0,S,FVGC short,10.0,0.0098
11 Mar 26,25521.5,25526.75,90.0,L,FVGC long,10.0,0.0176
11 Mar 26,25521.5,25526.75,90.0,L,FVGC long,10.0,0.0176
11 Mar 26,25521.5,25453.5,-2750.0,L,FVGC long,20.0,-0.2694
12 Mar 26,25358.25,25393.5,690.0,L,FVGC long,10.0,0.1361
12 Mar 26,25358.25,25363.5,90.0,L,FVGC long,10.0,0.0177
12 Mar 26,25100.5,25080.0,395.0,S,FVGC short,10.0,0.0787
12 Mar 26,25100.5,25023.5,1525.0,S,FVGC short,10.0,0.3038
12 Mar 26,25067.25,25103.0,-730.0,S,FVGC short,10.0,-0.1456
12 Mar 26,25067.25,25103.0,-730.0,S,FVGC short,10.0,-0.1456
13 Mar 26,25101.0,25085.5,295.0,S,FVGC short,10.0,0.0588
13 Mar 26,25101.0,25042.25,1160.0,S,FVGC short,10.0,0.2311
13 Mar 26,24967.75,25081.75,-2295.0,S,FVGC short,10.0,-0.4596
13 Mar 26,24967.75,25081.75,-2295.0,S,FVGC short,10.0,-0.4596
13 Mar 26,25043.5,25022.0,415.0,S,FVGC short,10.0,0.0829
13 Mar 26,25043.5,24962.0,1615.0,S,FVGC short,10.0,0.3224
15 Mar 26,24983.5,25018.5,685.0,L,FVGC long,10.0,0.1371
15 Mar 26,24983.5,24988.75,90.0,L,FVGC long,10.0,0.018
15 Mar 26,24983.5,25018.5,685.0,L,FVGC long,10.0,0.1371
16 Mar 26,24983.5,24988.75,90.0,L,FVGC long,10.0,0.018
16 Mar 26,25141.5,25155.25,260.0,L,FVGC long,10.0,0.0517
16 Mar 26,25141.5,25146.75,90.0,L,FVGC long,10.0,0.0179
16 Mar 26,25141.5,25155.25,260.0,L,FVGC long,10.0,0.0517
16 Mar 26,25141.5,25193.75,1030.0,L,FVGC long,10.0,0.2048
16 Mar 26,25141.5,25155.25,260.0,L,FVGC long,10.0,0.0517
16 Mar 26,25141.5,25193.75,1030.0,L,FVGC long,10.0,0.2048
17 Mar 26,25079.5,25069.25,190.0,S,FVGC short,10.0,0.0379
17 Mar 26,25079.5,25041.5,745.0,S,FVGC short,10.0,0.1485
17 Mar 26,25079.5,25069.25,190.0,S,FVGC short,10.0,0.0379
17 Mar 26,25079.5,25074.25,90.0,S,FVGC short,10.0,0.0179
17 Mar 26,25079.5,25112.5,-675.0,S,FVGC short,10.0,-0.1346
17 Mar 26,25079.5,25112.5,-675.0,S,FVGC short,10.0,-0.1346
17 Mar 26,25329.5,25353.0,455.0,L,FVGC long,10.0,0.0898
17 Mar 26,25329.5,25334.75,90.0,L,FVGC long,10.0,0.0178
17 Mar 26,25329.5,25353.0,455.0,L,FVGC long,10.0,0.0898
17 Mar 26,25329.5,25334.75,90.0,L,FVGC long,10.0,0.0178
18 Mar 26,25174.5,25151.75,440.0,S,FVGC short,10.0,0.0874
18 Mar 26,25174.5,25169.25,90.0,S,FVGC short,10.0,0.0179
18 Mar 26,25168.0,25143.25,480.0,S,FVGC short,10.0,0.0954
18 Mar 26,25168.0,25074.75,1850.0,S,FVGC short,10.0,0.3675
18 Mar 26,24993.0,24978.5,275.0,S,FVGC short,10.0,0.055
19 Mar 26,24993.0,24938.75,1070.0,S,FVGC short,10.0,0.2141
19 Mar 26,24766.0,24744.25,420.0,S,FVGC short,10.0,0.0848
19 Mar 26,24766.0,24760.75,90.0,S,FVGC short,10.0,0.0182
20 Mar 26,24859.0,24864.25,90.0,L,FVGC long,10.0,0.0181
20 Mar 26,24859.0,24864.25,90.0,L,FVGC long,10.0,0.0181
20 Mar 26,24648.25,24643.0,90.0,S,FVGC short,10.0,0.0183
20 Mar 26,24648.25,24643.0,90.0,S,FVGC short,10.0,0.0183
22 Mar 26,24387.5,24382.25,90.0,S,FVGC short,10.0,0.0185
22 Mar 26,24387.5,24382.25,90.0,S,FVGC short,10.0,0.0185
22 Mar 26,24312.25,24256.0,1110.0,S,FVGC short,10.0,0.2283
23 Mar 26,24312.25,24307.0,90.0,S,FVGC short,10.0,0.0185
24 Mar 26,24714.75,24522.25,-3865.0,L,FVGC long,10.0,-0.7819
24 Mar 26,24714.75,24522.25,-3865.0,L,FVGC long,10.0,-0.7819
24 Mar 26,24608.5,24578.75,580.0,S,FVGC short,10.0,0.1178
24 Mar 26,24608.5,24607.25,10.0,S,FVGC short,10.0,0.002
24 Mar 26,24608.5,24578.75,580.0,S,FVGC short,10.0,0.1178
24 Mar 26,24608.5,24603.25,90.0,S,FVGC short,10.0,0.0183
25 Mar 26,24620.0,24625.25,90.0,L,FVGC long,10.0,0.0183
25 Mar 26,24620.0,24625.25,90.0,L,FVGC long,10.0,0.0183
25 Mar 26,24738.75,24741.5,40.0,L,FVGC long,10.0,0.0081
25 Mar 26,24738.75,24741.5,40.0,L,FVGC long,10.0,0.0081
25 Mar 26,24748.75,24702.5,910.0,S,FVGC short,10.0,0.1838
25 Mar 26,24748.75,24743.5,90.0,S,FVGC short,10.0,0.0182
25 Mar 26,24664.25,24629.75,675.0,S,FVGC short,10.0,0.1368
25 Mar 26,24664.25,24659.0,90.0,S,FVGC short,10.0,0.0182
25 Mar 26,24630.5,24690.25,-1210.0,S,FVGC short,10.0,-0.2456
25 Mar 26,24630.5,24690.25,-1210.0,S,FVGC short,10.0,-0.2456
26 Mar 26,24158.75,24149.0,180.0,S,FVGC short,10.0,0.0373
26 Mar 26,24158.75,24190.75,-655.0,S,FVGC short,10.0,-0.1356
26 Mar 26,24147.0,24136.5,195.0,S,FVGC short,10.0,0.0404
26 Mar 26,24147.0,24180.75,-690.0,S,FVGC short,10.0,-0.1429
27 Mar 26,23959.0,23947.5,215.0,S,FVGC short,10.0,0.0449
27 Mar 26,23959.0,23915.5,855.0,S,FVGC short,10.0,0.1784
27 Mar 26,23839.25,23780.0,1170.0,S,FVGC short,10.0,0.2454
27 Mar 26,23839.25,23834.0,90.0,S,FVGC short,10.0,0.0189
27 Mar 26,23839.25,23850.0,-230.0,S,FVGC short,10.0,-0.0482
27 Mar 26,23839.25,23850.0,-230.0,S,FVGC short,10.0,-0.0482
29 Mar 26,23530.75,23496.25,675.0,S,FVGC short,10.0,0.1434
29 Mar 26,23530.75,23525.5,90.0,S,FVGC short,10.0,0.0191
29 Mar 26,23519.75,23530.75,-235.0,S,FVGC short,10.0,-0.05
29 Mar 26,23519.75,23530.75,-235.0,S,FVGC short,10.0,-0.05
29 Mar 26,23519.75,23467.5,1030.0,S,FVGC short,10.0,0.219
29 Mar 26,23519.75,23514.5,90.0,S,FVGC short,10.0,0.0191
30 Mar 26,23687.0,23648.25,760.0,S,FVGC short,10.0,0.1604
30 Mar 26,23687.0,23681.75,90.0,S,FVGC short,10.0,0.019
30 Mar 26,23687.0,23648.25,760.0,S,FVGC short,10.0,0.1604
30 Mar 26,23687.0,23540.5,2915.0,S,FVGC short,10.0,0.6153
30 Mar 26,23368.25,23326.0,830.0,S,FVGC short,10.0,0.1776
30 Mar 26,23368.25,23363.0,90.0,S,FVGC short,10.0,0.0193
30 Mar 26,23628.25,23646.75,355.0,L,FVGC long,10.0,0.0751
30 Mar 26,23628.25,23697.75,1375.0,L,FVGC long,10.0,0.291
31 Mar 26,23628.25,23568.5,-1210.0,L,FVGC long,10.0,-0.256
31 Mar 26,23628.25,23568.5,-1210.0,L,FVGC long,10.0,-0.256
31 Mar 26,23617.5,23632.5,285.0,L,FVGC long,10.0,0.0603
31 Mar 26,23617.5,23569.0,-985.0,L,FVGC long,10.0,-0.2085
31 Mar 26,23608.0,23642.25,670.0,L,FVGC long,10.0,0.1419
31 Mar 26,23608.0,23737.0,2565.0,L,FVGC long,10.0,0.5432
31 Mar 26,23773.0,23778.25,90.0,L,FVGC long,10.0,0.0189
31 Mar 26,23773.0,23778.25,90.0,L,FVGC long,10.0,0.0189
31 Mar 26,23754.25,23771.25,325.0,L,FVGC long,10.0,0.0684
31 Mar 26,23754.25,23759.5,90.0,L,FVGC long,10.0,0.0189
31 Mar 26,23754.25,23771.25,325.0,L,FVGC long,10.0,0.0684
31 Mar 26,23754.25,23818.25,1265.0,L,FVGC long,10.0,0.2663
01 Apr 26,24391.5,24419.0,535.0,L,FVGC long,10.0,0.1097
01 Apr 26,24391.5,24396.75,90.0,L,FVGC long,10.0,0.0184
01 Apr 26,24489.0,24489.75,0.0,L,FVGC long,10.0,0.0
01 Apr 26,24489.0,24489.75,0.0,L,FVGC long,10.0,0.0
02 Apr 26,24353.5,24358.75,90.0,L,FVGC long,10.0,0.0185
02 Apr 26,24353.5,24358.75,90.0,L,FVGC long,10.0,0.0185
02 Apr 26,24477.0,24482.25,90.0,L,FVGC long,10.0,0.0184
02 Apr 26,24477.0,24482.25,90.0,L,FVGC long,10.0,0.0184
03 Apr 26,24477.0,24512.25,690.0,L,FVGC long,10.0,0.1409
03 Apr 26,24477.0,24482.25,90.0,L,FVGC long,10.0,0.0184
05 Apr 26,24399.0,24442.0,-875.0,S,FVGC short,10.0,-0.1793
05 Apr 26,24399.0,24442.0,-875.0,S,FVGC short,10.0,-0.1793
06 Apr 26,24587.0,24600.25,250.0,L,FVGC long,10.0,0.0508
06 Apr 26,24587.0,24637.0,985.0,L,FVGC long,10.0,0.2003
06 Apr 26,24580.5,24594.75,270.0,L,FVGC long,10.0,0.0549
06 Apr 26,24580.5,24633.75,1050.0,L,FVGC long,10.0,0.2136
06 Apr 26,24592.5,24643.75,1010.0,L,FVGC long,10.0,0.2053
06 Apr 26,24592.5,24597.75,90.0,L,FVGC long,10.0,0.0183
07 Apr 26,24562.75,24516.5,910.0,S,FVGC short,10.0,0.1852
07 Apr 26,24562.75,24557.5,90.0,S,FVGC short,10.0,0.0183
07 Apr 26,24432.0,24431.0,5.0,S,FVGC short,10.0,0.001
07 Apr 26,24432.0,24431.0,5.0,S,FVGC short,10.0,0.001
07 Apr 26,24387.0,24331.5,1095.0,S,FVGC short,10.0,0.2245
07 Apr 26,24387.0,24381.75,90.0,S,FVGC short,10.0,0.0185
07 Apr 26,24764.0,24760.5,-85.0,L,FVGC long,10.0,-0.0172
07 Apr 26,24764.0,24760.5,-85.0,L,FVGC long,10.0,-0.0172
08 Apr 26,25492.25,25504.0,220.0,L,FVGC long,10.0,0.0432
08 Apr 26,25492.25,25536.75,875.0,L,FVGC long,10.0,0.1716
08 Apr 26,25361.0,25375.5,275.0,L,FVGC long,10.0,0.0542
08 Apr 26,25361.0,25415.25,1070.0,L,FVGC long,10.0,0.211
08 Apr 26,25361.0,25375.5,275.0,L,FVGC long,10.0,0.0542
08 Apr 26,25361.0,25415.25,1070.0,L,FVGC long,10.0,0.211
09 Apr 26,25564.25,25573.75,175.0,L,FVGC long,10.0,0.0342
10 Apr 26,25564.25,25533.25,-635.0,L,FVGC long,10.0,-0.1242
10 Apr 26,25555.75,25538.0,340.0,S,FVGC short,10.0,0.0665
10 Apr 26,25555.75,25613.5,-1170.0,S,FVGC short,10.0,-0.2289
13 Apr 26,25437.0,25465.5,555.0,L,FVGC long,10.0,0.1091
13 Apr 26,25437.0,25544.5,2135.0,L,FVGC long,10.0,0.4197
13 Apr 26,25576.25,25587.5,210.0,L,FVGC long,10.0,0.0411
13 Apr 26,25576.25,25539.75,-745.0,L,FVGC long,10.0,-0.1456
13 Apr 26,25645.25,25688.0,840.0,L,FVGC long,10.0,0.1638
13 Apr 26,25645.25,25807.0,3220.0,L,FVGC long,10.0,0.6278
15 Apr 26,26259.5,26272.25,240.0,L,FVGC long,10.0,0.0457
15 Apr 26,26259.5,26307.25,940.0,L,FVGC long,10.0,0.179
15 Apr 26,26722.5,26737.25,280.0,L,FVGC long,10.0,0.0524
15 Apr 26,26722.5,26727.75,90.0,L,FVGC long,10.0,0.0168
16 Apr 26,26722.5,26737.25,280.0,L,FVGC long,10.0,0.0524
16 Apr 26,26722.5,26778.0,1095.0,L,FVGC long,10.0,0.2049
16 Apr 26,26734.75,26735.0,-10.0,L,FVGC long,10.0,-0.0019
16 Apr 26,26734.75,26735.0,-10.0,L,FVGC long,10.0,-0.0019
17 Apr 26,26800.25,26811.75,215.0,L,FVGC long,10.0,0.0401
17 Apr 26,26800.25,26805.5,90.0,L,FVGC long,10.0,0.0168
17 Apr 26,26868.75,26884.25,295.0,L,FVGC long,10.0,0.0549
17 Apr 26,26868.75,26927.5,1160.0,L,FVGC long,10.0,0.2159
17 Apr 26,26897.75,26920.25,435.0,L,FVGC long,10.0,0.0809
17 Apr 26,26897.75,26980.25,1635.0,L,FVGC long,10.0,0.3039
17 Apr 26,27073.0,27078.25,90.0,L,FVGC long,10.0,0.0166
17 Apr 26,27073.0,27078.25,90.0,L,FVGC long,10.0,0.0166
17 Apr 26,27073.0,27129.75,1120.0,L,FVGC long,10.0,0.2068
17 Apr 26,27073.0,27130.75,1140.0,L,FVGC long,10.0,0.2105
20 Apr 26,27030.25,27046.75,315.0,L,FVGC long,10.0,0.0583
20 Apr 26,27030.25,27035.5,90.0,L,FVGC long,10.0,0.0166
20 Apr 26,26966.25,26940.0,510.0,S,FVGC short,10.0,0.0946
20 Apr 26,26966.25,26961.0,90.0,S,FVGC short,10.0,0.0167
21 Apr 26,27098.75,26982.75,-2335.0,L,FVGC long,10.0,-0.4308
21 Apr 26,27098.75,26982.75,-2335.0,L,FVGC long,10.0,-0.4308
21 Apr 26,27060.75,27026.0,680.0,S,FVGC short,10.0,0.1256
21 Apr 26,27060.75,27055.5,90.0,S,FVGC short,10.0,0.0166
21 Apr 26,27060.75,27026.0,680.0,S,FVGC short,10.0,0.1256
21 Apr 26,27060.75,26929.5,2610.0,S,FVGC short,10.0,0.4822
22 Apr 26,27120.25,27081.75,-785.0,L,FVGC long,10.0,-0.1447
22 Apr 26,27120.25,27081.75,-785.0,L,FVGC long,10.0,-0.1447
22 Apr 26,27123.25,27142.75,375.0,L,FVGC long,10.0,0.0691
22 Apr 26,27123.25,27128.5,90.0,L,FVGC long,10.0,0.0166
22 Apr 26,27326.25,27273.0,-1080.0,L,FVGC long,10.0,-0.1976
22 Apr 26,27326.25,27273.0,-1080.0,L,FVGC long,10.0,-0.1976
22 Apr 26,27326.25,27342.75,315.0,L,FVGC long,10.0,0.0576
22 Apr 26,27326.25,27331.5,90.0,L,FVGC long,10.0,0.0165
22 Apr 26,27326.25,27273.0,-1080.0,L,FVGC long,10.0,-0.1976
22 Apr 26,27326.25,27273.0,-1080.0,L,FVGC long,10.0,-0.1976
23 Apr 26,27233.5,27273.75,-820.0,S,FVGC short,10.0,-0.1505
23 Apr 26,27233.5,27273.75,-820.0,S,FVGC short,10.0,-0.1505
23 Apr 26,27263.0,27280.5,335.0,L,FVGC long,10.0,0.0614
23 Apr 26,27263.0,27206.0,-1155.0,L,FVGC long,10.0,-0.2118
23 Apr 26,27236.25,27220.75,295.0,S,FVGC short,10.0,0.0542
23 Apr 26,27236.25,27286.75,-1025.0,S,FVGC short,10.0,-0.1882
23 Apr 26,27262.75,27299.5,720.0,L,FVGC long,10.0,0.132
23 Apr 26,27262.75,27305.25,835.0,L,FVGC long,10.0,0.1531
23 Apr 26,27286.75,27325.25,755.0,L,FVGC long,10.0,0.1383
23 Apr 26,27286.75,27432.0,2890.0,L,FVGC long,10.0,0.5296
23 Apr 26,27415.75,27426.75,205.0,L,FVGC long,10.0,0.0374
23 Apr 26,27415.75,27380.0,-730.0,L,FVGC long,10.0,-0.1331
23 Apr 26,27234.75,27201.5,650.0,S,FVGC short,10.0,0.1193
23 Apr 26,27234.75,27229.5,90.0,S,FVGC short,10.0,0.0165
24 Apr 26,27377.0,27389.5,235.0,L,FVGC long,10.0,0.0429
24 Apr 26,27377.0,27423.75,920.0,L,FVGC long,10.0,0.168
24 Apr 26,27377.0,27389.5,235.0,L,FVGC long,10.0,0.0429
24 Apr 26,27377.0,27423.75,920.0,L,FVGC long,10.0,0.168
24 Apr 26,27517.0,27522.25,90.0,L,FVGC long,10.0,0.0164
24 Apr 26,27517.0,27522.25,90.0,L,FVGC long,10.0,0.0164
24 Apr 26,27517.0,27611.25,1870.0,L,FVGC long,10.0,0.3398
24 Apr 26,27517.0,27732.25,4290.0,L,FVGC long,10.0,0.7795
27 Apr 26,27729.5,27701.75,540.0,S,FVGC short,10.0,0.0974
27 Apr 26,27729.5,27724.25,90.0,S,FVGC short,10.0,0.0162
27 Apr 26,27706.0,27717.0,205.0,L,FVGC long,10.0,0.037
28 Apr 26,27706.0,27670.25,-730.0,L,FVGC long,10.0,-0.1317
28 Apr 26,27424.0,27481.75,-2340.0,S,FVGC short,20.0,-0.2133
28 Apr 26,27498.75,27524.5,500.0,L,FVGC long,10.0,0.0909
29 Apr 26,27498.75,27596.5,1940.0,L,FVGC long,10.0,0.3527
29 Apr 26,27569.5,27580.0,195.0,L,FVGC long,10.0,0.0354
29 Apr 26,27569.5,27608.75,770.0,L,FVGC long,10.0,0.1396
29 Apr 26,27532.25,27553.5,410.0,L,FVGC long,10.0,0.0745
29 Apr 26,27532.25,27537.5,90.0,L,FVGC long,10.0,0.0163
29 Apr 26,27532.25,27553.5,410.0,L,FVGC long,10.0,0.0745
29 Apr 26,27532.25,27463.25,-1395.0,L,FVGC long,10.0,-0.2533
30 Apr 26,27599.25,27604.5,90.0,L,FVGC long,10.0,0.0163
30 Apr 26,27599.25,27604.5,90.0,L,FVGC long,10.0,0.0163
30 Apr 26,27661.0,27670.75,180.0,L,FVGC long,10.0,0.0325
30 Apr 26,27661.0,27629.0,-655.0,L,FVGC long,10.0,-0.1184
30 Apr 26,27676.0,27697.75,420.0,L,FVGC long,10.0,0.0759
30 Apr 26,27676.0,27681.25,90.0,L,FVGC long,10.0,0.0163
30 Apr 26,27719.25,27714.0,90.0,S,FVGC short,10.0,0.0162
30 Apr 26,27719.25,27714.0,90.0,S,FVGC short,10.0,0.0162
30 Apr 26,27719.25,27714.0,90.0,S,FVGC short,10.0,0.0162
30 Apr 26,27719.25,27714.0,90.0,S,FVGC short,10.0,0.0162
01 May 26,27875.5,27893.25,340.0,L,FVGC long,10.0,0.061
01 May 26,27875.5,27942.75,1330.0,L,FVGC long,10.0,0.2386
01 May 26,28116.25,28180.75,1275.0,L,FVGC long,10.0,0.2267
01 May 26,28116.25,28121.5,90.0,L,FVGC long,10.0,0.016
01 May 26,28172.5,28105.5,-1355.0,L,FVGC long,10.0,-0.2405
01 May 26,28172.5,28105.5,-1355.0,L,FVGC long,10.0,-0.2405
01 May 26,28153.75,28172.75,365.0,L,FVGC long,10.0,0.0648
01 May 26,28153.75,28092.25,-1245.0,L,FVGC long,10.0,-0.2211
03 May 26,28120.75,28126.0,90.0,L,FVGC long,10.0,0.016
03 May 26,28120.75,28126.0,90.0,L,FVGC long,10.0,0.016
03 May 26,28121.0,28192.0,1405.0,L,FVGC long,10.0,0.2498
04 May 26,28121.0,28126.25,90.0,L,FVGC long,10.0,0.016
04 May 26,28096.25,27940.75,3095.0,S,FVGC short,10.0,0.5508
04 May 26,28096.25,28091.0,90.0,S,FVGC short,10.0,0.016
04 May 26,28078.5,28065.0,255.0,S,FVGC short,10.0,0.0454
04 May 26,28078.5,28073.25,90.0,S,FVGC short,10.0,0.016
04 May 26,28117.5,28128.75,210.0,L,FVGC long,10.0,0.0373
05 May 26,28117.5,28122.75,90.0,L,FVGC long,10.0,0.016
06 May 26,28710.0,28722.5,235.0,L,FVGC long,10.0,0.0409
06 May 26,28710.0,28756.75,920.0,L,FVGC long,10.0,0.1602
06 May 26,28983.0,28995.25,230.0,L,FVGC long,10.0,0.0397
07 May 26,28983.0,28988.25,90.0,L,FVGC long,10.0,0.0155
07 May 26,29040.25,29051.25,205.0,L,FVGC long,10.0,0.0353
07 May 26,29040.25,29004.5,-730.0,L,FVGC long,10.0,-0.1257
07 May 26,29102.0,29116.25,270.0,L,FVGC long,10.0,0.0464
07 May 26,29102.0,29056.25,-930.0,L,FVGC long,10.0,-0.1598
07 May 26,28920.25,28897.25,445.0,S,FVGC short,10.0,0.0769
07 May 26,28920.25,28994.75,-1505.0,S,FVGC short,10.0,-0.2602
08 May 26,29132.5,29147.0,275.0,L,FVGC long,10.0,0.0472
08 May 26,29132.5,29137.75,90.0,L,FVGC long,10.0,0.0154
08 May 26,29210.0,29238.25,550.0,L,FVGC long,10.0,0.0941
08 May 26,29210.0,29316.25,2110.0,L,FVGC long,10.0,0.3612
08 May 26,29421.25,29432.0,200.0,L,FVGC long,10.0,0.034
08 May 26,29421.25,29461.5,790.0,L,FVGC long,10.0,0.1343
10 May 26,29601.75,29624.0,430.0,L,FVGC long,10.0,0.0726
10 May 26,29601.75,29685.25,1655.0,L,FVGC long,10.0,0.2795
11 May 26,29623.25,29628.5,90.0,L,FVGC long,10.0,0.0152
11 May 26,29623.25,29628.5,90.0,L,FVGC long,10.0,0.0152
11 May 26,29585.5,29596.5,205.0,L,FVGC long,10.0,0.0346
11 May 26,29585.5,29626.75,810.0,L,FVGC long,10.0,0.1369
11 May 26,29657.5,29668.5,205.0,L,FVGC long,10.0,0.0346
11 May 26,29657.5,29698.75,810.0,L,FVGC long,10.0,0.1366
11 May 26,29704.75,29665.5,-800.0,L,FVGC long,10.0,-0.1347
11 May 26,29704.75,29665.5,-800.0,L,FVGC long,10.0,-0.1347
11 May 26,29653.25,29638.25,285.0,S,FVGC short,10.0,0.0481
12 May 26,29653.25,29596.75,1115.0,S,FVGC short,10.0,0.188
12 May 26,29514.75,29483.25,615.0,S,FVGC short,10.0,0.1042
12 May 26,29514.75,29509.5,90.0,S,FVGC short,10.0,0.0152
12 May 26,29514.75,29483.25,615.0,S,FVGC short,10.0,0.1042
12 May 26,29514.75,29509.5,90.0,S,FVGC short,10.0,0.0152
12 May 26,29504.5,29494.0,195.0,S,FVGC short,10.0,0.033
12 May 26,29504.5,29465.25,770.0,S,FVGC short,10.0,0.1305
12 May 26,29476.25,29429.25,925.0,S,FVGC short,10.0,0.1569
12 May 26,29476.25,29298.25,3545.0,S,FVGC short,10.0,0.6013
12 May 26,29417.75,29445.0,530.0,L,FVGC long,10.0,0.0901
12 May 26,29417.75,29520.75,2045.0,L,FVGC long,10.0,0.3476
13 May 26,29590.0,29631.5,815.0,L,FVGC long,10.0,0.1377
13 May 26,29590.0,29595.25,90.0,L,FVGC long,10.0,0.0152
13 May 26,29868.75,29891.75,445.0,L,FVGC long,10.0,0.0745
13 May 26,29868.75,29874.0,90.0,L,FVGC long,10.0,0.0151
14 May 26,29841.25,29850.75,175.0,L,FVGC long,10.0,0.0293
14 May 26,29841.25,29877.25,705.0,L,FVGC long,10.0,0.1181
14 May 26,29998.75,29935.5,-1280.0,L,FVGC long,10.0,-0.2133
14 May 26,29998.75,29935.5,-1280.0,L,FVGC long,10.0,-0.2133
15 May 26,29599.5,29594.25,90.0,S,FVGC short,10.0,0.0152
15 May 26,29599.5,29594.25,90.0,S,FVGC short,10.0,0.0152
15 May 26,29599.5,29749.5,-3015.0,S,FVGC short,10.0,-0.5093
15 May 26,29599.5,29749.5,-3015.0,S,FVGC short,10.0,-0.5093
17 May 26,29356.0,29299.5,1115.0,S,FVGC short,10.0,0.1899
17 May 26,29356.0,29350.75,90.0,S,FVGC short,10.0,0.0153
18 May 26,29356.5,29320.0,715.0,S,FVGC short,10.0,0.1218
18 May 26,29356.5,29351.25,90.0,S,FVGC short,10.0,0.0153
18 May 26,29481.5,29494.75,250.0,L,FVGC long,10.0,0.0424
18 May 26,29481.5,29531.5,985.0,L,FVGC long,10.0,0.1671
18 May 26,29481.5,29494.75,250.0,L,FVGC long,10.0,0.0424
18 May 26,29481.5,29438.5,-875.0,L,FVGC long,10.0,-0.1484
18 May 26,29453.0,29519.0,-1335.0,S,FVGC short,10.0,-0.2266
18 May 26,29453.0,29519.0,-1335.0,S,FVGC short,10.0,-0.2266
18 May 26,29393.75,29416.25,435.0,L,FVGC long,10.0,0.074
18 May 26,29393.75,29399.0,90.0,L,FVGC long,10.0,0.0153
18 May 26,29320.5,29289.25,610.0,S,FVGC short,10.0,0.104
19 May 26,29320.5,29202.25,2350.0,S,FVGC short,10.0,0.4007
19 May 26,29269.0,29256.0,245.0,S,FVGC short,10.0,0.0419
19 May 26,29269.0,29263.75,90.0,S,FVGC short,10.0,0.0154
19 May 26,29166.25,29161.0,90.0,S,FVGC short,10.0,0.0154
19 May 26,29166.25,29161.0,90.0,S,FVGC short,10.0,0.0154
19 May 26,29338.25,29361.5,450.0,L,FVGC long,10.0,0.0767
19 May 26,29338.25,29343.5,90.0,L,FVGC long,10.0,0.0153
19 May 26,29253.0,29233.25,380.0,S,FVGC short,10.0,0.065
19 May 26,29253.0,29247.75,90.0,S,FVGC short,10.0,0.0154
19 May 26,29231.25,29203.5,540.0,S,FVGC short,10.0,0.0924
20 May 26,29231.25,29226.0,90.0,S,FVGC short,10.0,0.0154
20 May 26,29229.25,29183.0,910.0,S,FVGC short,10.0,0.1557
20 May 26,29229.25,29224.0,90.0,S,FVGC short,10.0,0.0154
21 May 26,29619.5,29646.0,-545.0,S,FVGC short,10.0,-0.092
21 May 26,29619.5,29646.0,-545.0,S,FVGC short,10.0,-0.092
21 May 26,29772.25,29806.75,675.0,L,FVGC long,10.0,0.1134
22 May 26,29772.25,29902.5,2590.0,L,FVGC long,10.0,0.435
22 May 26,29912.5,29880.5,-655.0,L,FVGC long,10.0,-0.1095
22 May 26,29912.5,29880.5,-655.0,L,FVGC long,10.0,-0.1095
22 May 26,29806.0,29788.5,335.0,S,FVGC short,10.0,0.0562
22 May 26,29806.0,29863.0,-1155.0,S,FVGC short,10.0,-0.1938
25 May 26,30235.5,30255.25,380.0,L,FVGC long,10.0,0.0628
25 May 26,30235.5,30240.75,90.0,L,FVGC long,10.0,0.0149
25 May 26,30250.25,30274.0,460.0,L,FVGC long,10.0,0.076
25 May 26,30250.25,30173.0,-1560.0,L,FVGC long,10.0,-0.2578
25 May 26,30147.0,30106.5,795.0,S,FVGC short,10.0,0.1319
26 May 26,30147.0,30141.75,90.0,S,FVGC short,10.0,0.0149
26 May 26,30320.0,30335.75,300.0,L,FVGC long,10.0,0.0495
26 May 26,30320.0,30268.75,-1040.0,L,FVGC long,10.0,-0.1715
26 May 26,30266.75,30302.5,700.0,L,FVGC long,10.0,0.1156
26 May 26,30266.75,30402.25,2695.0,L,FVGC long,10.0,0.4452
27 May 26,30539.5,30582.25,840.0,L,FVGC long,10.0,0.1375
27 May 26,30539.5,30584.0,875.0,L,FVGC long,10.0,0.1433
27 May 26,30578.5,30530.0,-985.0,L,FVGC long,10.0,-0.1611
27 May 26,30578.5,30530.0,-985.0,L,FVGC long,10.0,-0.1611
27 May 26,30372.5,30314.75,-1170.0,L,FVGC long,10.0,-0.1926
27 May 26,30372.5,30314.75,-1170.0,L,FVGC long,10.0,-0.1926
29 May 26,30622.0,30643.5,415.0,L,FVGC long,10.0,0.0678
29 May 26,30622.0,30627.25,90.0,L,FVGC long,10.0,0.0147
29 May 26,30750.0,30749.25,-30.0,L,FVGC long,10.0,-0.0049
29 May 26,30750.0,30749.25,-30.0,L,FVGC long,10.0,-0.0049
29 May 26,30697.25,30712.5,290.0,L,FVGC long,10.0,0.0472
29 May 26,30697.25,30702.5,90.0,L,FVGC long,10.0,0.0147
29 May 26,30697.25,30647.75,-1005.0,L,FVGC long,10.0,-0.1637
29 May 26,30697.25,30647.75,-1005.0,L,FVGC long,10.0,-0.1637
01 Jun 26,30778.5,30766.75,220.0,S,FVGC short,10.0,0.0357
01 Jun 26,30778.5,30734.0,875.0,S,FVGC short,10.0,0.1421
01 Jun 26,30747.5,30733.0,275.0,S,FVGC short,10.0,0.0447
01 Jun 26,30747.5,30693.25,1070.0,S,FVGC short,10.0,0.174
01 Jun 26,30686.75,30685.75,5.0,S,FVGC short,10.0,0.0008
01 Jun 26,30686.75,30685.75,5.0,S,FVGC short,10.0,0.0008
01 Jun 26,30686.75,30665.25,415.0,S,FVGC short,10.0,0.0676
01 Jun 26,30686.75,30756.5,-1410.0,S,FVGC short,10.0,-0.2297
01 Jun 26,30791.25,30811.75,395.0,L,FVGC long,10.0,0.0641
01 Jun 26,30791.25,30868.25,1525.0,L,FVGC long,10.0,0.2476
02 Jun 26,30735.25,30779.25,-895.0,S,FVGC short,10.0,-0.1456
02 Jun 26,30735.25,30779.25,-895.0,S,FVGC short,10.0,-0.1456
02 Jun 26,30831.0,30842.75,220.0,L,FVGC long,10.0,0.0357
02 Jun 26,30831.0,30874.5,855.0,L,FVGC long,10.0,0.1387
02 Jun 26,31020.25,31035.5,290.0,L,FVGC long,10.0,0.0467
02 Jun 26,31020.25,30970.75,-1005.0,L,FVGC long,10.0,-0.162
03 Jun 26,31021.75,31036.5,280.0,L,FVGC long,10.0,0.0451
03 Jun 26,31021.75,31077.25,1095.0,L,FVGC long,10.0,0.1765
03 Jun 26,31021.75,31036.5,280.0,L,FVGC long,10.0,0.0451
03 Jun 26,31021.75,31077.25,1095.0,L,FVGC long,10.0,0.1765
03 Jun 26,30939.0,30891.5,935.0,S,FVGC short,10.0,0.1511
03 Jun 26,30939.0,30933.75,90.0,S,FVGC short,10.0,0.0145
03 Jun 26,30806.25,30789.75,315.0,S,FVGC short,10.0,0.0511
03 Jun 26,30806.25,30801.0,90.0,S,FVGC short,10.0,0.0146
05 Jun 26,30228.5,30155.25,1450.0,S,FVGC short,10.0,0.2398
05 Jun 26,30228.5,29951.0,5535.0,S,FVGC short,10.0,0.9155
07 Jun 26,29249.25,29244.0,90.0,S,FVGC short,10.0,0.0154
07 Jun 26,29249.25,29244.0,90.0,S,FVGC short,10.0,0.0154
07 Jun 26,29467.5,29428.5,765.0,S,FVGC short,10.0,0.1298
07 Jun 26,29467.5,29462.25,90.0,S,FVGC short,10.0,0.0153
07 Jun 26,29467.5,29428.5,765.0,S,FVGC short,10.0,0.1298
07 Jun 26,29467.5,29462.25,90.0,S,FVGC short,10.0,0.0153
07 Jun 26,29467.75,29428.75,765.0,S,FVGC short,10.0,0.1298
07 Jun 26,29467.75,29462.5,90.0,S,FVGC short,10.0,0.0153
08 Jun 26,29435.0,29424.75,190.0,S,FVGC short,10.0,0.0323
08 Jun 26,29435.0,29397.0,745.0,S,FVGC short,10.0,0.1266
08 Jun 26,29781.75,29818.75,725.0,L,FVGC long,10.0,0.1217
08 Jun 26,29781.75,29787.0,90.0,L,FVGC long,10.0,0.0151
08 Jun 26,29759.25,29726.75,635.0,S,FVGC short,10.0,0.1067
08 Jun 26,29759.25,29636.75,2435.0,S,FVGC short,10.0,0.4091
09 Jun 26,29965.0,29983.75,360.0,L,FVGC long,10.0,0.0601
09 Jun 26,29965.0,29970.25,90.0,L,FVGC long,10.0,0.015
09 Jun 26,29965.0,29983.75,360.0,L,FVGC long,10.0,0.0601
09 Jun 26,29965.0,29970.25,90.0,L,FVGC long,10.0,0.015
09 Jun 26,29410.0,29376.5,655.0,S,FVGC short,10.0,0.1114
09 Jun 26,29410.0,29283.0,2525.0,S,FVGC short,10.0,0.4293
09 Jun 26,29410.0,29404.75,90.0,S,FVGC short,10.0,0.0153
09 Jun 26,29410.0,29404.75,90.0,S,FVGC short,10.0,0.0153
09 Jun 26,29358.0,29320.75,730.0,S,FVGC short,10.0,0.1243
09 Jun 26,29358.0,29352.75,90.0,S,FVGC short,10.0,0.0153
10 Jun 26,29222.0,29211.0,205.0,S,FVGC short,10.0,0.0351
10 Jun 26,29222.0,29180.75,810.0,S,FVGC short,10.0,0.1386
10 Jun 26,29222.0,29211.0,205.0,S,FVGC short,10.0,0.0351
10 Jun 26,29222.0,29180.75,810.0,S,FVGC short,10.0,0.1386
10 Jun 26,29124.5,29137.25,-270.0,S,FVGC short,10.0,-0.0464
10 Jun 26,29124.5,29137.25,-270.0,S,FVGC short,10.0,-0.0464
10 Jun 26,29109.25,29114.5,90.0,L,FVGC long,10.0,0.0155
10 Jun 26,29109.25,29114.5,90.0,L,FVGC long,10.0,0.0155
10 Jun 26,29141.75,29103.75,745.0,S,FVGC short,10.0,0.1278
10 Jun 26,29141.75,29081.0,1200.0,S,FVGC short,10.0,0.2059
10 Jun 26,29141.75,29125.5,310.0,S,FVGC short,10.0,0.0532
10 Jun 26,29141.75,29081.0,1200.0,S,FVGC short,10.0,0.2059
10 Jun 26,29141.75,29143.0,-40.0,S,FVGC short,10.0,-0.0069
10 Jun 26,29141.75,29143.0,-40.0,S,FVGC short,10.0,-0.0069
10 Jun 26,29141.75,29136.5,90.0,S,FVGC short,10.0,0.0154
10 Jun 26,29141.75,29136.5,90.0,S,FVGC short,10.0,0.0154
10 Jun 26,28895.0,28861.5,655.0,S,FVGC short,10.0,0.1133
10 Jun 26,28895.0,28889.75,90.0,S,FVGC short,10.0,0.0156
11 Jun 26,28997.25,29020.25,445.0,L,FVGC long,10.0,0.0767
11 Jun 26,28997.25,29084.0,1720.0,L,FVGC long,10.0,0.2966
11 Jun 26,29093.0,29075.0,-375.0,L,FVGC long,10.0,-0.0644
11 Jun 26,29093.0,29075.0,-375.0,L,FVGC long,10.0,-0.0644
11 Jun 26,29174.5,29178.5,65.0,L,FVGC long,10.0,0.0111
11 Jun 26,29174.5,29178.5,65.0,L,FVGC long,10.0,0.0111
12 Jun 26,29733.25,29696.75,-745.0,L,FVGC long,10.0,-0.1253
12 Jun 26,29733.25,29696.75,-745.0,L,FVGC long,10.0,-0.1253
12 Jun 26,29890.25,29904.75,275.0,L,FVGC long,10.0,0.046
12 Jun 26,29890.25,29944.5,1070.0,L,FVGC long,10.0,0.179
12 Jun 26,29890.25,29904.75,275.0,L,FVGC long,10.0,0.046
12 Jun 26,29890.25,29843.5,-950.0,L,FVGC long,10.0,-0.1589
12 Jun 26,29753.25,29873.25,2385.0,L,FVGC long,10.0,0.4008
12 Jun 26,29753.25,29758.5,90.0,L,FVGC long,10.0,0.0151
15 Jun 26,30592.25,30602.5,190.0,L,FVGC long,10.0,0.0311
15 Jun 26,30592.25,30559.25,-675.0,L,FVGC long,10.0,-0.1103
15 Jun 26,30577.0,30594.0,325.0,L,FVGC long,10.0,0.0531
15 Jun 26,30577.0,30582.25,90.0,L,FVGC long,10.0,0.0147
15 Jun 26,30577.0,30594.0,325.0,L,FVGC long,10.0,0.0531
15 Jun 26,30577.0,30641.0,1265.0,L,FVGC long,10.0,0.2069
16 Jun 26,30806.75,30820.0,250.0,L,FVGC long,10.0,0.0406
16 Jun 26,30806.75,30812.0,90.0,L,FVGC long,10.0,0.0146
17 Jun 26,30442.25,30410.75,615.0,S,FVGC short,10.0,0.101
17 Jun 26,30442.25,30437.0,90.0,S,FVGC short,10.0,0.0148
17 Jun 26,30427.0,30472.0,-915.0,S,FVGC short,10.0,-0.1504
17 Jun 26,30427.0,30472.0,-915.0,S,FVGC short,10.0,-0.1504
18 Jun 26,30351.75,30439.0,1730.0,L,FVGC long,10.0,0.285
18 Jun 26,30351.75,30682.5,6600.0,L,FVGC long,10.0,1.0873
19 Jun 26,30591.25,30595.5,-100.0,S,FVGC short,10.0,-0.0163
19 Jun 26,30591.25,30595.5,-100.0,S,FVGC short,10.0,-0.0163
21 Jun 26,30580.75,30586.0,90.0,L,FVGC long,10.0,0.0147
21 Jun 26,30580.75,30586.0,90.0,L,FVGC long,10.0,0.0147
21 Jun 26,30595.25,30590.0,90.0,S,FVGC short,10.0,0.0147
21 Jun 26,30595.25,30590.0,90.0,S,FVGC short,10.0,0.0147
21 Jun 26,30598.75,30609.0,190.0,L,FVGC long,10.0,0.031
21 Jun 26,30598.75,30565.75,-675.0,L,FVGC long,10.0,-0.1103
22 Jun 26,30586.75,30572.25,275.0,S,FVGC short,10.0,0.045
22 Jun 26,30586.75,30633.5,-950.0,S,FVGC short,10.0,-0.1553
22 Jun 26,30800.75,30833.0,630.0,L,FVGC long,10.0,0.1023
22 Jun 26,30800.75,30806.0,90.0,L,FVGC long,10.0,0.0146
23 Jun 26,29928.5,29908.0,395.0,S,FVGC short,10.0,0.066
23 Jun 26,29928.5,29851.5,1525.0,S,FVGC short,10.0,0.2548
23 Jun 26,29744.5,29865.0,-2425.0,S,FVGC short,10.0,-0.4076
23 Jun 26,29744.5,29865.0,-2425.0,S,FVGC short,10.0,-0.4076
23 Jun 26,29755.75,29740.25,295.0,S,FVGC short,10.0,0.0496
24 Jun 26,29755.75,29750.5,90.0,S,FVGC short,10.0,0.0151
24 Jun 26,29794.5,29781.0,255.0,S,FVGC short,10.0,0.0428
24 Jun 26,29794.5,29838.5,-895.0,S,FVGC short,10.0,-0.1502
24 Jun 26,29788.0,29755.5,635.0,S,FVGC short,10.0,0.1066
24 Jun 26,29788.0,29722.75,1290.0,S,FVGC short,10.0,0.2165
24 Jun 26,29744.75,29754.75,-215.0,S,FVGC short,10.0,-0.0361
24 Jun 26,29744.75,29754.75,-215.0,S,FVGC short,10.0,-0.0361
24 Jun 26,29744.75,29727.25,335.0,S,FVGC short,10.0,0.0563
24 Jun 26,29744.75,29801.75,-1155.0,S,FVGC short,10.0,-0.1942
24 Jun 26,30057.0,30107.75,1000.0,L,FVGC long,10.0,0.1664
24 Jun 26,30057.0,30062.25,90.0,L,FVGC long,10.0,0.015
24 Jun 26,30057.0,30062.25,90.0,L,FVGC long,10.0,0.015
24 Jun 26,30057.0,30062.25,90.0,L,FVGC long,10.0,0.015
25 Jun 26,30082.5,30096.0,255.0,L,FVGC long,10.0,0.0424
25 Jun 26,30082.5,30129.25,920.0,L,FVGC long,10.0,0.1529
25 Jun 26,30148.5,30164.75,310.0,L,FVGC long,10.0,0.0514
25 Jun 26,30148.5,30153.75,90.0,L,FVGC long,10.0,0.0149
25 Jun 26,29838.0,29832.75,90.0,S,FVGC short,10.0,0.0151
25 Jun 26,29838.0,29832.75,90.0,S,FVGC short,10.0,0.0151
25 Jun 26,29716.25,29711.0,90.0,S,FVGC short,10.0,0.0151
25 Jun 26,29716.25,29711.0,90.0,S,FVGC short,10.0,0.0151
26 Jun 26,29438.25,29403.75,675.0,S,FVGC short,10.0,0.1146
26 Jun 26,29438.25,29308.0,2590.0,S,FVGC short,10.0,0.4399
26 Jun 26,29483.75,29528.0,870.0,L,FVGC long,10.0,0.1475
26 Jun 26,29483.75,29489.0,90.0,L,FVGC long,10.0,0.0153
26 Jun 26,29483.75,29482.5,-40.0,L,FVGC long,10.0,-0.0068
26 Jun 26,29483.75,29482.5,-40.0,L,FVGC long,10.0,-0.0068
28 Jun 26,29395.75,29401.0,90.0,L,FVGC long,10.0,0.0153
28 Jun 26,29395.75,29401.0,90.0,L,FVGC long,10.0,0.0153
28 Jun 26,29433.5,29428.25,90.0,S,FVGC short,10.0,0.0153
28 Jun 26,29433.5,29428.25,90.0,S,FVGC short,10.0,0.0153
29 Jun 26,29489.5,29646.0,-3145.0,S,FVGC short,10.0,-0.5332
29 Jun 26,29489.5,29646.0,-3145.0,S,FVGC short,10.0,-0.5332
29 Jun 26,29548.0,29542.75,90.0,S,FVGC short,10.0,0.0152
29 Jun 26,29548.0,29542.75,90.0,S,FVGC short,10.0,0.0152
29 Jun 26,30004.25,30025.5,410.0,L,FVGC long,10.0,0.0683
29 Jun 26,30004.25,30084.5,1590.0,L,FVGC long,10.0,0.265
01 Jul 26,30367.5,30338.0,575.0,S,FVGC short,10.0,0.0947
01 Jul 26,30367.5,30362.25,90.0,S,FVGC short,10.0,0.0148
01 Jul 26,30367.5,30338.0,575.0,S,FVGC short,10.0,0.0947
01 Jul 26,30367.5,30362.25,90.0,S,FVGC short,10.0,0.0148
01 Jul 26,30328.5,30252.25,1510.0,S,FVGC short,10.0,0.2489
01 Jul 26,30328.5,30040.0,5755.0,S,FVGC short,10.0,0.9488
01 Jul 26,30104.25,30063.5,800.0,S,FVGC short,10.0,0.1329
01 Jul 26,30104.25,30099.0,90.0,S,FVGC short,10.0,0.0149
02 Jul 26,30095.25,30147.5,-1060.0,S,FVGC short,10.0,-0.1761
02 Jul 26,30095.25,30147.5,-1060.0,S,FVGC short,10.0,-0.1761
02 Jul 26,29992.75,29982.0,200.0,S,FVGC short,10.0,0.0333
02 Jul 26,29992.75,29956.75,705.0,S,FVGC short,10.0,0.1175
02 Jul 26,29598.5,29576.75,420.0,S,FVGC short,10.0,0.0709
02 Jul 26,29598.5,29593.25,90.0,S,FVGC short,10.0,0.0152
02 Jul 26,29598.5,29576.75,420.0,S,FVGC short,10.0,0.0709
02 Jul 26,29598.5,29593.25,90.0,S,FVGC short,10.0,0.0152
02 Jul 26,29598.5,29669.25,-1430.0,S,FVGC short,10.0,-0.2416
02 Jul 26,29598.5,29669.25,-1430.0,S,FVGC short,10.0,-0.2416
03 Jul 26,29846.5,29886.5,785.0,L,FVGC long,10.0,0.1315
05 Jul 26,29846.5,29997.25,3000.0,L,FVGC long,10.0,0.5026
05 Jul 26,29967.75,29983.5,300.0,L,FVGC long,10.0,0.0501
05 Jul 26,29967.75,29973.0,90.0,L,FVGC long,10.0,0.015
05 Jul 26,29967.75,29916.5,-1040.0,L,FVGC long,10.0,-0.1735
05 Jul 26,29967.75,29916.5,-1040.0,L,FVGC long,10.0,-0.1735
05 Jul 26,29967.75,29916.5,-1040.0,L,FVGC long,10.0,-0.1735
05 Jul 26,29967.75,29916.5,-1040.0,L,FVGC long,10.0,-0.1735
06 Jul 26,29814.75,29855.5,800.0,L,FVGC long,10.0,0.1342
06 Jul 26,29814.75,29820.0,90.0,L,FVGC long,10.0,0.0151
06 Jul 26,30025.5,30039.0,255.0,L,FVGC long,10.0,0.0425
06 Jul 26,30025.5,29981.5,-895.0,L,FVGC long,10.0,-0.149
07 Jul 26,29675.25,29656.5,360.0,S,FVGC short,10.0,0.0607
07 Jul 26,29675.25,29670.0,90.0,S,FVGC short,10.0,0.0152
07 Jul 26,29399.75,29370.5,570.0,S,FVGC short,10.0,0.0969
07 Jul 26,29399.75,29394.5,90.0,S,FVGC short,10.0,0.0153
07 Jul 26,29400.25,29368.0,630.0,S,FVGC short,10.0,0.1071
07 Jul 26,29400.25,29278.75,2415.0,S,FVGC short,10.0,0.4107
07 Jul 26,29502.75,29484.5,350.0,S,FVGC short,10.0,0.0593
08 Jul 26,29502.75,29434.25,1355.0,S,FVGC short,10.0,0.2296
08 Jul 26,29392.25,29377.0,290.0,S,FVGC short,10.0,0.0493
08 Jul 26,29392.25,29334.75,1135.0,S,FVGC short,10.0,0.1931
08 Jul 26,29266.25,29271.5,90.0,L,FVGC long,10.0,0.0154
08 Jul 26,29266.25,29271.5,90.0,L,FVGC long,10.0,0.0154
08 Jul 26,29165.5,29134.75,600.0,S,FVGC short,10.0,0.1029
08 Jul 26,29165.5,29160.25,90.0,S,FVGC short,10.0,0.0154
08 Jul 26,29402.0,29407.25,90.0,L,FVGC long,10.0,0.0153
08 Jul 26,29402.0,29407.25,90.0,L,FVGC long,10.0,0.0153
08 Jul 26,29434.0,29452.75,360.0,L,FVGC long,10.0,0.0612
08 Jul 26,29434.0,29504.5,1395.0,L,FVGC long,10.0,0.237
09 Jul 26,29783.25,29788.5,90.0,L,FVGC long,10.0,0.0151
09 Jul 26,29783.25,29788.5,90.0,L,FVGC long,10.0,0.0151
10 Jul 26,29893.0,29830.5,-1265.0,L,FVGC long,10.0,-0.2116
10 Jul 26,29893.0,29830.5,-1265.0,L,FVGC long,10.0,-0.2116
10 Jul 26,29823.5,29808.5,285.0,S,FVGC short,10.0,0.0478
10 Jul 26,29823.5,29872.0,-985.0,S,FVGC short,10.0,-0.1651
10 Jul 26,29790.75,29808.25,335.0,L,FVGC long,10.0,0.0562
10 Jul 26,29790.75,29857.0,1310.0,L,FVGC long,10.0,0.2199
10 Jul 26,29889.5,29951.0,1215.0,L,FVGC long,10.0,0.2032
10 Jul 26,29889.5,30062.5,3445.0,L,FVGC long,10.0,0.5763
12 Jul 26,29987.0,29995.5,-185.0,S,FVGC short,10.0,-0.0308
12 Jul 26,29987.0,29995.5,-185.0,S,FVGC short,10.0,-0.0308
12 Jul 26,29987.0,29821.25,3300.0,S,FVGC short,10.0,0.5502
13 Jul 26,29987.0,29435.5,11015.0,S,FVGC short,10.0,1.8366
13 Jul 26,29444.25,29428.0,310.0,S,FVGC short,10.0,0.0526
13 Jul 26,29444.25,29383.5,1200.0,S,FVGC short,10.0,0.2038
13 Jul 26,29419.0,29386.0,645.0,S,FVGC short,10.0,0.1096
13 Jul 26,29419.0,29413.75,90.0,S,FVGC short,10.0,0.0153
13 Jul 26,29420.5,29398.75,420.0,S,FVGC short,10.0,0.0714
13 Jul 26,29420.5,29338.0,1635.0,S,FVGC short,10.0,0.2779
13 Jul 26,29371.5,29344.75,520.0,S,FVGC short,10.0,0.0885
13 Jul 26,29371.5,29366.25,90.0,S,FVGC short,10.0,0.0153
14 Jul 26,29805.0,29852.0,925.0,L,FVGC long,10.0,0.1552
14 Jul 26,29805.0,29810.25,90.0,L,FVGC long,10.0,0.0151
15 Jul 26,29899.25,29925.5,-540.0,S,FVGC short,10.0,-0.0903
15 Jul 26,29899.25,29925.5,-540.0,S,FVGC short,10.0,-0.0903
15 Jul 26,29705.25,29690.5,280.0,S,FVGC short,10.0,0.0471
15 Jul 26,29705.25,29741.75,-745.0,S,FVGC short,10.0,-0.1254
16 Jul 26,29736.5,29652.0,-1705.0,L,FVGC long,10.0,-0.2867
16 Jul 26,29736.5,29652.0,-1705.0,L,FVGC long,10.0,-0.2867
16 Jul 26,29600.25,29570.5,580.0,S,FVGC short,10.0,0.098
16 Jul 26,29600.25,29487.5,2240.0,S,FVGC short,10.0,0.3784
17 Jul 26,28755.5,28724.75,600.0,S,FVGC short,10.0,0.1043
17 Jul 26,28755.5,28772.5,-355.0,S,FVGC short,10.0,-0.0617
17 Jul 26,28951.0,28876.5,-1505.0,L,FVGC long,10.0,-0.2599
17 Jul 26,28951.0,28876.5,-1505.0,L,FVGC long,10.0,-0.2599
19 Jul 26,28897.0,28902.25,90.0,L,FVGC long,10.0,0.0156
19 Jul 26,28897.0,28902.25,90.0,L,FVGC long,10.0,0.0156
20 Jul 26,28840.0,28877.75,740.0,L,FVGC long,10.0,0.1283
20 Jul 26,28840.0,28983.25,2850.0,L,FVGC long,10.0,0.4941
20 Jul 26,29074.75,29096.25,415.0,L,FVGC long,10.0,0.0714
20 Jul 26,29074.75,29005.0,-1410.0,L,FVGC long,10.0,-0.2425
20 Jul 26,28836.75,28872.5,-730.0,S,FVGC short,10.0,-0.1266
20 Jul 26,28836.75,28872.5,-730.0,S,FVGC short,10.0,-0.1266
21 Jul 26,29149.0,29163.5,275.0,L,FVGC long,10.0,0.0472
21 Jul 26,29149.0,29154.25,90.0,L,FVGC long,10.0,0.0154
21 Jul 26,29149.0,29163.5,275.0,L,FVGC long,10.0,0.0472
21 Jul 26,29149.0,29203.25,1070.0,L,FVGC long,10.0,0.1835
21 Jul 26,29174.25,29201.0,520.0,L,FVGC long,10.0,0.0891
21 Jul 26,29174.25,29275.25,2005.0,L,FVGC long,10.0,0.3436
21 Jul 26,29255.75,29286.75,605.0,L,FVGC long,10.0,0.1034
21 Jul 26,29255.75,29282.5,520.0,L,FVGC long,10.0,0.0889
21 Jul 26,29255.75,29286.75,605.0,L,FVGC long,10.0,0.1034
21 Jul 26,29255.75,29261.0,90.0,L,FVGC long,10.0,0.0154
21 Jul 26,29279.5,29290.0,195.0,L,FVGC long,10.0,0.0333
21 Jul 26,29279.5,29245.75,-690.0,L,FVGC long,10.0,-0.1178
21 Jul 26,29266.0,29198.0,-1375.0,L,FVGC long,10.0,-0.2349
21 Jul 26,29266.0,29198.0,-1375.0,L,FVGC long,10.0,-0.2349
22 Jul 26,29161.0,29122.0,765.0,S,FVGC short,10.0,0.1312
23 Jul 26,29161.0,29155.75,90.0,S,FVGC short,10.0,0.0154
23 Jul 26,29148.75,29113.75,685.0,S,FVGC short,10.0,0.1175
23 Jul 26,29148.75,29016.5,2630.0,S,FVGC short,10.0,0.4511
23 Jul 26,28611.25,28597.0,270.0,S,FVGC short,10.0,0.0472
23 Jul 26,28611.25,28657.0,-930.0,S,FVGC short,10.0,-0.1625
23 Jul 26,28664.75,28659.5,90.0,S,FVGC short,10.0,0.0157
23 Jul 26,28664.75,28659.5,90.0,S,FVGC short,10.0,0.0157
23 Jul 26,28717.5,28699.25,350.0,S,FVGC short,10.0,0.0609
23 Jul 26,28717.5,28712.25,90.0,S,FVGC short,10.0,0.0157
24 Jul 26,28607.25,28594.75,235.0,S,FVGC short,10.0,0.0411
24 Jul 26,28607.25,28647.5,-820.0,S,FVGC short,10.0,-0.1433
24 Jul 26,28544.0,28500.0,865.0,S,FVGC short,10.0,0.1515
24 Jul 26,28544.0,28378.0,3305.0,S,FVGC short,10.0,0.5789
27 Jul 26,28033.25,27983.25,985.0,S,FVGC short,10.0,0.1757
27 Jul 26,28033.25,28028.0,90.0,S,FVGC short,10.0,0.0161
27 Jul 26,28035.5,28010.25,490.0,S,FVGC short,10.0,0.0874
27 Jul 26,28035.5,28030.25,90.0,S,FVGC short,10.0,0.0161
28 Jul 26,27889.5,27778.75,2200.0,S,FVGC short,10.0,0.3944
28 Jul 26,27889.5,27884.25,90.0,S,FVGC short,10.0,0.0161
28 Jul 26,27933.5,27968.25,680.0,L,FVGC long,10.0,0.1217
28 Jul 26,27933.5,27938.75,90.0,L,FVGC long,10.0,0.0161
28 Jul 26,27950.0,28012.75,-1270.0,S,FVGC short,10.0,-0.2272
28 Jul 26,27950.0,28012.75,-1270.0,S,FVGC short,10.0,-0.2272
29 Jul 26,27876.25,27918.5,-860.0,S,FVGC short,10.0,-0.1543
29 Jul 26,27876.25,27918.5,-860.0,S,FVGC short,10.0,-0.1543
29 Jul 26,27977.0,27991.75,280.0,L,FVGC long,10.0,0.05
29 Jul 26,27977.0,27929.25,-970.0,L,FVGC long,10.0,-0.1734
29 Jul 26,27706.5,27683.0,455.0,S,FVGC short,10.0,0.0821
29 Jul 26,27706.5,27701.25,90.0,S,FVGC short,10.0,0.0162
29 Jul 26,27530.5,27511.0,375.0,S,FVGC short,10.0,0.0681
29 Jul 26,27530.5,27525.25,90.0,S,FVGC short,10.0,0.0163
30 Jul 26,27509.0,27483.5,495.0,S,FVGC short,10.0,0.09
30 Jul 26,27509.0,27503.75,90.0,S,FVGC short,10.0,0.0164
30 Jul 26,28164.25,28169.5,90.0,L,FVGC long,10.0,0.016
30 Jul 26,28164.25,28169.5,90.0,L,FVGC long,10.0,0.016
31 Jul 26,28478.5,28473.25,90.0,S,FVGC short,10.0,0.0158
31 Jul 26,28478.5,28473.25,90.0,S,FVGC short,10.0,0.0158
03 Aug 26,28431.75,28406.75,485.0,S,FVGC short,10.0,0.0853
03 Aug 26,28431.75,28426.5,90.0,S,FVGC short,10.0,0.0158
04 Aug 26,29194.5,29240.75,910.0,L,FVGC long,10.0,0.1559
04 Aug 26,29194.5,29369.25,3480.0,L,FVGC long,10.0,0.596
04 Aug 26,29852.75,29873.0,390.0,L,FVGC long,10.0,0.0653
04 Aug 26,29852.75,29858.0,90.0,L,FVGC long,10.0,0.0151
05 Aug 26,29855.25,29866.25,205.0,L,FVGC long,10.0,0.0343
05 Aug 26,29855.25,29896.5,810.0,L,FVGC long,10.0,0.1357
05 Aug 26,29883.5,29888.75,90.0,L,FVGC long,10.0,0.0151
05 Aug 26,29883.5,29888.75,90.0,L,FVGC long,10.0,0.0151
05 Aug 26,29651.75,29646.5,90.0,S,FVGC short,10.0,0.0152
05 Aug 26,29651.75,29646.5,90.0,S,FVGC short,10.0,0.0152
05 Aug 26,29633.75,29614.25,375.0,S,FVGC short,10.0,0.0633
05 Aug 26,29633.75,29560.0,1460.0,S,FVGC short,10.0,0.2463
05 Aug 26,29616.0,29598.25,340.0,S,FVGC short,10.0,0.0574
05 Aug 26,29616.0,29548.75,1330.0,S,FVGC short,10.0,0.2245
05 Aug 26,29569.0,29552.5,315.0,S,FVGC short,10.0,0.0533
06 Aug 26,29569.0,29507.0,1225.0,S,FVGC short,10.0,0.2071
06 Aug 26,29490.5,29468.25,430.0,S,FVGC short,10.0,0.0729
06 Aug 26,29490.5,29485.25,90.0,S,FVGC short,10.0,0.0153
06 Aug 26,29487.75,29529.0,-840.0,S,FVGC short,10.0,-0.1424
06 Aug 26,29487.75,29529.0,-840.0,S,FVGC short,10.0,-0.1424
06 Aug 26,29564.5,29595.5,605.0,L,FVGC long,10.0,0.1023
06 Aug 26,29564.5,29569.75,90.0,L,FVGC long,10.0,0.0152
06 Aug 26,29564.5,29595.5,605.0,L,FVGC long,10.0,0.1023
06 Aug 26,29564.5,29569.75,90.0,L,FVGC long,10.0,0.0152
06 Aug 26,29524.75,29565.5,800.0,L,FVGC long,10.0,0.1355
06 Aug 26,29524.75,29530.0,90.0,L,FVGC long,10.0,0.0152
06 Aug 26,29524.75,29565.5,800.0,L,FVGC long,10.0,0.1355
06 Aug 26,29524.75,29530.0,90.0,L,FVGC long,10.0,0.0152
06 Aug 26,29544.5,29524.0,395.0,S,FVGC short,10.0,0.0668
06 Aug 26,29544.5,29539.25,90.0,S,FVGC short,10.0,0.0152
06 Aug 26,29544.5,29524.0,395.0,S,FVGC short,10.0,0.0668
07 Aug 26,29544.5,29467.5,1525.0,S,FVGC short,10.0,0.2581
07 Aug 26,29519.75,29506.75,245.0,S,FVGC short,10.0,0.0415
07 Aug 26,29519.75,29562.0,-860.0,S,FVGC short,10.0,-0.1457
07 Aug 26,29800.75,29841.5,800.0,L,FVGC long,10.0,0.1342
07 Aug 26,29800.75,29806.0,90.0,L,FVGC long,10.0,0.0151
07 Aug 26,29800.75,29669.25,-2645.0,L,FVGC long,10.0,-0.4438
07 Aug 26,29800.75,29669.25,-2645.0,L,FVGC long,10.0,-0.4438
09 Aug 26,29834.0,29852.5,355.0,L,FVGC long,10.0,0.0595
09 Aug 26,29834.0,29839.25,90.0,L,FVGC long,10.0,0.0151
09 Aug 26,29848.5,29871.5,445.0,L,FVGC long,10.0,0.0745
09 Aug 26,29848.5,29853.75,90.0,L,FVGC long,10.0,0.0151
09 Aug 26,29848.5,29871.5,445.0,L,FVGC long,10.0,0.0745
10 Aug 26,29848.5,29935.25,1720.0,L,FVGC long,10.0,0.2881
10 Aug 26,29939.75,29957.5,340.0,L,FVGC long,10.0,0.0568
10 Aug 26,29939.75,29945.0,90.0,L,FVGC long,10.0,0.015
10 Aug 26,29939.75,29957.5,340.0,L,FVGC long,10.0,0.0568
10 Aug 26,29939.75,29882.0,-1170.0,L,FVGC long,10.0,-0.1954
10 Aug 26,29839.0,29833.75,90.0,S,FVGC short,10.0,0.0151
10 Aug 26,29839.0,29833.75,90.0,S,FVGC short,10.0,0.0151
10 Aug 26,29839.0,29783.5,1095.0,S,FVGC short,10.0,0.1835
10 Aug 26,29839.0,29764.5,1475.0,S,FVGC short,10.0,0.2472
10 Aug 26,29760.75,29803.0,-860.0,S,FVGC short,10.0,-0.1445
10 Aug 26,29760.75,29803.0,-860.0,S,FVGC short,10.0,-0.1445
11 Aug 26,29805.25,29820.75,295.0,L,FVGC long,10.0,0.0495
11 Aug 26,29805.25,29754.75,-1025.0,L,FVGC long,10.0,-0.1719
11 Aug 26,29786.25,29781.0,90.0,S,FVGC short,10.0,0.0151
11 Aug 26,29786.25,29781.0,90.0,S,FVGC short,10.0,0.0151
11 Aug 26,29786.25,29718.0,1350.0,S,FVGC short,10.0,0.2266
11 Aug 26,29786.25,29650.5,2700.0,S,FVGC short,10.0,0.4532
12 Aug 26,29704.25,29668.5,-730.0,L,FVGC long,10.0,-0.1229
12 Aug 26,29704.25,29668.5,-730.0,L,FVGC long,10.0,-0.1229
12 Aug 26,29891.25,29902.75,215.0,L,FVGC long,10.0,0.036
12 Aug 26,29891.25,29896.5,90.0,L,FVGC long,10.0,0.0151
12 Aug 26,29824.0,29857.25,650.0,L,FVGC long,10.0,0.109
13 Aug 26,29824.0,29829.25,90.0,L,FVGC long,10.0,0.0151
13 Aug 26,29871.0,29882.25,210.0,L,FVGC long,10.0,0.0352
13 Aug 26,29871.0,29834.5,-745.0,L,FVGC long,10.0,-0.1247
13 Aug 26,29859.0,29840.25,360.0,S,FVGC short,10.0,0.0603
13 Aug 26,29859.0,29853.75,90.0,S,FVGC short,10.0,0.0151
13 Aug 26,29859.0,29840.25,360.0,S,FVGC short,10.0,0.0603
13 Aug 26,29859.0,29919.5,-1225.0,S,FVGC short,10.0,-0.2051
13 Aug 26,30150.5,30162.25,220.0,L,FVGC long,10.0,0.0365
13 Aug 26,30150.5,30112.0,-785.0,L,FVGC long,10.0,-0.1302
13 Aug 26,30213.5,30236.75,450.0,L,FVGC long,10.0,0.0745
13 Aug 26,30213.5,30218.75,90.0,L,FVGC long,10.0,0.0149
17 Aug 26,30296.5,30333.25,720.0,L,FVGC long,10.0,0.1188
17 Aug 26,30296.5,30301.75,90.0,L,FVGC long,10.0,0.0149
17 Aug 26,30244.25,30219.0,490.0,S,FVGC short,10.0,0.081
17 Aug 26,30244.25,30148.75,1895.0,S,FVGC short,10.0,0.3133
18 Aug 26,29560.5,29542.0,355.0,S,FVGC short,10.0,0.06
18 Aug 26,29560.5,29491.0,1375.0,S,FVGC short,10.0,0.2326
19 Aug 26,29509.75,29471.5,750.0,S,FVGC short,10.0,0.1271
19 Aug 26,29509.75,29504.5,90.0,S,FVGC short,10.0,0.0152
19 Aug 26,29557.0,29551.75,90.0,S,FVGC short,10.0,0.0152
19 Aug 26,29557.0,29551.75,90.0,S,FVGC short,10.0,0.0152
19 Aug 26,29580.0,29563.5,315.0,S,FVGC short,10.0,0.0532
19 Aug 26,29580.0,29518.0,1225.0,S,FVGC short,10.0,0.2071
20 Aug 26,29376.0,29358.5,335.0,S,FVGC short,10.0,0.057
21 Aug 26,29376.0,29370.75,90.0,S,FVGC short,10.0,0.0153
21 Aug 26,29420.25,29431.25,205.0,L,FVGC long,10.0,0.0348
21 Aug 26,29420.25,29461.5,810.0,L,FVGC long,10.0,0.1377
21 Aug 26,29431.75,29450.5,360.0,L,FVGC long,10.0,0.0612
21 Aug 26,29431.75,29502.25,1395.0,L,FVGC long,10.0,0.237
21 Aug 26,29491.25,29511.5,390.0,L,FVGC long,10.0,0.0661
21 Aug 26,29491.25,29496.5,90.0,L,FVGC long,10.0,0.0153
21 Aug 26,29389.5,29384.25,90.0,S,FVGC short,10.0,0.0153
21 Aug 26,29389.5,29384.25,90.0,S,FVGC short,10.0,0.0153
23 Aug 26,29425.5,29468.5,-875.0,S,FVGC short,10.0,-0.1487
23 Aug 26,29425.5,29468.5,-875.0,S,FVGC short,10.0,-0.1487
23 Aug 26,29402.5,29354.5,945.0,S,FVGC short,10.0,0.1607
24 Aug 26,29402.5,29221.25,3610.0,S,FVGC short,10.0,0.6139
24 Aug 26,29260.25,29250.5,180.0,S,FVGC short,10.0,0.0308
24 Aug 26,29260.25,29223.25,725.0,S,FVGC short,10.0,0.1239
24 Aug 26,29167.25,29210.25,-875.0,S,FVGC short,10.0,-0.15
24 Aug 26,29167.25,29210.25,-875.0,S,FVGC short,10.0,-0.15
24 Aug 26,29052.0,29156.0,-2095.0,S,FVGC short,10.0,-0.3606
24 Aug 26,29052.0,29156.0,-2095.0,S,FVGC short,10.0,-0.3606
24 Aug 26,29154.25,29127.25,525.0,S,FVGC short,10.0,0.09
24 Aug 26,29154.25,29122.75,615.0,S,FVGC short,10.0,0.1055
24 Aug 26,29072.25,29051.0,410.0,S,FVGC short,10.0,0.0705
24 Aug 26,29072.25,29141.25,-1395.0,S,FVGC short,10.0,-0.2399
24 Aug 26,29128.0,29177.5,-1005.0,S,FVGC short,10.0,-0.1725
24 Aug 26,29128.0,29177.5,-1005.0,S,FVGC short,10.0,-0.1725
26 Aug 26,29260.5,29233.25,530.0,S,FVGC short,10.0,0.0906
26 Aug 26,29260.5,29255.25,90.0,S,FVGC short,10.0,0.0154
26 Aug 26,29224.75,29203.0,420.0,S,FVGC short,10.0,0.0719
26 Aug 26,29224.75,29219.5,90.0,S,FVGC short,10.0,0.0154
26 Aug 26,29198.75,29255.0,1110.0,L,FVGC long,10.0,0.1901
26 Aug 26,29198.75,29204.0,90.0,L,FVGC long,10.0,0.0154
26 Aug 26,29198.75,29255.0,1110.0,L,FVGC long,10.0,0.1901
26 Aug 26,29198.75,29405.5,4120.0,L,FVGC long,10.0,0.7055
26 Aug 26,29439.75,29445.0,90.0,L,FVGC long,10.0,0.0153
26 Aug 26,29439.75,29445.0,90.0,L,FVGC long,10.0,0.0153
27 Aug 26,29493.5,29498.75,90.0,L,FVGC long,10.0,0.0153
27 Aug 26,29493.5,29498.75,90.0,L,FVGC long,10.0,0.0153
27 Aug 26,29571.5,29576.75,90.0,L,FVGC long,10.0,0.0152
27 Aug 26,29571.5,29576.75,90.0,L,FVGC long,10.0,0.0152
27 Aug 26,29582.0,29601.0,365.0,L,FVGC long,10.0,0.0617
27 Aug 26,29582.0,29653.75,1420.0,L,FVGC long,10.0,0.24
27 Aug 26,29622.75,29655.5,640.0,L,FVGC long,10.0,0.108
27 Aug 26,29622.75,29628.0,90.0,L,FVGC long,10.0,0.0152
28 Aug 26,29611.0,29631.5,395.0,L,FVGC long,10.0,0.0667
28 Aug 26,29611.0,29616.25,90.0,L,FVGC long,10.0,0.0152
28 Aug 26,29634.25,29647.75,255.0,L,FVGC long,10.0,0.043
28 Aug 26,29634.25,29639.5,90.0,L,FVGC long,10.0,0.0152
28 Aug 26,29728.25,29614.25,-2295.0,L,FVGC long,10.0,-0.386
28 Aug 26,29728.25,29614.25,-2295.0,L,FVGC long,10.0,-0.386
