# The Alloy (MGC Level Reclaim + FVG Continuation (2-leg combo)) - best return-on-drawdown window 03 Nov 2025 to 19 Aug 2026 - closed trades at Multiplier 3 - hypothetical backtested results, commissions and slippage modeled
exit_day,entry_px,exit_px,net_pnl_usd
03 Nov 25,4221.2,4231.5,304.5
03 Nov 25,4221.2,4233.1,352.5
03 Nov 25,4227.8,4237.4,283.5
03 Nov 25,4227.8,4206.3,-649.5
04 Nov 25,4195.0,4185.8,271.5
04 Nov 25,4195.0,4176.7,544.5
04 Nov 25,4179.2,4168.4,-1314.0
04 Nov 25,4155.8,4143.7,-1470.0
04 Nov 25,4152.2,4142.8,277.5
04 Nov 25,4152.2,4173.1,-631.5
05 Nov 25,4178.4,4188.5,298.5
05 Nov 25,4178.4,4190.3,352.5
05 Nov 25,4201.9,4192.3,1134.0
05 Nov 25,4201.9,4192.3,1134.0
06 Nov 25,4196.4,4205.8,277.5
06 Nov 25,4196.4,4215.2,559.5
06 Nov 25,4222.7,4201.9,-628.5
06 Nov 25,4222.7,4201.9,-628.5
07 Nov 25,4196.5,4219.0,-679.5
07 Nov 25,4196.5,4219.0,-679.5
07 Nov 25,4216.3,4195.3,-634.5
07 Nov 25,4216.3,4195.3,-634.5
09 Nov 25,4213.9,4210.0,450.0
10 Nov 25,4253.7,4272.1,547.5
10 Nov 25,4253.7,4290.5,1099.5
10 Nov 25,4290.2,4308.4,541.5
10 Nov 25,4290.2,4302.1,352.5
10 Nov 25,4294.2,4293.5,-51.0
11 Nov 25,4336.1,4346.2,298.5
11 Nov 25,4336.1,4348.0,352.5
11 Nov 25,4351.5,4331.0,-619.5
11 Nov 25,4351.5,4331.0,-619.5
11 Nov 25,4349.3,4328.0,-643.5
11 Nov 25,4349.3,4328.0,-643.5
12 Nov 25,4330.6,4340.2,283.5
12 Nov 25,4330.6,4349.7,568.5
12 Nov 25,4394.9,4422.1,-820.5
12 Nov 25,4394.9,4422.1,-820.5
13 Nov 25,4418.5,4437.1,553.5
13 Nov 25,4418.5,4430.4,352.5
13 Nov 25,4446.3,4423.5,-688.5
13 Nov 25,4446.3,4423.5,-688.5
13 Nov 25,4381.3,4370.2,-1350.0
13 Nov 25,4359.5,4369.1,1134.0
13 Nov 25,4369.9,4379.5,1134.0
14 Nov 25,4361.9,4351.5,307.5
14 Nov 25,4361.9,4341.1,619.5
14 Nov 25,4323.3,4312.8,310.5
14 Nov 25,4323.3,4302.4,622.5
16 Nov 25,4291.6,4277.7,412.5
16 Nov 25,4291.6,4279.7,352.5
17 Nov 25,4285.2,4274.5,316.5
17 Nov 25,4285.2,4263.8,637.5
17 Nov 25,4279.8,4269.9,292.5
17 Nov 25,4279.8,4272.5,214.5
17 Nov 25,4271.0,4280.6,1134.0
17 Nov 25,4271.0,4264.1,-846.0
17 Nov 25,4238.5,4228.4,298.5
17 Nov 25,4238.5,4218.4,598.5
18 Nov 25,4214.2,4204.9,274.5
18 Nov 25,4214.2,4234.8,-622.5
18 Nov 25,4236.4,4248.0,343.5
18 Nov 25,4236.4,4259.5,688.5
19 Nov 25,4278.1,4288.0,292.5
19 Nov 25,4278.1,4297.9,589.5
19 Nov 25,4284.3,4293.8,280.5
19 Nov 25,4284.3,4303.2,562.5
19 Nov 25,4314.7,4324.3,283.5
19 Nov 25,4314.7,4326.6,352.5
19 Nov 25,4271.7,4257.8,-1686.0
20 Nov 25,4257.8,4284.1,-793.5
20 Nov 25,4257.8,4284.1,-793.5
20 Nov 25,4281.6,4297.6,475.5
20 Nov 25,4281.6,4293.5,352.5
20 Nov 25,4264.6,4274.2,1134.0
20 Nov 25,4265.7,4256.4,274.5
21 Nov 25,4265.7,4247.2,550.5
21 Nov 25,4234.6,4223.7,322.5
21 Nov 25,4234.6,4258.2,-712.5
21 Nov 25,4253.6,4266.2,373.5
21 Nov 25,4253.6,4265.5,352.5
21 Nov 25,4266.6,4276.0,277.5
21 Nov 25,4266.6,4269.2,73.5
23 Nov 25,4264.2,4254.8,277.5
23 Nov 25,4264.2,4245.5,556.5
24 Nov 25,4247.7,4238.2,280.5
24 Nov 25,4247.7,4269.4,-655.5
24 Nov 25,4268.2,4277.4,271.5
24 Nov 25,4268.2,4280.1,352.5
24 Nov 25,4331.3,4336.4,-630.0
25 Nov 25,4346.2,4325.2,-634.5
25 Nov 25,4346.2,4325.2,-634.5
25 Nov 25,4328.4,4318.7,286.5
25 Nov 25,4328.4,4350.1,-655.5
25 Nov 25,4334.4,4344.7,304.5
25 Nov 25,4334.4,4354.9,610.5
26 Nov 25,4361.7,4371.7,295.5
26 Nov 25,4361.7,4339.1,-682.5
26 Nov 25,4351.4,4340.0,337.5
26 Nov 25,4351.4,4363.0,-352.5
26 Nov 25,4365.0,4362.6,270.0
26 Nov 25,4360.0,4339.2,-628.5
26 Nov 25,4360.0,4339.2,-628.5
27 Nov 25,4350.5,4341.4,268.5
27 Nov 25,4350.5,4355.6,-157.5
01 Dec 25,4436.7,4414.1,-682.5
01 Dec 25,4436.7,4414.1,-682.5
01 Dec 25,4432.3,4445.4,388.5
01 Dec 25,4432.3,4444.2,352.5
01 Dec 25,4453.3,4428.2,-757.5
01 Dec 25,4453.3,4428.2,-757.5
01 Dec 25,4437.5,4427.9,1134.0
02 Dec 25,4419.0,4407.5,340.5
02 Dec 25,4419.0,4407.1,352.5
02 Dec 25,4413.0,4400.7,364.5
02 Dec 25,4413.0,4388.5,730.5
02 Dec 25,4377.4,4387.0,1134.0
02 Dec 25,4390.0,4399.6,1134.0
03 Dec 25,4416.5,4395.9,-622.5
03 Dec 25,4416.5,4395.9,-622.5
03 Dec 25,4401.6,4392.2,277.5
03 Dec 25,4401.6,4422.0,-616.5
03 Dec 25,4424.8,4417.8,-429.0
03 Dec 25,4419.5,4409.9,1134.0
03 Dec 25,4407.0,4385.7,-643.5
03 Dec 25,4407.0,4385.7,-643.5
04 Dec 25,4393.2,4402.7,280.5
04 Dec 25,4393.2,4400.8,223.5
04 Dec 25,4408.7,4399.1,1134.0
05 Dec 25,4408.4,4417.6,271.5
05 Dec 25,4408.4,4426.8,547.5
05 Dec 25,4427.7,4436.6,262.5
05 Dec 25,4427.7,4445.5,529.5
05 Dec 25,4396.7,4387.9,-1074.0
08 Dec 25,4401.0,4389.3,346.5
08 Dec 25,4401.0,4377.7,694.5
08 Dec 25,4385.6,4384.0,-210.0
09 Dec 25,4387.6,4362.6,-754.5
09 Dec 25,4387.6,4362.6,-754.5
09 Dec 25,4391.4,4401.1,286.5
09 Dec 25,4391.4,4398.9,220.5
10 Dec 25,4406.9,4386.4,-619.5
10 Dec 25,4406.9,4386.4,-619.5
10 Dec 25,4385.3,4383.6,93.0
10 Dec 25,4416.8,4423.0,-762.0
11 Dec 25,4416.2,4426.5,304.5
11 Dec 25,4416.2,4436.8,613.5
11 Dec 25,4452.8,4472.5,-2382.0
11 Dec 25,4470.1,4460.5,1134.0
12 Dec 25,4464.4,4474.2,289.5
12 Dec 25,4464.4,4483.9,580.5
12 Dec 25,4480.8,4499.0,541.5
12 Dec 25,4480.8,4517.2,1087.5
12 Dec 25,4537.4,4517.1,-613.5
12 Dec 25,4537.4,4517.1,-613.5
12 Dec 25,4460.0,4469.6,1134.0
12 Dec 25,4488.1,4497.7,1134.0
12 Dec 25,4488.1,4497.7,1134.0
12 Dec 25,4488.1,4497.7,1134.0
14 Dec 25,4498.9,4519.6,-625.5
14 Dec 25,4498.9,4519.6,-625.5
15 Dec 25,4520.2,4530.4,301.5
15 Dec 25,4520.2,4540.5,604.5
15 Dec 25,4540.7,4519.7,-634.5
15 Dec 25,4540.7,4519.7,-634.5
15 Dec 25,4488.1,4481.2,-846.0
15 Dec 25,4488.1,4497.7,1134.0
15 Dec 25,4498.7,4488.8,292.5
15 Dec 25,4498.7,4478.9,589.5
16 Dec 25,4481.4,4471.9,280.5
16 Dec 25,4481.4,4462.4,565.5
16 Dec 25,4477.9,4468.5,277.5
16 Dec 25,4477.9,4498.9,-634.5
18 Dec 25,4536.0,4513.7,-673.5
18 Dec 25,4536.0,4513.7,-673.5
18 Dec 25,4518.9,4540.2,-643.5
18 Dec 25,4518.9,4540.2,-643.5
18 Dec 25,4532.8,4509.9,-691.5
18 Dec 25,4532.8,4509.9,-691.5
18 Dec 25,4516.9,4507.4,280.5
19 Dec 25,4516.9,4538.0,-637.5
23 Dec 25,4687.4,4666.2,-640.5
23 Dec 25,4687.4,4666.2,-640.5
23 Dec 25,4677.9,4690.3,-1506.0
24 Dec 25,4673.9,4663.1,319.5
24 Dec 25,4673.9,4662.0,352.5
26 Dec 25,4706.2,4717.4,331.5
26 Dec 25,4706.2,4718.1,352.5
26 Dec 25,4716.1,4736.2,598.5
26 Dec 25,4716.1,4741.6,760.5
26 Dec 25,4727.9,4718.3,1134.0
29 Dec 25,4520.8,4542.5,-655.5
29 Dec 25,4520.8,4542.5,-655.5
30 Dec 25,4543.4,4533.8,283.5
30 Dec 25,4543.4,4566.6,-700.5
30 Dec 25,4571.9,4550.4,-649.5
30 Dec 25,4571.9,4550.4,-649.5
30 Dec 25,4552.4,4537.1,-1854.0
30 Dec 25,4524.6,4534.2,1134.0
30 Dec 25,4524.6,4516.6,-978.0
30 Dec 25,4533.0,4522.3,316.5
30 Dec 25,4533.0,4511.7,634.5
31 Dec 25,4503.7,4483.6,598.5
31 Dec 25,4503.7,4491.8,352.5
31 Dec 25,4491.3,4513.5,-670.5
31 Dec 25,4491.3,4513.5,-670.5
31 Dec 25,4497.3,4506.9,1134.0
01 Jan 26,4497.3,4502.3,582.0
02 Jan 26,4492.6,4502.2,1134.0
04 Jan 26,4569.0,4578.5,280.5
04 Jan 26,4569.0,4580.9,352.5
05 Jan 26,4580.1,4594.7,433.5
05 Jan 26,4580.1,4592.0,352.5
05 Jan 26,4591.6,4601.1,280.5
05 Jan 26,4591.6,4610.6,565.5
05 Jan 26,4607.5,4586.2,-643.5
05 Jan 26,4607.5,4586.2,-643.5
05 Jan 26,4582.3,4608.7,-796.5
05 Jan 26,4582.3,4608.7,-796.5
05 Jan 26,4614.9,4624.4,280.5
05 Jan 26,4614.9,4633.9,565.5
06 Jan 26,4640.0,4618.6,-646.5
06 Jan 26,4640.0,4618.6,-646.5
06 Jan 26,4633.9,4643.1,271.5
06 Jan 26,4633.9,4652.2,544.5
06 Jan 26,4652.9,4643.4,280.5
07 Jan 26,4652.9,4633.9,565.5
07 Jan 26,4637.4,4627.7,286.5
07 Jan 26,4637.4,4618.1,574.5
07 Jan 26,4622.0,4612.6,277.5
07 Jan 26,4622.0,4603.2,559.5
08 Jan 26,4596.8,4585.7,328.5
08 Jan 26,4596.8,4621.3,-739.5
08 Jan 26,4634.5,4624.9,1134.0
08 Jan 26,4631.6,4638.9,-894.0
09 Jan 26,4668.5,4677.0,-1038.0
12 Jan 26,4784.8,4775.2,1134.0
12 Jan 26,4762.1,4752.0,298.5
13 Jan 26,4762.1,4784.9,-688.5
13 Jan 26,4788.8,4807.2,547.5
13 Jan 26,4788.8,4800.7,352.5
13 Jan 26,4768.3,4757.0,-1374.0
13 Jan 26,4760.1,4769.7,1134.0
13 Jan 26,4760.1,4749.7,-1266.0
13 Jan 26,4778.9,4789.2,304.5
13 Jan 26,4778.9,4799.4,610.5
14 Jan 26,4800.3,4779.7,-622.5
14 Jan 26,4800.3,4779.7,-622.5
14 Jan 26,4773.5,4783.1,1134.0
14 Jan 26,4786.4,4777.6,259.5
14 Jan 26,4786.4,4768.8,523.5
14 Jan 26,4781.3,4771.7,283.5
14 Jan 26,4781.3,4762.2,568.5
15 Jan 26,4762.0,4752.0,295.5
15 Jan 26,4762.0,4783.4,-646.5
15 Jan 26,4787.1,4766.5,-622.5
15 Jan 26,4787.1,4766.5,-622.5
15 Jan 26,4773.2,4783.8,313.5
15 Jan 26,4773.2,4783.4,301.5
15 Jan 26,4789.3,4779.7,1134.0
16 Jan 26,4777.0,4751.3,-775.5
16 Jan 26,4777.0,4751.3,-775.5
16 Jan 26,4767.8,4788.9,-637.5
16 Jan 26,4767.8,4788.9,-637.5
16 Jan 26,4747.1,4756.7,1134.0
18 Jan 26,4846.6,4824.5,-667.5
18 Jan 26,4846.6,4824.5,-667.5
18 Jan 26,4829.6,4840.0,307.5
19 Jan 26,4829.6,4841.5,352.5
19 Jan 26,4837.2,4844.9,453.0
19 Jan 26,4841.2,4831.6,1134.0
19 Jan 26,4836.0,4856.1,598.5
20 Jan 26,4836.0,4876.2,1201.5
20 Jan 26,4903.5,4903.9,15.0
20 Jan 26,4943.3,4961.4,538.5
20 Jan 26,4943.3,4979.5,1081.5
20 Jan 26,4988.6,5000.5,352.5
20 Jan 26,4988.6,5000.5,352.5
21 Jan 26,5035.7,5047.6,352.5
21 Jan 26,5035.7,5047.6,352.5
21 Jan 26,5007.7,5020.4,376.5
21 Jan 26,5007.7,5033.1,757.5
21 Jan 26,5027.9,5046.0,538.5
21 Jan 26,5027.9,5039.8,352.5
21 Jan 26,5041.8,5017.6,-730.5
21 Jan 26,5041.8,5017.6,-730.5
21 Jan 26,4973.1,4982.7,1134.0
21 Jan 26,4973.1,4982.7,1134.0
21 Jan 26,4987.7,4997.3,1134.0
21 Jan 26,4936.2,4945.8,1134.0
21 Jan 26,4936.2,4945.8,1134.0
21 Jan 26,4953.0,4943.0,295.5
22 Jan 26,4953.0,4982.5,-889.5
22 Jan 26,4996.8,4976.3,-619.5
22 Jan 26,4996.8,4976.3,-619.5
22 Jan 26,4986.2,4998.4,361.5
22 Jan 26,4986.2,5010.5,724.5
23 Jan 26,5140.5,5148.7,-1002.0
26 Jan 26,5234.2,5254.3,598.5
26 Jan 26,5234.2,5246.1,352.5
26 Jan 26,5251.0,5229.4,-652.5
26 Jan 26,5251.0,5229.4,-652.5
26 Jan 26,5251.5,5241.9,1134.0
26 Jan 26,5251.5,5241.9,1134.0
26 Jan 26,5240.6,5231.0,1134.0
26 Jan 26,5216.9,5232.6,466.5
26 Jan 26,5216.9,5228.8,352.5
27 Jan 26,5243.4,5261.5,538.5
27 Jan 26,5243.4,5255.3,352.5
27 Jan 26,5240.7,5251.2,310.5
27 Jan 26,5240.7,5252.6,352.5
27 Jan 26,5239.5,5221.4,538.5
27 Jan 26,5239.5,5227.6,352.5
28 Jan 26,5418.6,5432.8,421.5
28 Jan 26,5418.6,5430.5,352.5
28 Jan 26,5457.0,5447.4,1134.0
28 Jan 26,5457.0,5503.3,-5574.0
28 Jan 26,5639.7,5650.4,316.5
28 Jan 26,5639.7,5661.1,637.5
29 Jan 26,5702.1,5679.5,-682.5
29 Jan 26,5702.1,5679.5,-682.5
29 Jan 26,5664.0,5635.5,850.5
29 Jan 26,5664.0,5652.1,352.5
29 Jan 26,5689.3,5666.1,-700.5
29 Jan 26,5689.3,5666.1,-700.5
29 Jan 26,5670.1,5681.8,346.5
29 Jan 26,5670.1,5693.5,697.5
29 Jan 26,5465.3,5474.9,1134.0
29 Jan 26,5465.3,5474.9,1134.0
29 Jan 26,5465.3,5474.9,1134.0
29 Jan 26,5465.3,5474.9,1134.0
29 Jan 26,5465.3,5474.9,1134.0
30 Jan 26,4996.3,5012.9,1974.0
30 Jan 26,4996.3,5005.9,1134.0
30 Jan 26,4996.3,5005.9,1134.0
30 Jan 26,4996.3,5009.0,1506.0
02 Feb 26,4815.4,4828.4,1542.0
02 Feb 26,4815.4,4807.4,-978.0
02 Feb 26,4819.9,4829.5,1134.0
02 Feb 26,4819.9,4829.5,1134.0
02 Feb 26,4966.6,4942.9,-715.5
02 Feb 26,4966.6,4942.9,-715.5
03 Feb 26,4962.3,4975.0,376.5
03 Feb 26,4962.3,4987.7,757.5
03 Feb 26,5115.2,5105.6,1134.0
03 Feb 26,5115.2,5105.6,1134.0
03 Feb 26,5079.6,5070.0,1134.0
04 Feb 26,5201.2,5211.4,301.5
04 Feb 26,5201.2,5221.6,607.5
04 Feb 26,5219.4,5232.9,400.5
04 Feb 26,5219.4,5231.3,352.5
04 Feb 26,5197.5,5206.7,271.5
04 Feb 26,5197.5,5175.8,-655.5
04 Feb 26,5061.7,5045.1,-2010.0
04 Feb 26,5084.1,5075.9,-1002.0
04 Feb 26,5084.1,5093.7,1134.0
04 Feb 26,5084.1,5075.9,-1002.0
04 Feb 26,5033.1,5023.0,298.5
04 Feb 26,5033.1,5012.9,601.5
05 Feb 26,5043.3,5071.3,-844.5
05 Feb 26,5043.3,5071.3,-844.5
05 Feb 26,5057.3,5073.5,481.5
05 Feb 26,5057.3,5069.2,352.5
05 Feb 26,5019.2,5001.6,523.5
05 Feb 26,5019.2,5007.3,352.5
05 Feb 26,5008.7,4993.2,460.5
05 Feb 26,5008.7,5003.9,139.5
05 Feb 26,5021.9,5031.5,1134.0
05 Feb 26,5021.9,5031.5,1134.0
05 Feb 26,4992.7,5002.3,1134.0
05 Feb 26,4992.7,5002.3,1134.0
05 Feb 26,4850.4,4832.0,547.5
05 Feb 26,4850.4,4813.6,1099.5
08 Feb 26,5176.1,5186.0,292.5
08 Feb 26,5176.1,5153.9,-670.5
08 Feb 26,5143.9,5155.9,355.5
08 Feb 26,5143.9,5155.8,352.5
09 Feb 26,5171.7,5150.3,-646.5
09 Feb 26,5171.7,5150.3,-646.5
09 Feb 26,5157.9,5168.1,301.5
09 Feb 26,5157.9,5178.3,607.5
09 Feb 26,5215.1,5223.1,-978.0
10 Feb 26,5186.6,5198.1,340.5
10 Feb 26,5186.6,5198.5,352.5
11 Feb 26,5207.1,5217.2,298.5
11 Feb 26,5207.1,5227.3,601.5
11 Feb 26,5219.0,5192.4,-802.5
11 Feb 26,5219.0,5192.4,-802.5
11 Feb 26,5237.3,5227.7,1134.0
11 Feb 26,5206.2,5197.3,262.5
12 Feb 26,5206.2,5204.6,43.5
12 Feb 26,5217.2,5190.4,-808.5
12 Feb 26,5217.2,5190.4,-808.5
12 Feb 26,5090.9,5079.7,331.5
12 Feb 26,5090.9,5079.0,352.5
12 Feb 26,5127.0,5137.2,301.5
13 Feb 26,5127.0,5102.3,-745.5
13 Feb 26,5104.2,5128.4,-730.5
13 Feb 26,5104.2,5128.4,-730.5
13 Feb 26,5120.9,5107.1,409.5
13 Feb 26,5120.9,5093.4,820.5
13 Feb 26,5096.6,5120.0,-706.5
13 Feb 26,5096.6,5120.0,-706.5
13 Feb 26,5113.6,5123.7,298.5
13 Feb 26,5113.6,5133.8,601.5
13 Feb 26,5133.3,5142.8,280.5
13 Feb 26,5133.3,5152.3,565.5
15 Feb 26,5165.1,5154.3,319.5
15 Feb 26,5165.1,5143.5,643.5
16 Feb 26,5133.7,5155.9,-670.5
16 Feb 26,5133.7,5155.9,-670.5
16 Feb 26,5150.9,5161.3,307.5
16 Feb 26,5150.9,5128.3,-682.5
17 Feb 26,5099.1,5088.9,301.5
17 Feb 26,5099.1,5078.7,607.5
17 Feb 26,5067.4,5058.3,268.5
17 Feb 26,5067.4,5087.7,-613.5
17 Feb 26,5066.0,5054.7,334.5
17 Feb 26,5066.0,5043.5,670.5
17 Feb 26,5044.7,5033.8,322.5
17 Feb 26,5044.7,5023.0,646.5
17 Feb 26,5021.2,5030.8,1134.0
17 Feb 26,5028.8,5040.2,337.5
17 Feb 26,5028.8,5040.7,352.5
18 Feb 26,5077.8,5087.6,289.5
18 Feb 26,5077.8,5056.7,-637.5
18 Feb 26,5062.2,5083.3,-637.5
18 Feb 26,5062.2,5083.3,-637.5
18 Feb 26,5098.6,5110.8,361.5
18 Feb 26,5098.6,5122.9,724.5
18 Feb 26,5134.9,5125.3,1134.0
19 Feb 26,5110.7,5133.3,-682.5
19 Feb 26,5110.7,5133.3,-682.5
19 Feb 26,5138.3,5129.1,271.5
19 Feb 26,5138.3,5120.0,544.5
19 Feb 26,5128.7,5143.7,445.5
19 Feb 26,5128.7,5158.7,895.5
19 Feb 26,5140.8,5131.5,274.5
20 Feb 26,5140.8,5161.8,-634.5
20 Feb 26,5165.1,5175.3,301.5
20 Feb 26,5165.1,5185.4,604.5
20 Feb 26,5181.0,5154.3,-805.5
20 Feb 26,5181.0,5154.3,-805.5
20 Feb 26,5187.1,5197.1,295.5
20 Feb 26,5187.1,5207.1,595.5
22 Feb 26,5287.7,5308.7,625.5
22 Feb 26,5287.7,5299.6,352.5
23 Feb 26,5305.1,5283.1,-664.5
23 Feb 26,5305.1,5283.1,-664.5
23 Feb 26,5283.9,5271.0,382.5
23 Feb 26,5283.9,5305.8,-661.5
23 Feb 26,5296.7,5306.4,286.5
23 Feb 26,5296.7,5316.0,574.5
23 Feb 26,5319.4,5309.1,304.5
24 Feb 26,5319.4,5298.8,613.5
24 Feb 26,5306.8,5295.6,331.5
24 Feb 26,5306.8,5284.5,664.5
24 Feb 26,5271.7,5253.3,547.5
24 Feb 26,5271.7,5259.8,352.5
24 Feb 26,5291.8,5301.4,1134.0
24 Feb 26,5291.8,5301.4,1134.0
25 Feb 26,5362.6,5353.0,1134.0
25 Feb 26,5326.2,5337.8,343.5
26 Feb 26,5326.2,5338.1,352.5
26 Feb 26,5336.1,5314.7,-646.5
26 Feb 26,5336.1,5314.7,-646.5
26 Feb 26,5323.1,5313.0,298.5
26 Feb 26,5323.1,5311.2,352.5
26 Feb 26,5310.5,5301.3,271.5
26 Feb 26,5310.5,5292.1,547.5
26 Feb 26,5308.3,5317.9,1134.0
26 Feb 26,5308.3,5317.9,1134.0
26 Feb 26,5328.4,5318.9,280.5
26 Feb 26,5328.4,5316.5,352.5
26 Feb 26,5320.9,5342.3,-646.5
26 Feb 26,5320.9,5342.3,-646.5
27 Feb 26,5328.4,5318.9,280.5
27 Feb 26,5328.4,5348.9,-619.5
27 Feb 26,5361.7,5376.8,448.5
27 Feb 26,5361.7,5373.6,352.5
27 Feb 26,5386.8,5398.5,-1422.0
01 Mar 26,5483.7,5494.3,313.5
01 Mar 26,5483.7,5504.9,631.5
02 Mar 26,5433.9,5443.5,1134.0
02 Mar 26,5433.9,5443.5,1134.0
02 Mar 26,5433.9,5443.5,1134.0
02 Mar 26,5433.9,5443.5,1134.0
02 Mar 26,5433.9,5443.5,1134.0
02 Mar 26,5433.9,5443.5,1134.0
03 Mar 26,5435.2,5414.9,604.5
03 Mar 26,5435.2,5394.7,1210.5
03 Mar 26,5416.4,5405.5,322.5
03 Mar 26,5416.4,5394.7,646.5
03 Mar 26,5293.9,5315.5,-652.5
03 Mar 26,5293.9,5315.5,-652.5
03 Mar 26,5347.5,5337.2,304.5
03 Mar 26,5347.5,5326.9,613.5
03 Mar 26,5276.6,5255.7,622.5
03 Mar 26,5276.6,5264.7,352.5
03 Mar 26,5220.3,5229.9,1134.0
03 Mar 26,5220.3,5229.9,1134.0
03 Mar 26,5259.8,5239.2,-2490.0
03 Mar 26,5226.2,5235.8,1134.0
04 Mar 26,5273.0,5282.6,1134.0
05 Mar 26,5303.4,5293.8,283.5
05 Mar 26,5303.4,5284.2,571.5
05 Mar 26,5280.4,5311.2,-928.5
05 Mar 26,5280.4,5311.2,-928.5
05 Mar 26,5301.3,5291.8,280.5
05 Mar 26,5301.3,5282.3,565.5
05 Mar 26,5258.1,5244.3,409.5
05 Mar 26,5258.1,5230.5,823.5
05 Mar 26,5210.0,5219.6,1134.0
05 Mar 26,5220.9,5211.7,271.5
05 Mar 26,5220.9,5202.5,547.5
05 Mar 26,5262.8,5272.7,292.5
06 Mar 26,5262.8,5241.4,-646.5
06 Mar 26,5241.6,5231.3,304.5
06 Mar 26,5241.6,5221.0,613.5
06 Mar 26,5225.7,5214.9,319.5
06 Mar 26,5225.7,5203.9,649.5
06 Mar 26,5228.8,5218.1,316.5
06 Mar 26,5228.8,5207.5,634.5
06 Mar 26,5288.2,5278.6,1134.0
06 Mar 26,5288.2,5300.3,-1470.0
08 Mar 26,5185.0,5172.0,385.5
08 Mar 26,5185.0,5159.0,775.5
09 Mar 26,5224.0,5244.9,-631.5
09 Mar 26,5224.0,5244.9,-631.5
09 Mar 26,5234.7,5247.3,373.5
09 Mar 26,5234.7,5259.9,751.5
09 Mar 26,5236.7,5213.2,-709.5
09 Mar 26,5236.7,5213.2,-709.5
09 Mar 26,5249.4,5271.7,-2694.0
09 Mar 26,5271.9,5282.0,298.5
09 Mar 26,5271.9,5283.8,352.5
10 Mar 26,5296.7,5306.0,274.5
10 Mar 26,5296.7,5315.3,553.5
10 Mar 26,5311.7,5320.6,262.5
10 Mar 26,5311.7,5329.5,529.5
10 Mar 26,5318.2,5297.1,-637.5
10 Mar 26,5318.2,5297.1,-637.5
10 Mar 26,5307.6,5332.7,-757.5
10 Mar 26,5307.6,5332.7,-757.5
10 Mar 26,5333.5,5326.6,810.0
10 Mar 26,5328.4,5352.9,-739.5
10 Mar 26,5328.4,5352.9,-739.5
11 Mar 26,5350.7,5327.4,-703.5
11 Mar 26,5350.7,5327.4,-703.5
11 Mar 26,5336.8,5326.2,313.5
11 Mar 26,5336.8,5315.6,631.5
11 Mar 26,5326.1,5316.6,280.5
11 Mar 26,5326.1,5314.2,352.5
11 Mar 26,5283.5,5274.3,271.5
11 Mar 26,5283.5,5265.1,547.5
12 Mar 26,5283.5,5273.7,289.5
12 Mar 26,5283.5,5305.4,-661.5
12 Mar 26,5312.3,5289.7,-682.5
12 Mar 26,5312.3,5289.7,-682.5
12 Mar 26,5247.4,5230.8,-2010.0
13 Mar 26,5204.6,5195.6,265.5
13 Mar 26,5204.6,5236.6,-964.5
15 Mar 26,5149.7,5137.3,367.5
15 Mar 26,5149.7,5124.9,739.5
16 Mar 26,5126.6,5107.6,565.5
16 Mar 26,5126.6,5114.7,352.5
16 Mar 26,5133.0,5153.6,-622.5
16 Mar 26,5133.0,5153.6,-622.5
16 Mar 26,5150.5,5162.7,361.5
16 Mar 26,5150.5,5162.4,352.5
16 Mar 26,5127.7,5120.8,-846.0
16 Mar 26,5119.3,5128.9,1134.0
16 Mar 26,5143.8,5153.4,1134.0
16 Mar 26,5139.6,5149.8,301.5
16 Mar 26,5139.6,5159.9,604.5
16 Mar 26,5152.8,5163.9,328.5
17 Mar 26,5152.8,5164.7,352.5
17 Mar 26,5166.9,5144.7,-670.5
17 Mar 26,5166.9,5144.7,-670.5
17 Mar 26,5151.8,5160.8,265.5
17 Mar 26,5151.8,5130.5,-643.5
17 Mar 26,5138.8,5160.9,-667.5
17 Mar 26,5138.8,5160.9,-667.5
17 Mar 26,5119.4,5108.8,-1290.0
17 Mar 26,5132.5,5122.2,304.5
18 Mar 26,5132.5,5112.0,610.5
18 Mar 26,5139.4,5118.4,-634.5
18 Mar 26,5139.4,5118.4,-634.5
18 Mar 26,5120.1,5101.1,565.5
18 Mar 26,5120.1,5108.2,352.5
18 Mar 26,5004.6,5014.2,1134.0
18 Mar 26,5004.6,5014.2,1134.0
18 Mar 26,5004.6,4994.8,-1194.0
19 Mar 26,4717.5,4727.1,1134.0
19 Mar 26,4717.5,4727.1,1134.0
19 Mar 26,4718.4,4728.0,1134.0
19 Mar 26,4776.9,4766.9,295.5
19 Mar 26,4776.9,4799.2,-673.5
20 Mar 26,4848.4,4826.3,-667.5
20 Mar 26,4848.4,4826.3,-667.5
20 Mar 26,4788.3,4775.7,373.5
20 Mar 26,4788.3,4776.4,352.5
20 Mar 26,4796.3,4786.7,283.5
20 Mar 26,4796.3,4817.5,-640.5
20 Mar 26,4788.4,4776.7,346.5
20 Mar 26,4788.4,4765.1,694.5
20 Mar 26,4693.4,4703.0,1134.0
20 Mar 26,4693.4,4703.0,1134.0
20 Mar 26,4693.4,4673.7,-2382.0
22 Mar 26,4482.2,4475.8,187.5
22 Mar 26,4482.2,4475.8,187.5
22 Mar 26,4538.5,4516.8,646.5
22 Mar 26,4538.5,4495.2,1294.5
22 Mar 26,4499.7,4477.8,652.5
22 Mar 26,4499.7,4487.8,352.5
23 Mar 26,4509.4,4497.9,-349.5
23 Mar 26,4509.4,4497.9,-349.5
23 Mar 26,4518.0,4532.6,433.5
23 Mar 26,4518.0,4529.9,352.5
23 Mar 26,4518.0,4508.4,1134.0
23 Mar 26,4553.0,4543.4,1134.0
23 Mar 26,4559.8,4573.2,397.5
23 Mar 26,4559.8,4534.7,-757.5
23 Mar 26,4495.2,4475.6,583.5
23 Mar 26,4495.2,4456.0,1171.5
23 Mar 26,4488.5,4472.2,484.5
23 Mar 26,4488.5,4476.6,352.5
24 Mar 26,4471.5,4461.6,292.5
24 Mar 26,4471.5,4451.7,589.5
24 Mar 26,4491.0,4505.8,439.5
24 Mar 26,4491.0,4520.5,880.5
24 Mar 26,4549.8,4560.0,301.5
24 Mar 26,4549.8,4570.1,604.5
24 Mar 26,4549.4,4516.7,-985.5
24 Mar 26,4549.4,4516.7,-985.5
24 Mar 26,4545.2,4535.6,1134.0
24 Mar 26,4532.5,4522.9,1134.0
25 Mar 26,4685.9,4676.3,1134.0
25 Mar 26,4685.9,4676.3,1134.0
25 Mar 26,4685.9,4676.3,1134.0
25 Mar 26,4685.9,4676.3,1134.0
25 Mar 26,4619.9,4629.5,1134.0
25 Mar 26,4658.4,4646.4,355.5
25 Mar 26,4658.4,4634.5,712.5
26 Mar 26,4640.7,4631.1,283.5
26 Mar 26,4640.7,4621.5,571.5
26 Mar 26,4559.9,4585.2,-763.5
26 Mar 26,4559.9,4585.2,-763.5
26 Mar 26,4549.6,4572.3,-685.5
26 Mar 26,4549.6,4572.3,-685.5
26 Mar 26,4569.9,4560.1,289.5
26 Mar 26,4569.9,4550.4,580.5
26 Mar 26,4565.0,4553.7,334.5
26 Mar 26,4565.0,4589.5,-739.5
26 Mar 26,4509.1,4491.5,-2130.0
26 Mar 26,4525.1,4510.7,427.5
26 Mar 26,4525.1,4513.2,352.5
27 Mar 26,4554.9,4533.1,-658.5
27 Mar 26,4554.9,4533.1,-658.5
27 Mar 26,4536.2,4558.8,-682.5
27 Mar 26,4536.2,4558.8,-682.5
27 Mar 26,4553.2,4565.6,367.5
27 Mar 26,4553.2,4577.9,736.5
27 Mar 26,4648.2,4638.6,1134.0
27 Mar 26,4630.0,4640.6,-1290.0
27 Mar 26,4648.2,4638.6,1134.0
27 Mar 26,4648.2,4638.6,1134.0
27 Mar 26,4638.8,4629.0,1158.0
29 Mar 26,4610.7,4621.5,319.5
29 Mar 26,4610.7,4632.3,643.5
30 Mar 26,4612.5,4622.4,292.5
30 Mar 26,4612.5,4632.3,589.5
30 Mar 26,4627.3,4636.7,277.5
30 Mar 26,4627.3,4646.0,556.5
30 Mar 26,4650.3,4661.7,337.5
30 Mar 26,4650.3,4662.2,352.5
30 Mar 26,4662.6,4673.5,322.5
30 Mar 26,4662.6,4684.3,646.5
30 Mar 26,4668.6,4659.0,1134.0
30 Mar 26,4625.0,4634.6,1134.0
30 Mar 26,4662.1,4672.1,295.5
30 Mar 26,4662.1,4682.0,592.5
30 Mar 26,4706.4,4682.8,-712.5
30 Mar 26,4706.4,4682.8,-712.5
31 Mar 26,4680.4,4690.2,289.5
31 Mar 26,4680.4,4699.9,580.5
31 Mar 26,4679.2,4690.0,319.5
31 Mar 26,4679.2,4691.1,352.5
31 Mar 26,4694.6,4673.3,-643.5
31 Mar 26,4694.6,4673.3,-643.5
31 Mar 26,4695.4,4707.7,364.5
31 Mar 26,4695.4,4720.0,733.5
31 Mar 26,4819.1,4838.5,577.5
31 Mar 26,4819.1,4831.0,352.5
31 Mar 26,4806.8,4820.4,403.5
01 Apr 26,4806.8,4833.9,808.5
01 Apr 26,4845.3,4866.0,616.5
01 Apr 26,4845.3,4857.2,352.5
01 Apr 26,4852.5,4863.1,313.5
01 Apr 26,4852.5,4864.4,352.5
01 Apr 26,4897.7,4888.1,1134.0
01 Apr 26,4904.4,4878.3,-787.5
01 Apr 26,4904.4,4878.3,-787.5
02 Apr 26,4785.5,4775.9,1134.0
02 Apr 26,4785.5,4775.9,1134.0
05 Apr 26,4757.8,4746.5,334.5
05 Apr 26,4757.8,4782.4,-742.5
06 Apr 26,4766.7,4777.0,304.5
06 Apr 26,4766.7,4787.3,613.5
06 Apr 26,4781.6,4792.0,307.5
06 Apr 26,4781.6,4802.3,616.5
06 Apr 26,4808.5,4786.5,-664.5
06 Apr 26,4808.5,4786.5,-664.5
06 Apr 26,4786.3,4798.3,355.5
06 Apr 26,4786.3,4810.3,715.5
06 Apr 26,4772.6,4782.2,1134.0
06 Apr 26,4772.6,4782.2,1134.0
06 Apr 26,4772.6,4771.6,-138.0
06 Apr 26,4776.9,4768.1,259.5
06 Apr 26,4776.9,4759.3,523.5
06 Apr 26,4776.7,4767.3,277.5
06 Apr 26,4776.7,4758.0,556.5
06 Apr 26,4751.2,4772.6,-646.5
06 Apr 26,4751.2,4772.6,-646.5
07 Apr 26,4764.0,4753.6,307.5
07 Apr 26,4764.0,4743.3,616.5
07 Apr 26,4799.3,4809.5,301.5
07 Apr 26,4799.3,4777.4,-661.5
07 Apr 26,4765.4,4751.3,418.5
07 Apr 26,4765.4,4737.2,841.5
07 Apr 26,4801.4,4791.8,1134.0
07 Apr 26,4801.4,4791.8,1134.0
07 Apr 26,4789.8,4797.0,-882.0
07 Apr 26,4837.0,4827.4,1134.0
08 Apr 26,4839.1,4848.7,1134.0
08 Apr 26,4839.1,4848.7,1134.0
08 Apr 26,4830.5,4819.5,325.5
08 Apr 26,4830.5,4818.6,352.5
08 Apr 26,4831.5,4820.4,328.5
09 Apr 26,4831.5,4855.7,-730.5
09 Apr 26,4859.3,4869.1,289.5
09 Apr 26,4859.3,4871.2,352.5
09 Apr 26,4878.8,4868.4,307.5
09 Apr 26,4878.8,4858.1,616.5
10 Apr 26,4876.2,4866.1,298.5
10 Apr 26,4876.2,4856.1,598.5
10 Apr 26,4879.4,4889.1,286.5
10 Apr 26,4879.4,4898.7,574.5
10 Apr 26,4891.1,4881.5,1134.0
12 Apr 26,4769.0,4794.9,-781.5
12 Apr 26,4769.0,4794.9,-781.5
13 Apr 26,4834.0,4824.5,280.5
13 Apr 26,4834.0,4855.2,-640.5
13 Apr 26,4847.5,4826.9,-622.5
13 Apr 26,4847.5,4826.9,-622.5
13 Apr 26,4831.3,4821.9,277.5
13 Apr 26,4831.3,4852.5,-640.5
13 Apr 26,4818.0,4827.6,1134.0
13 Apr 26,4851.9,4860.5,-1050.0
13 Apr 26,4874.3,4884.6,304.5
13 Apr 26,4874.3,4886.2,352.5
14 Apr 26,4889.2,4899.5,304.5
14 Apr 26,4889.2,4909.8,613.5
14 Apr 26,4900.7,4878.8,-661.5
14 Apr 26,4900.7,4878.8,-661.5
14 Apr 26,4887.6,4898.9,334.5
14 Apr 26,4887.6,4899.5,352.5
15 Apr 26,4945.1,4923.7,-646.5
15 Apr 26,4945.1,4923.7,-646.5
15 Apr 26,4930.1,4920.2,292.5
15 Apr 26,4930.1,4910.3,589.5
15 Apr 26,4914.3,4935.0,-625.5
15 Apr 26,4914.3,4935.0,-625.5
16 Apr 26,4928.8,4919.0,289.5
16 Apr 26,4928.8,4909.3,580.5
16 Apr 26,4913.1,4922.7,1134.0
16 Apr 26,4913.1,4904.7,-1026.0
16 Apr 26,4910.2,4900.6,283.5
16 Apr 26,4910.2,4891.1,568.5
17 Apr 26,4905.3,4896.7,253.5
17 Apr 26,4905.3,4927.5,-670.5
20 Apr 26,4901.1,4891.9,271.5
20 Apr 26,4901.1,4923.9,-688.5
20 Apr 26,4924.7,4935.1,307.5
20 Apr 26,4924.7,4918.7,-184.5
20 Apr 26,4909.6,4919.2,1134.0
21 Apr 26,4908.7,4899.2,280.5
21 Apr 26,4908.7,4889.7,565.5
21 Apr 26,4902.1,4891.9,301.5
21 Apr 26,4902.1,4881.7,607.5
21 Apr 26,4842.4,4852.0,283.5
21 Apr 26,4842.4,4861.6,571.5
21 Apr 26,4862.2,4872.3,298.5
22 Apr 26,4862.2,4882.3,598.5
22 Apr 26,4873.1,4882.8,286.5
22 Apr 26,4873.1,4851.7,-646.5
22 Apr 26,4861.9,4852.5,277.5
22 Apr 26,4861.9,4843.2,556.5
22 Apr 26,4839.8,4849.4,1134.0
22 Apr 26,4837.7,4828.0,286.5
22 Apr 26,4837.7,4818.4,574.5
23 Apr 26,4815.4,4805.0,307.5
23 Apr 26,4815.4,4794.6,619.5
23 Apr 26,4803.5,4826.3,-688.5
23 Apr 26,4803.5,4826.3,-688.5
23 Apr 26,4840.5,4850.3,289.5
23 Apr 26,4840.5,4845.6,148.5
23 Apr 26,4838.0,4828.4,1134.0
23 Apr 26,4803.2,4812.8,1134.0
23 Apr 26,4813.0,4804.7,-1014.0
24 Apr 26,4820.2,4831.3,328.5
24 Apr 26,4820.2,4842.4,661.5
27 Apr 26,4833.4,4812.6,-628.5
27 Apr 26,4833.4,4812.6,-628.5
27 Apr 26,4814.5,4804.9,283.5
27 Apr 26,4814.5,4802.6,352.5
27 Apr 26,4778.2,4787.8,1134.0
27 Apr 26,4778.2,4787.8,1134.0
27 Apr 26,4785.7,4791.5,678.0
28 Apr 26,4700.6,4691.1,280.5
29 Apr 26,4700.6,4681.7,562.5
29 Apr 26,4675.2,4657.0,541.5
29 Apr 26,4675.2,4663.3,352.5
29 Apr 26,4658.2,4637.7,610.5
29 Apr 26,4658.2,4617.2,1225.5
29 Apr 26,4655.2,4664.8,1134.0
29 Apr 26,4655.2,4646.4,-1074.0
29 Apr 26,4635.5,4645.1,1134.0
29 Apr 26,4635.5,4645.1,1134.0
29 Apr 26,4635.5,4627.3,-1002.0
29 Apr 26,4672.4,4681.8,277.5
30 Apr 26,4672.4,4650.2,-670.5
30 Apr 26,4733.2,4744.1,322.5
30 Apr 26,4733.2,4745.1,352.5
30 Apr 26,4727.7,4730.4,-342.0
01 May 26,4737.4,4716.7,-625.5
01 May 26,4737.4,4716.7,-625.5
01 May 26,4717.6,4707.7,292.5
01 May 26,4717.6,4697.8,589.5
01 May 26,4700.5,4691.1,277.5
01 May 26,4700.5,4681.7,559.5
01 May 26,4747.0,4737.4,1134.0
01 May 26,4747.0,4737.4,1134.0
01 May 26,4739.7,4730.1,1134.0
03 May 26,4714.9,4703.4,340.5
03 May 26,4714.9,4703.0,352.5
04 May 26,4713.0,4702.8,301.5
04 May 26,4713.0,4701.1,352.5
04 May 26,4696.6,4685.8,319.5
04 May 26,4696.6,4684.7,352.5
04 May 26,4684.6,4674.7,292.5
04 May 26,4684.6,4664.9,586.5
04 May 26,4675.9,4666.6,274.5
04 May 26,4675.9,4677.0,-37.5
04 May 26,4620.2,4629.8,1134.0
05 May 26,4641.1,4651.7,313.5
05 May 26,4641.1,4653.0,352.5
05 May 26,4657.0,4667.2,301.5
05 May 26,4657.0,4677.4,607.5
05 May 26,4686.7,4697.0,304.5
05 May 26,4686.7,4707.2,610.5
05 May 26,4726.6,4736.0,277.5
05 May 26,4726.6,4745.4,559.5
06 May 26,4757.1,4767.1,295.5
06 May 26,4757.1,4769.0,352.5
06 May 26,4802.4,4812.5,298.5
06 May 26,4802.4,4814.3,352.5
06 May 26,4797.7,4807.4,286.5
06 May 26,4797.7,4817.0,574.5
07 May 26,4805.4,4814.5,268.5
07 May 26,4805.4,4823.5,538.5
07 May 26,4845.8,4864.7,1125.0
07 May 26,4802.5,4792.1,-1266.0
07 May 26,4802.5,4812.1,1134.0
07 May 26,4802.5,4812.1,1134.0
07 May 26,4802.5,4812.1,1134.0
07 May 26,4802.5,4812.1,1134.0
07 May 26,4815.2,4826.7,340.5
07 May 26,4815.2,4827.1,352.5
08 May 26,4817.1,4807.5,283.5
08 May 26,4817.1,4838.5,-646.5
08 May 26,4808.8,4818.4,1134.0
08 May 26,4808.8,4818.4,1134.0
10 May 26,4798.5,4787.1,337.5
10 May 26,4798.5,4786.6,352.5
11 May 26,4793.0,4801.9,262.5
11 May 26,4793.0,4810.7,526.5
11 May 26,4856.3,4834.3,-664.5
11 May 26,4856.3,4834.3,-664.5
11 May 26,4831.7,4822.1,283.5
12 May 26,4831.7,4819.8,352.5
12 May 26,4818.8,4809.3,280.5
12 May 26,4818.8,4799.9,562.5
12 May 26,4805.6,4796.0,283.5
12 May 26,4805.6,4793.7,352.5
12 May 26,4804.2,4794.3,292.5
12 May 26,4804.2,4792.3,352.5
12 May 26,4795.3,4785.6,286.5
12 May 26,4795.3,4783.4,352.5
12 May 26,4810.3,4817.2,-846.0
13 May 26,4782.8,4772.7,298.5
13 May 26,4782.8,4782.5,4.5
13 May 26,4791.5,4781.3,301.5
14 May 26,4791.5,4771.1,607.5
14 May 26,4807.2,4780.0,-820.5
14 May 26,4807.2,4780.0,-820.5
14 May 26,4753.7,4742.6,328.5
14 May 26,4753.7,4731.5,661.5
15 May 26,4643.1,4652.7,1134.0
15 May 26,4648.5,4632.9,-1890.0
17 May 26,4640.3,4627.3,385.5
17 May 26,4640.3,4628.4,352.5
18 May 26,4632.1,4645.9,409.5
18 May 26,4632.1,4644.0,352.5
18 May 26,4651.0,4666.0,445.5
18 May 26,4651.0,4662.9,352.5
18 May 26,4661.2,4671.1,292.5
18 May 26,4661.2,4681.0,589.5
18 May 26,4680.4,4657.7,-685.5
18 May 26,4680.4,4657.7,-685.5
18 May 26,4657.9,4668.8,322.5
19 May 26,4657.9,4634.9,-694.5
19 May 26,4637.8,4626.8,325.5
19 May 26,4637.8,4615.9,652.5
19 May 26,4584.5,4578.3,-762.0
19 May 26,4574.1,4562.2,352.5
19 May 26,4574.1,4562.2,352.5
20 May 26,4558.8,4581.5,-685.5
20 May 26,4558.8,4581.5,-685.5
20 May 26,4575.4,4599.4,-724.5
20 May 26,4575.4,4599.4,-724.5
20 May 26,4592.7,4570.8,-661.5
20 May 26,4592.7,4570.8,-661.5
21 May 26,4630.6,4619.5,328.5
21 May 26,4630.6,4618.7,352.5
21 May 26,4625.0,4603.4,-652.5
21 May 26,4625.0,4603.4,-652.5
21 May 26,4608.1,4597.9,301.5
21 May 26,4608.1,4596.2,352.5
21 May 26,4640.3,4630.7,1134.0
21 May 26,4640.3,4651.1,-1314.0
21 May 26,4648.1,4638.5,1134.0
21 May 26,4626.2,4615.4,319.5
22 May 26,4626.2,4604.6,643.5
22 May 26,4619.9,4609.9,295.5
22 May 26,4619.9,4599.9,595.5
24 May 26,4601.9,4623.8,2610.0
25 May 26,4672.1,4650.0,-667.5
25 May 26,4672.1,4650.0,-667.5
25 May 26,4644.3,4633.4,322.5
25 May 26,4644.3,4622.6,646.5
26 May 26,4630.4,4620.2,301.5
26 May 26,4630.4,4618.5,352.5
26 May 26,4606.8,4607.9,-75.0
26 May 26,4586.2,4595.8,1134.0
26 May 26,4605.9,4596.3,283.5
27 May 26,4605.9,4586.8,568.5
29 May 26,4595.4,4606.2,319.5
29 May 26,4595.4,4607.3,352.5
29 May 26,4618.4,4627.5,268.5
29 May 26,4618.4,4636.5,538.5
31 May 26,4633.7,4624.3,277.5
31 May 26,4633.7,4621.8,352.5
01 Jun 26,4607.1,4597.7,277.5
01 Jun 26,4607.1,4588.4,556.5
01 Jun 26,4589.9,4575.2,436.5
01 Jun 26,4589.9,4578.0,352.5
02 Jun 26,4572.9,4580.4,882.0
03 Jun 26,4562.3,4550.8,340.5
03 Jun 26,4562.3,4550.4,352.5
03 Jun 26,4533.8,4526.3,-918.0
03 Jun 26,4536.0,4545.5,280.5
03 Jun 26,4536.0,4547.9,352.5
04 Jun 26,4556.5,4567.5,325.5
04 Jun 26,4556.5,4578.5,655.5
04 Jun 26,4590.7,4600.5,289.5
04 Jun 26,4590.7,4568.9,-658.5
04 Jun 26,4562.5,4563.2,-102.0
04 Jun 26,4553.1,4543.4,286.5
04 Jun 26,4553.1,4533.7,577.5
04 Jun 26,4537.7,4528.7,265.5
05 Jun 26,4537.7,4519.8,532.5
05 Jun 26,4533.2,4524.3,262.5
05 Jun 26,4533.2,4515.5,526.5
05 Jun 26,4422.3,4431.9,1134.0
05 Jun 26,4422.3,4414.1,-1002.0
07 Jun 26,4416.9,4406.9,295.5
07 Jun 26,4416.9,4396.9,595.5
07 Jun 26,4411.7,4396.5,451.5
07 Jun 26,4411.7,4399.8,352.5
08 Jun 26,4404.3,4392.8,340.5
08 Jun 26,4404.3,4381.4,682.5
08 Jun 26,4387.2,4375.3,352.5
08 Jun 26,4387.2,4375.3,352.5
08 Jun 26,4370.7,4396.0,-763.5
08 Jun 26,4370.7,4396.0,-763.5
08 Jun 26,4409.6,4421.2,343.5
08 Jun 26,4409.6,4421.5,352.5
08 Jun 26,4402.2,4425.9,-715.5
08 Jun 26,4402.2,4425.9,-715.5
09 Jun 26,4419.5,4435.8,484.5
09 Jun 26,4419.5,4431.4,352.5
09 Jun 26,4339.6,4342.3,306.0
10 Jun 26,4166.5,4191.8,-763.5
10 Jun 26,4166.5,4191.8,-763.5
11 Jun 26,4188.0,4164.7,-703.5
11 Jun 26,4188.0,4164.7,-703.5
11 Jun 26,4166.1,4155.2,322.5
11 Jun 26,4166.1,4144.3,649.5
12 Jun 26,4279.9,4289.2,274.5
12 Jun 26,4279.9,4283.9,115.5
14 Jun 26,4374.2,4383.4,271.5
14 Jun 26,4374.2,4392.6,547.5
15 Jun 26,4391.6,4400.3,256.5
15 Jun 26,4391.6,4408.9,514.5
15 Jun 26,4418.6,4435.3,496.5
15 Jun 26,4418.6,4452.0,997.5
15 Jun 26,4408.9,4399.3,1134.0
15 Jun 26,4397.8,4388.5,274.5
16 Jun 26,4397.8,4420.8,-694.5
16 Jun 26,4426.9,4436.4,280.5
16 Jun 26,4426.9,4406.5,-616.5
17 Jun 26,4424.1,4435.0,322.5
17 Jun 26,4424.1,4436.0,352.5
17 Jun 26,4441.9,4449.1,-882.0
21 Jun 26,4219.4,4243.8,-736.5
21 Jun 26,4219.4,4243.8,-736.5
22 Jun 26,4266.9,4242.6,-733.5
22 Jun 26,4266.9,4242.6,-733.5
22 Jun 26,4236.1,4222.1,415.5
23 Jun 26,4236.1,4224.2,352.5
23 Jun 26,4215.6,4201.3,424.5
23 Jun 26,4215.6,4203.7,352.5
23 Jun 26,4210.3,4200.2,-1230.0
23 Jun 26,4168.2,4147.7,610.5
23 Jun 26,4168.2,4156.3,352.5
23 Jun 26,4166.2,4147.7,550.5
23 Jun 26,4166.2,4129.2,1105.5
24 Jun 26,4137.5,4161.3,-718.5
24 Jun 26,4137.5,4161.3,-718.5
24 Jun 26,4122.7,4104.6,538.5
24 Jun 26,4122.7,4086.6,1078.5
24 Jun 26,4087.1,4071.9,-1842.0
24 Jun 26,4062.3,4071.9,1134.0
24 Jun 26,4057.2,4066.8,1134.0
24 Jun 26,4088.3,4055.0,-1003.5
24 Jun 26,4088.3,4055.0,-1003.5
24 Jun 26,4075.2,4065.3,292.5
24 Jun 26,4075.2,4055.5,586.5
25 Jun 26,4056.0,4078.8,-688.5
25 Jun 26,4056.0,4078.8,-688.5
25 Jun 26,4112.9,4103.3,1134.0
25 Jun 26,4112.9,4103.3,1134.0
25 Jun 26,4092.5,4082.8,286.5
25 Jun 26,4092.5,4073.2,574.5
26 Jun 26,4069.2,4091.2,-664.5
26 Jun 26,4069.2,4091.2,-664.5
26 Jun 26,4086.6,4097.7,328.5
26 Jun 26,4086.6,4098.5,352.5
26 Jun 26,4103.2,4114.9,346.5
26 Jun 26,4103.2,4126.6,697.5
26 Jun 26,4125.0,4135.9,322.5
26 Jun 26,4125.0,4136.9,352.5
29 Jun 26,4142.6,4120.7,-661.5
29 Jun 26,4142.6,4120.7,-661.5
29 Jun 26,4136.2,4127.0,271.5
29 Jun 26,4136.2,4117.9,544.5
29 Jun 26,4112.9,4102.9,295.5
29 Jun 26,4112.9,4092.9,595.5
29 Jun 26,4091.9,4091.2,-102.0
30 Jun 26,4035.9,4058.9,-694.5
30 Jun 26,4035.9,4058.9,-694.5
30 Jun 26,4060.5,4048.8,346.5
30 Jun 26,4060.5,4057.5,85.5
01 Jul 26,4053.5,4043.1,307.5
01 Jul 26,4053.5,4041.6,352.5
01 Jul 26,4045.8,4068.9,-697.5
01 Jul 26,4045.8,4068.9,-697.5
01 Jul 26,4100.2,4110.0,289.5
01 Jul 26,4100.2,4119.8,583.5
01 Jul 26,4119.6,4140.9,-643.5
01 Jul 26,4119.6,4140.9,-643.5
01 Jul 26,4120.3,4132.1,349.5
01 Jul 26,4120.3,4143.9,703.5
02 Jul 26,4133.6,4159.4,-778.5
02 Jul 26,4133.6,4159.4,-778.5
02 Jul 26,4191.5,4181.9,1134.0
02 Jul 26,4191.5,4181.9,1134.0
02 Jul 26,4192.1,4198.0,-726.0
03 Jul 26,4251.1,4230.7,-616.5
03 Jul 26,4251.1,4230.7,-616.5
06 Jul 26,4247.3,4231.4,472.5
06 Jul 26,4247.3,4235.4,352.5
06 Jul 26,4221.2,4211.1,298.5
06 Jul 26,4221.2,4201.1,598.5
07 Jul 26,4240.3,4252.1,349.5
07 Jul 26,4240.3,4226.6,-415.5
07 Jul 26,4210.4,4220.0,1134.0
07 Jul 26,4210.4,4203.1,-894.0
07 Jul 26,4186.9,4175.6,-1374.0
08 Jul 26,4149.1,4137.8,334.5
08 Jul 26,4149.1,4126.6,670.5
09 Jul 26,4192.5,4202.9,307.5
09 Jul 26,4192.5,4194.7,61.5
09 Jul 26,4201.2,4191.6,1134.0
12 Jul 26,4147.5,4136.8,316.5
12 Jul 26,4147.5,4126.2,634.5
13 Jul 26,4128.0,4116.4,343.5
13 Jul 26,4128.0,4104.9,688.5
13 Jul 26,4072.7,4061.8,322.5
14 Jul 26,4072.7,4094.5,-658.5
14 Jul 26,4089.8,4099.9,298.5
14 Jul 26,4089.8,4109.9,598.5
14 Jul 26,4140.5,4150.1,283.5
14 Jul 26,4140.5,4148.2,226.5
15 Jul 26,4141.1,4149.1,-978.0
15 Jul 26,4126.4,4105.9,-619.5
15 Jul 26,4126.4,4105.9,-619.5
16 Jul 26,4097.8,4086.8,325.5
16 Jul 26,4097.8,4085.9,352.5
16 Jul 26,4055.4,4059.9,-279.0
16 Jul 26,4067.9,4049.7,-2202.0
16 Jul 26,4043.6,4064.2,-622.5
16 Jul 26,4043.6,4064.2,-622.5
17 Jul 26,4052.3,4033.9,547.5
17 Jul 26,4052.3,4040.4,352.5
19 Jul 26,4057.0,4080.3,-703.5
19 Jul 26,4057.0,4080.3,-703.5
19 Jul 26,4067.0,4076.8,289.5
19 Jul 26,4067.0,4086.6,583.5
20 Jul 26,4088.2,4098.8,313.5
20 Jul 26,4088.2,4100.1,352.5
20 Jul 26,4077.2,4067.4,289.5
20 Jul 26,4077.2,4072.9,124.5
21 Jul 26,4144.7,4153.8,268.5
21 Jul 26,4144.7,4162.8,538.5
21 Jul 26,4185.1,4203.4,544.5
21 Jul 26,4185.1,4197.0,352.5
22 Jul 26,4192.5,4212.2,586.5
22 Jul 26,4192.5,4204.4,352.5
23 Jul 26,4112.3,4103.4,262.5
23 Jul 26,4112.3,4094.6,526.5
24 Jul 26,4095.0,4085.6,277.5
24 Jul 26,4095.0,4116.1,-637.5
24 Jul 26,4115.8,4125.0,-561.0
24 Jul 26,4143.1,4133.5,1134.0
27 Jul 26,4157.4,4166.8,277.5
27 Jul 26,4157.4,4134.1,-703.5
28 Jul 26,4106.3,4097.3,265.5
28 Jul 26,4106.3,4088.3,535.5
28 Jul 26,4092.0,4081.8,301.5
28 Jul 26,4092.0,4071.7,604.5
28 Jul 26,4093.3,4102.9,1134.0
28 Jul 26,4101.4,4094.5,-846.0
29 Jul 26,4085.6,4106.1,-619.5
29 Jul 26,4085.6,4106.1,-619.5
29 Jul 26,4096.5,4076.0,-619.5
29 Jul 26,4096.5,4076.0,-619.5
29 Jul 26,4153.7,4137.3,1950.0
29 Jul 26,4153.7,4144.1,1134.0
29 Jul 26,4140.2,4108.3,-961.5
29 Jul 26,4140.2,4108.3,-961.5
30 Jul 26,4101.8,4092.5,274.5
30 Jul 26,4101.8,4122.3,-619.5
30 Jul 26,4125.1,4135.1,295.5
30 Jul 26,4125.1,4145.1,595.5
30 Jul 26,4178.3,4168.7,1134.0
02 Aug 26,4111.3,4122.1,319.5
03 Aug 26,4111.3,4087.8,-709.5
04 Aug 26,4138.7,4135.0,426.0
04 Aug 26,4155.0,4164.1,268.5
04 Aug 26,4155.0,4173.1,538.5
05 Aug 26,4215.0,4228.2,391.5
05 Aug 26,4215.0,4241.4,787.5
05 Aug 26,4303.8,4307.7,-486.0
05 Aug 26,4349.8,4325.6,-730.5
05 Aug 26,4349.8,4325.6,-730.5
06 Aug 26,4320.5,4333.5,385.5
06 Aug 26,4320.5,4332.4,352.5
06 Aug 26,4321.4,4312.5,262.5
06 Aug 26,4321.4,4303.6,529.5
06 Aug 26,4302.8,4293.2,283.5
07 Aug 26,4302.8,4327.1,-733.5
07 Aug 26,4322.4,4332.3,292.5
07 Aug 26,4322.4,4342.2,589.5
09 Aug 26,4402.4,4380.2,-670.5
09 Aug 26,4402.4,4380.2,-670.5
10 Aug 26,4389.4,4412.5,-697.5
10 Aug 26,4389.4,4412.5,-697.5
10 Aug 26,4405.8,4416.6,319.5
10 Aug 26,4405.8,4382.3,-709.5
10 Aug 26,4418.2,4428.3,-1230.0
11 Aug 26,4424.5,4452.6,-847.5
11 Aug 26,4424.5,4452.6,-847.5
11 Aug 26,4447.1,4458.8,346.5
11 Aug 26,4447.1,4455.5,247.5
11 Aug 26,4438.7,4429.1,1134.0
11 Aug 26,4449.5,4460.0,310.5
11 Aug 26,4449.5,4470.4,622.5
12 Aug 26,4469.2,4448.7,-619.5
12 Aug 26,4469.2,4448.7,-619.5
12 Aug 26,4451.1,4460.9,289.5
12 Aug 26,4451.1,4463.0,352.5
12 Aug 26,4469.6,4479.0,277.5
12 Aug 26,4469.6,4488.4,559.5
12 Aug 26,4468.6,4459.0,1134.0
12 Aug 26,4457.5,4467.1,1134.0
13 Aug 26,4464.4,4455.4,265.5
13 Aug 26,4464.4,4446.5,532.5
13 Aug 26,4432.8,4455.4,-682.5
13 Aug 26,4432.8,4455.4,-682.5
13 Aug 26,4453.0,4441.4,343.5
13 Aug 26,4453.0,4429.9,688.5
13 Aug 26,4397.2,4387.4,289.5
13 Aug 26,4397.2,4377.7,580.5
13 Aug 26,4376.2,4366.0,301.5
14 Aug 26,4376.2,4398.8,-682.5
14 Aug 26,4433.3,4442.6,274.5
14 Aug 26,4433.3,4451.8,550.5
16 Aug 26,4437.4,4446.6,271.5
16 Aug 26,4437.4,4455.7,544.5
17 Aug 26,4450.1,4459.5,277.5
17 Aug 26,4450.1,4468.8,556.5
17 Aug 26,4465.2,4472.7,-918.0
17 Aug 26,4481.2,4493.1,352.5
17 Aug 26,4481.2,4455.5,-775.5
17 Aug 26,4457.5,4446.7,319.5
18 Aug 26,4457.5,4435.9,643.5
18 Aug 26,4395.5,4384.9,-1290.0
19 Aug 26,4411.5,4421.0,280.5
19 Aug 26,4411.5,4430.4,562.5
19 Aug 26,4513.2,4530.6,517.5
19 Aug 26,4513.2,4548.0,1039.5
19 Aug 26,4575.7,4571.2,-279.0
