# The Ingot (MGC Overnight Level Sweep-Reclaim (5m)) - best return-on-drawdown window 04 Jan 2026 to 07 Aug 2026 - closed trades at Multiplier 5 - hypothetical backtested results, commissions and slippage modeled
exit_day,entry_px,exit_px,net_pnl_usd,side,signal,qty,return_pct
04 Jan 26,4569.0,4581.1,593.0,L,L,5.0,0.2596
04 Jan 26,4569.0,4580.9,583.0,L,L,5.0,0.2552
05 Jan 26,4580.1,4598.4,903.0,L,L,5.0,0.3943
05 Jan 26,4580.1,4592.0,583.0,L,L,5.0,0.2546
05 Jan 26,4591.6,4609.9,903.0,L,L,5.0,0.3933
05 Jan 26,4591.6,4603.5,583.0,L,L,5.0,0.2539
05 Jan 26,4582.3,4608.7,-1332.0,S,S,5.0,-0.5814
05 Jan 26,4582.3,4608.7,-1332.0,S,S,5.0,-0.5814
05 Jan 26,4614.9,4626.6,573.0,L,L,5.0,0.2483
05 Jan 26,4614.9,4626.8,583.0,L,L,5.0,0.2527
06 Jan 26,4640.0,4618.6,-1082.0,L,L,5.0,-0.4664
06 Jan 26,4640.0,4618.6,-1082.0,L,L,5.0,-0.4664
06 Jan 26,4633.9,4651.9,888.0,L,L,5.0,0.3833
06 Jan 26,4633.9,4645.8,583.0,L,L,5.0,0.2516
06 Jan 26,4652.9,4643.4,463.0,S,S,5.0,0.199
07 Jan 26,4652.9,4633.9,938.0,S,S,5.0,0.4032
07 Jan 26,4637.4,4627.7,473.0,S,S,5.0,0.204
07 Jan 26,4637.4,4618.1,953.0,S,S,5.0,0.411
07 Jan 26,4622.0,4612.6,458.0,S,S,5.0,0.1982
07 Jan 26,4622.0,4603.2,928.0,S,S,5.0,0.4016
08 Jan 26,4596.8,4585.7,543.0,S,S,5.0,0.2363
08 Jan 26,4596.8,4621.3,-1237.0,S,S,5.0,-0.5382
12 Jan 26,4762.1,4752.0,493.0,S,S,5.0,0.2071
13 Jan 26,4762.1,4784.9,-1152.0,S,S,5.0,-0.4838
13 Jan 26,4788.8,4807.2,908.0,L,L,5.0,0.3792
13 Jan 26,4788.8,4800.7,583.0,L,L,5.0,0.2435
13 Jan 26,4778.9,4789.2,503.0,L,L,5.0,0.2105
13 Jan 26,4778.9,4799.4,1013.0,L,L,5.0,0.4239
14 Jan 26,4800.3,4779.7,-1042.0,L,L,5.0,-0.4341
14 Jan 26,4800.3,4779.7,-1042.0,L,L,5.0,-0.4341
14 Jan 26,4786.4,4777.6,428.0,S,S,5.0,0.1788
14 Jan 26,4786.4,4768.8,868.0,S,S,5.0,0.3627
14 Jan 26,4781.3,4771.7,468.0,S,S,5.0,0.1958
14 Jan 26,4781.3,4762.2,943.0,S,S,5.0,0.3945
15 Jan 26,4762.0,4752.0,488.0,S,S,5.0,0.205
15 Jan 26,4762.0,4783.4,-1082.0,S,S,5.0,-0.4544
15 Jan 26,4787.1,4766.5,-1042.0,L,L,5.0,-0.4353
15 Jan 26,4787.1,4766.5,-1042.0,L,L,5.0,-0.4353
15 Jan 26,4773.2,4783.8,518.0,L,L,5.0,0.217
15 Jan 26,4773.2,4784.1,533.0,L,L,5.0,0.2233
16 Jan 26,4777.0,4751.3,-1297.0,L,L,5.0,-0.543
16 Jan 26,4777.0,4751.3,-1297.0,L,L,5.0,-0.543
16 Jan 26,4767.8,4788.9,-1067.0,S,S,5.0,-0.4476
16 Jan 26,4767.8,4788.9,-1067.0,S,S,5.0,-0.4476
18 Jan 26,4846.6,4824.5,-1117.0,L,L,5.0,-0.4609
18 Jan 26,4846.6,4824.5,-1117.0,L,L,5.0,-0.4609
18 Jan 26,4829.6,4840.0,508.0,L,L,5.0,0.2104
19 Jan 26,4829.6,4841.5,583.0,L,L,5.0,0.2414
19 Jan 26,4837.2,4843.8,636.0,L,L,10.0,0.1315
19 Jan 26,4836.0,4856.1,993.0,L,L,5.0,0.4107
20 Jan 26,4836.0,4876.2,1998.0,L,L,5.0,0.8263
20 Jan 26,4903.5,4906.7,296.0,L,L,10.0,0.0604
20 Jan 26,4943.3,4961.4,893.0,L,L,5.0,0.3613
20 Jan 26,4943.3,4979.5,1798.0,L,L,5.0,0.7274
20 Jan 26,4988.6,5000.5,583.0,L,L,5.0,0.2337
20 Jan 26,4988.6,5000.5,583.0,L,L,5.0,0.2337
21 Jan 26,5035.7,5047.6,583.0,L,L,5.0,0.2315
21 Jan 26,5035.7,5047.6,583.0,L,L,5.0,0.2315
21 Jan 26,5007.7,5020.4,623.0,L,L,5.0,0.2488
21 Jan 26,5007.7,5033.1,1258.0,L,L,5.0,0.5024
21 Jan 26,5027.9,5046.0,893.0,L,L,5.0,0.3552
21 Jan 26,5027.9,5039.8,583.0,L,L,5.0,0.2319
21 Jan 26,5041.8,5017.6,-1222.0,L,L,5.0,-0.4847
21 Jan 26,5041.8,5017.6,-1222.0,L,L,5.0,-0.4847
21 Jan 26,4953.0,4943.0,488.0,S,S,5.0,0.1971
22 Jan 26,4953.0,4982.5,-1487.0,S,S,5.0,-0.6004
22 Jan 26,4996.8,4976.3,-1037.0,L,L,5.0,-0.4151
22 Jan 26,4996.8,4976.3,-1037.0,L,L,5.0,-0.4151
22 Jan 26,4986.2,4998.4,598.0,L,L,5.0,0.2399
22 Jan 26,4986.2,5010.5,1203.0,L,L,5.0,0.4825
26 Jan 26,5234.2,5254.3,993.0,L,L,5.0,0.3794
26 Jan 26,5234.2,5246.1,583.0,L,L,5.0,0.2228
26 Jan 26,5251.0,5229.4,-1092.0,L,L,5.0,-0.4159
26 Jan 26,5251.0,5229.4,-1092.0,L,L,5.0,-0.4159
26 Jan 26,5216.9,5232.6,773.0,L,L,5.0,0.2963
26 Jan 26,5216.9,5228.8,583.0,L,L,5.0,0.2235
27 Jan 26,5243.4,5261.5,893.0,L,L,5.0,0.3406
27 Jan 26,5243.4,5253.3,483.0,L,L,5.0,0.1842
27 Jan 26,5240.7,5251.2,513.0,L,L,5.0,0.1958
27 Jan 26,5240.7,5252.6,583.0,L,L,5.0,0.2225
27 Jan 26,5239.5,5221.4,893.0,S,S,5.0,0.3409
27 Jan 26,5239.5,5230.4,443.0,S,S,5.0,0.1691
28 Jan 26,5418.6,5432.8,698.0,L,L,5.0,0.2576
28 Jan 26,5418.6,5430.5,583.0,L,L,5.0,0.2152
29 Jan 26,5702.1,5679.5,-1142.0,L,L,5.0,-0.4006
29 Jan 26,5702.1,5679.5,-1142.0,L,L,5.0,-0.4006
29 Jan 26,5664.0,5664.3,-27.0,S,S,5.0,-0.0095
29 Jan 26,5664.0,5664.3,-27.0,S,S,5.0,-0.0095
29 Jan 26,5666.3,5679.9,668.0,L,L,5.0,0.2358
29 Jan 26,5666.3,5638.8,-1387.0,L,L,5.0,-0.4896
29 Jan 26,5689.3,5666.1,-1172.0,L,L,5.0,-0.412
29 Jan 26,5689.3,5666.1,-1172.0,L,L,5.0,-0.412
29 Jan 26,5670.1,5681.8,573.0,L,L,5.0,0.2021
29 Jan 26,5670.1,5693.5,1158.0,L,L,5.0,0.4085
29 Jan 26,5677.3,5691.1,678.0,L,L,5.0,0.2388
29 Jan 26,5677.3,5704.9,1368.0,L,L,5.0,0.4819
02 Feb 26,4966.6,4942.9,-1197.0,L,L,5.0,-0.482
02 Feb 26,4966.6,4942.9,-1197.0,L,L,5.0,-0.482
03 Feb 26,4962.3,4975.0,623.0,L,L,5.0,0.2511
03 Feb 26,4962.3,4987.7,1258.0,L,L,5.0,0.507
04 Feb 26,5201.2,5211.4,498.0,L,L,5.0,0.1915
04 Feb 26,5201.2,5221.6,1008.0,L,L,5.0,0.3876
04 Feb 26,5219.4,5232.9,663.0,L,L,5.0,0.2541
04 Feb 26,5219.4,5231.3,583.0,L,L,5.0,0.2234
04 Feb 26,5197.5,5206.7,448.0,L,L,5.0,0.1724
04 Feb 26,5197.5,5175.8,-1097.0,L,L,5.0,-0.4221
04 Feb 26,5033.1,5023.0,493.0,S,S,5.0,0.1959
04 Feb 26,5033.1,5012.9,998.0,S,S,5.0,0.3966
05 Feb 26,5043.3,5071.3,-1412.0,S,S,5.0,-0.56
05 Feb 26,5043.3,5071.3,-1412.0,S,S,5.0,-0.56
05 Feb 26,5057.3,5073.5,798.0,L,L,5.0,0.3156
05 Feb 26,5057.3,5069.2,583.0,L,L,5.0,0.2306
05 Feb 26,5019.2,5001.6,868.0,S,S,5.0,0.3459
05 Feb 26,5019.2,4984.0,1748.0,S,S,5.0,0.6965
05 Feb 26,5008.7,4993.2,763.0,S,S,5.0,0.3047
05 Feb 26,5008.7,5003.9,228.0,S,S,5.0,0.091
08 Feb 26,5176.1,5186.0,483.0,L,L,5.0,0.1866
08 Feb 26,5176.1,5153.9,-1122.0,L,L,5.0,-0.4335
08 Feb 26,5143.9,5155.9,588.0,L,L,5.0,0.2286
08 Feb 26,5143.9,5153.8,483.0,L,L,5.0,0.1878
09 Feb 26,5171.7,5150.3,-1082.0,L,L,5.0,-0.4184
09 Feb 26,5171.7,5150.3,-1082.0,L,L,5.0,-0.4184
09 Feb 26,5157.9,5168.1,498.0,L,L,5.0,0.1931
09 Feb 26,5157.9,5178.3,1008.0,L,L,5.0,0.3909
10 Feb 26,5186.6,5198.1,563.0,L,L,5.0,0.2171
10 Feb 26,5186.6,5193.9,353.0,L,L,5.0,0.1361
11 Feb 26,5207.1,5217.2,493.0,L,L,5.0,0.1894
11 Feb 26,5207.1,5227.3,998.0,L,L,5.0,0.3833
11 Feb 26,5219.0,5192.4,-1342.0,L,L,5.0,-0.5143
11 Feb 26,5219.0,5192.4,-1342.0,L,L,5.0,-0.5143
11 Feb 26,5206.2,5197.3,433.0,S,S,5.0,0.1663
12 Feb 26,5206.2,5204.6,68.0,S,S,5.0,0.0261
12 Feb 26,5217.2,5190.4,-1352.0,L,L,5.0,-0.5183
12 Feb 26,5217.2,5190.4,-1352.0,L,L,5.0,-0.5183
12 Feb 26,5090.9,5079.7,548.0,S,S,5.0,0.2153
12 Feb 26,5090.9,5079.0,583.0,S,S,5.0,0.229
12 Feb 26,5127.0,5137.2,498.0,L,L,5.0,0.1943
13 Feb 26,5127.0,5102.3,-1247.0,L,L,5.0,-0.4864
13 Feb 26,5104.2,5128.4,-1222.0,S,S,5.0,-0.4788
13 Feb 26,5104.2,5128.4,-1222.0,S,S,5.0,-0.4788
13 Feb 26,5120.9,5107.1,678.0,S,S,5.0,0.2648
13 Feb 26,5120.9,5093.4,1363.0,S,S,5.0,0.5323
13 Feb 26,5096.6,5120.0,-1182.0,S,S,5.0,-0.4638
13 Feb 26,5096.6,5120.0,-1182.0,S,S,5.0,-0.4638
13 Feb 26,5113.6,5123.7,493.0,L,L,5.0,0.1928
13 Feb 26,5113.6,5133.8,998.0,L,L,5.0,0.3903
13 Feb 26,5133.3,5142.8,463.0,L,L,5.0,0.1804
13 Feb 26,5133.3,5152.3,938.0,L,L,5.0,0.3655
15 Feb 26,5165.1,5154.3,528.0,S,S,5.0,0.2044
15 Feb 26,5165.1,5143.5,1068.0,S,S,5.0,0.4135
16 Feb 26,5133.7,5155.9,-1122.0,S,S,5.0,-0.4371
16 Feb 26,5133.7,5155.9,-1122.0,S,S,5.0,-0.4371
16 Feb 26,5150.9,5161.3,508.0,L,L,5.0,0.1972
16 Feb 26,5150.9,5128.3,-1142.0,L,L,5.0,-0.4434
17 Feb 26,5099.1,5088.9,498.0,S,S,5.0,0.1953
17 Feb 26,5099.1,5078.7,1008.0,S,S,5.0,0.3954
17 Feb 26,5067.4,5058.3,443.0,S,S,5.0,0.1748
17 Feb 26,5067.4,5087.7,-1027.0,S,S,5.0,-0.4053
17 Feb 26,5066.0,5054.7,553.0,S,S,5.0,0.2183
17 Feb 26,5066.0,5043.5,1113.0,S,S,5.0,0.4394
17 Feb 26,5044.7,5033.8,533.0,S,S,5.0,0.2113
17 Feb 26,5044.7,5023.0,1073.0,S,S,5.0,0.4254
17 Feb 26,5028.8,5040.2,558.0,L,L,5.0,0.2219
17 Feb 26,5028.8,5040.7,583.0,L,L,5.0,0.2319
18 Feb 26,5077.8,5087.6,478.0,L,L,5.0,0.1883
18 Feb 26,5077.8,5056.7,-1067.0,L,L,5.0,-0.4203
18 Feb 26,5062.2,5083.3,-1067.0,S,S,5.0,-0.4216
18 Feb 26,5062.2,5083.3,-1067.0,S,S,5.0,-0.4216
18 Feb 26,5098.6,5110.8,598.0,L,L,5.0,0.2346
18 Feb 26,5098.6,5122.9,1203.0,L,L,5.0,0.4719
19 Feb 26,5110.7,5133.3,-1142.0,S,S,5.0,-0.4469
19 Feb 26,5110.7,5133.3,-1142.0,S,S,5.0,-0.4469
19 Feb 26,5138.3,5129.1,448.0,S,S,5.0,0.1744
19 Feb 26,5138.3,5120.0,903.0,S,S,5.0,0.3515
19 Feb 26,5128.7,5143.7,738.0,L,L,5.0,0.2878
19 Feb 26,5128.7,5158.7,1488.0,L,L,5.0,0.5803
19 Feb 26,5140.8,5131.5,453.0,S,S,5.0,0.1762
20 Feb 26,5140.8,5161.8,-1062.0,S,S,5.0,-0.4132
20 Feb 26,5165.1,5175.3,498.0,L,L,5.0,0.1928
20 Feb 26,5165.1,5185.4,1003.0,L,L,5.0,0.3884
20 Feb 26,5181.0,5154.3,-1347.0,L,L,5.0,-0.52
20 Feb 26,5181.0,5154.3,-1347.0,L,L,5.0,-0.52
20 Feb 26,5187.1,5197.1,488.0,L,L,5.0,0.1882
20 Feb 26,5187.1,5207.1,988.0,L,L,5.0,0.3809
22 Feb 26,5287.7,5308.7,1038.0,L,L,5.0,0.3926
22 Feb 26,5287.7,5298.8,543.0,L,L,5.0,0.2054
23 Feb 26,5305.1,5283.1,-1112.0,L,L,5.0,-0.4192
23 Feb 26,5305.1,5283.1,-1112.0,L,L,5.0,-0.4192
23 Feb 26,5283.9,5271.0,633.0,S,S,5.0,0.2396
23 Feb 26,5283.9,5305.8,-1107.0,S,S,5.0,-0.419
23 Feb 26,5296.7,5306.4,473.0,L,L,5.0,0.1786
23 Feb 26,5296.7,5316.0,953.0,L,L,5.0,0.3598
23 Feb 26,5319.4,5309.1,503.0,S,S,5.0,0.1891
24 Feb 26,5319.4,5298.8,1018.0,S,S,5.0,0.3827
24 Feb 26,5306.8,5295.6,548.0,S,S,5.0,0.2065
24 Feb 26,5306.8,5284.5,1103.0,S,S,5.0,0.4157
24 Feb 26,5271.7,5253.3,908.0,S,S,5.0,0.3445
24 Feb 26,5271.7,5259.8,583.0,S,S,5.0,0.2212
25 Feb 26,5326.2,5337.8,568.0,L,L,5.0,0.2133
26 Feb 26,5326.2,5338.1,583.0,L,L,5.0,0.2189
26 Feb 26,5336.1,5314.7,-1082.0,L,L,5.0,-0.4055
26 Feb 26,5336.1,5314.7,-1082.0,L,L,5.0,-0.4055
26 Feb 26,5323.1,5313.0,493.0,S,S,5.0,0.1852
26 Feb 26,5323.1,5311.2,583.0,S,S,5.0,0.219
26 Feb 26,5310.5,5301.3,448.0,S,S,5.0,0.1687
26 Feb 26,5310.5,5292.1,908.0,S,S,5.0,0.342
26 Feb 26,5328.4,5318.9,463.0,S,S,5.0,0.1738
26 Feb 26,5328.4,5319.0,458.0,S,S,5.0,0.1719
27 Feb 26,5328.4,5318.9,463.0,S,S,5.0,0.1738
27 Feb 26,5328.4,5348.9,-1037.0,S,S,5.0,-0.3892
27 Feb 26,5361.7,5376.8,743.0,L,L,5.0,0.2772
27 Feb 26,5361.7,5373.6,583.0,L,L,5.0,0.2175
01 Mar 26,5483.7,5494.3,518.0,L,L,5.0,0.1889
01 Mar 26,5483.7,5504.9,1048.0,L,L,5.0,0.3822
03 Mar 26,5435.2,5414.9,1003.0,S,S,5.0,0.3691
03 Mar 26,5435.2,5394.7,2013.0,S,S,5.0,0.7407
03 Mar 26,5416.4,5405.5,533.0,S,S,5.0,0.1968
03 Mar 26,5416.4,5394.7,1073.0,S,S,5.0,0.3962
03 Mar 26,5293.9,5315.5,-1092.0,S,S,5.0,-0.4126
03 Mar 26,5293.9,5315.5,-1092.0,S,S,5.0,-0.4126
03 Mar 26,5347.5,5337.2,503.0,S,S,5.0,0.1881
03 Mar 26,5347.5,5326.9,1018.0,S,S,5.0,0.3807
03 Mar 26,5276.6,5255.7,1033.0,S,S,5.0,0.3915
03 Mar 26,5276.6,5264.7,583.0,S,S,5.0,0.221
05 Mar 26,5303.4,5293.8,468.0,S,S,5.0,0.1765
05 Mar 26,5303.4,5284.2,948.0,S,S,5.0,0.3575
05 Mar 26,5280.4,5311.2,-1552.0,S,S,5.0,-0.5878
05 Mar 26,5280.4,5311.2,-1552.0,S,S,5.0,-0.5878
05 Mar 26,5301.3,5291.8,463.0,S,S,5.0,0.1747
05 Mar 26,5301.3,5282.3,938.0,S,S,5.0,0.3539
05 Mar 26,5258.1,5244.3,678.0,S,S,5.0,0.2579
05 Mar 26,5258.1,5230.5,1368.0,S,S,5.0,0.5203
05 Mar 26,5220.9,5211.7,448.0,S,S,5.0,0.1716
05 Mar 26,5220.9,5202.5,908.0,S,S,5.0,0.3478
05 Mar 26,5262.8,5272.7,483.0,L,L,5.0,0.1836
06 Mar 26,5262.8,5241.4,-1082.0,L,L,5.0,-0.4112
06 Mar 26,5241.6,5231.3,503.0,S,S,5.0,0.1919
06 Mar 26,5241.6,5221.0,1018.0,S,S,5.0,0.3884
06 Mar 26,5225.7,5214.9,528.0,S,S,5.0,0.2021
06 Mar 26,5225.7,5204.2,1063.0,S,S,5.0,0.4068
06 Mar 26,5228.8,5218.1,523.0,S,S,5.0,0.2
06 Mar 26,5228.8,5207.5,1053.0,S,S,5.0,0.4028
08 Mar 26,5185.0,5172.0,638.0,S,S,5.0,0.2461
08 Mar 26,5185.0,5159.0,1288.0,S,S,5.0,0.4968
09 Mar 26,5224.0,5244.9,-1057.0,S,S,5.0,-0.4047
09 Mar 26,5224.0,5244.9,-1057.0,S,S,5.0,-0.4047
09 Mar 26,5234.7,5247.3,618.0,L,L,5.0,0.2361
09 Mar 26,5234.7,5259.9,1248.0,L,L,5.0,0.4768
09 Mar 26,5236.7,5213.2,-1187.0,L,L,5.0,-0.4533
09 Mar 26,5236.7,5213.2,-1187.0,L,L,5.0,-0.4533
09 Mar 26,5271.9,5282.0,493.0,L,L,5.0,0.187
09 Mar 26,5271.9,5280.6,423.0,L,L,5.0,0.1605
10 Mar 26,5296.7,5306.0,453.0,L,L,5.0,0.171
10 Mar 26,5296.7,5315.3,918.0,L,L,5.0,0.3466
10 Mar 26,5311.7,5320.6,433.0,L,L,5.0,0.163
10 Mar 26,5311.7,5329.5,878.0,L,L,5.0,0.3306
10 Mar 26,5318.2,5297.1,-1067.0,L,L,5.0,-0.4013
10 Mar 26,5318.2,5297.1,-1067.0,L,L,5.0,-0.4013
10 Mar 26,5307.6,5332.7,-1267.0,S,S,5.0,-0.4774
10 Mar 26,5307.6,5332.7,-1267.0,S,S,5.0,-0.4774
10 Mar 26,5328.4,5352.9,-1237.0,S,S,5.0,-0.4643
10 Mar 26,5328.4,5352.9,-1237.0,S,S,5.0,-0.4643
11 Mar 26,5350.7,5327.4,-1177.0,L,L,5.0,-0.4399
11 Mar 26,5350.7,5327.4,-1177.0,L,L,5.0,-0.4399
11 Mar 26,5336.8,5326.2,518.0,S,S,5.0,0.1941
11 Mar 26,5336.8,5315.6,1048.0,S,S,5.0,0.3927
11 Mar 26,5326.1,5316.6,463.0,S,S,5.0,0.1739
11 Mar 26,5326.1,5314.2,583.0,S,S,5.0,0.2189
11 Mar 26,5283.5,5274.3,448.0,S,S,5.0,0.1696
11 Mar 26,5283.5,5265.1,908.0,S,S,5.0,0.3437
12 Mar 26,5283.5,5273.7,478.0,S,S,5.0,0.1809
12 Mar 26,5283.5,5305.4,-1107.0,S,S,5.0,-0.419
12 Mar 26,5312.3,5289.7,-1142.0,L,L,5.0,-0.4299
12 Mar 26,5312.3,5289.7,-1142.0,L,L,5.0,-0.4299
13 Mar 26,5204.6,5195.6,438.0,S,S,5.0,0.1683
13 Mar 26,5204.6,5236.6,-1612.0,S,S,5.0,-0.6195
15 Mar 26,5149.7,5118.0,1573.0,S,S,5.0,0.6109
15 Mar 26,5149.7,5118.0,1573.0,S,S,5.0,0.6109
16 Mar 26,5126.6,5107.6,938.0,S,S,5.0,0.3659
16 Mar 26,5126.6,5114.7,583.0,S,S,5.0,0.2274
16 Mar 26,5133.0,5153.6,-1042.0,S,S,5.0,-0.406
16 Mar 26,5133.0,5153.6,-1042.0,S,S,5.0,-0.406
16 Mar 26,5150.5,5162.7,598.0,L,L,5.0,0.2322
16 Mar 26,5150.5,5160.8,503.0,L,L,5.0,0.1953
16 Mar 26,5139.6,5149.8,498.0,L,L,5.0,0.1938
16 Mar 26,5139.6,5159.9,1003.0,L,L,5.0,0.3903
16 Mar 26,5152.8,5163.9,543.0,L,L,5.0,0.2108
17 Mar 26,5152.8,5164.7,583.0,L,L,5.0,0.2263
17 Mar 26,5166.9,5144.7,-1122.0,L,L,5.0,-0.4343
17 Mar 26,5166.9,5144.7,-1122.0,L,L,5.0,-0.4343
17 Mar 26,5151.8,5160.8,438.0,L,L,5.0,0.17
17 Mar 26,5151.8,5130.5,-1077.0,L,L,5.0,-0.4181
17 Mar 26,5138.8,5160.9,-1117.0,S,S,5.0,-0.4347
17 Mar 26,5138.8,5160.9,-1117.0,S,S,5.0,-0.4347
17 Mar 26,5132.5,5122.2,503.0,S,S,5.0,0.196
18 Mar 26,5132.5,5112.0,1013.0,S,S,5.0,0.3947
18 Mar 26,5139.4,5118.4,-1062.0,L,L,5.0,-0.4133
18 Mar 26,5139.4,5118.4,-1062.0,L,L,5.0,-0.4133
18 Mar 26,5120.1,5101.1,938.0,S,S,5.0,0.3664
18 Mar 26,5120.1,5108.3,578.0,S,S,5.0,0.2258
22 Mar 26,4482.2,4484.5,-127.0,S,S,5.0,-0.0567
22 Mar 26,4482.2,4484.5,-127.0,S,S,5.0,-0.0567
22 Mar 26,4538.5,4516.8,1073.0,S,S,5.0,0.4728
22 Mar 26,4538.5,4495.2,2153.0,S,S,5.0,0.9488
22 Mar 26,4499.7,4477.8,1083.0,S,S,5.0,0.4814
22 Mar 26,4499.7,4487.8,583.0,S,S,5.0,0.2591
23 Mar 26,4509.4,4521.3,583.0,L,L,5.0,0.2586
23 Mar 26,4509.4,4521.3,583.0,L,L,5.0,0.2586
23 Mar 26,4518.0,4532.6,718.0,L,L,5.0,0.3178
23 Mar 26,4518.0,4529.9,583.0,L,L,5.0,0.2581
23 Mar 26,4559.8,4573.2,658.0,L,L,5.0,0.2886
23 Mar 26,4559.8,4534.7,-1267.0,L,L,5.0,-0.5557
23 Mar 26,4495.2,4475.6,968.0,S,S,5.0,0.4307
23 Mar 26,4495.2,4456.0,1948.0,S,S,5.0,0.8667
23 Mar 26,4488.5,4472.2,803.0,S,S,5.0,0.3578
23 Mar 26,4488.5,4476.6,583.0,S,S,5.0,0.2598
24 Mar 26,4471.5,4461.6,483.0,S,S,5.0,0.216
24 Mar 26,4471.5,4451.7,978.0,S,S,5.0,0.4374
24 Mar 26,4491.0,4505.8,728.0,L,L,5.0,0.3242
24 Mar 26,4491.0,4520.5,1463.0,L,L,5.0,0.6515
24 Mar 26,4549.8,4560.0,498.0,L,L,5.0,0.2189
24 Mar 26,4549.8,4570.1,1003.0,L,L,5.0,0.4409
24 Mar 26,4549.4,4516.7,-1647.0,L,L,5.0,-0.7241
24 Mar 26,4549.4,4516.7,-1647.0,L,L,5.0,-0.7241
25 Mar 26,4658.4,4646.4,588.0,S,S,5.0,0.2524
25 Mar 26,4658.4,4634.5,1183.0,S,S,5.0,0.5079
26 Mar 26,4640.7,4631.1,468.0,S,S,5.0,0.2017
26 Mar 26,4640.7,4621.5,948.0,S,S,5.0,0.4086
26 Mar 26,4559.9,4585.2,-1277.0,S,S,5.0,-0.5601
26 Mar 26,4559.9,4585.2,-1277.0,S,S,5.0,-0.5601
26 Mar 26,4549.6,4572.3,-1147.0,S,S,5.0,-0.5042
26 Mar 26,4549.6,4572.3,-1147.0,S,S,5.0,-0.5042
26 Mar 26,4569.9,4560.1,478.0,S,S,5.0,0.2092
26 Mar 26,4569.9,4550.4,963.0,S,S,5.0,0.4215
26 Mar 26,4565.0,4553.7,553.0,S,S,5.0,0.2423
26 Mar 26,4565.0,4589.5,-1237.0,S,S,5.0,-0.5419
26 Mar 26,4525.1,4510.7,708.0,S,S,5.0,0.3129
26 Mar 26,4525.1,4513.2,583.0,S,S,5.0,0.2577
27 Mar 26,4554.9,4533.1,-1102.0,L,L,5.0,-0.4839
27 Mar 26,4554.9,4533.1,-1102.0,L,L,5.0,-0.4839
27 Mar 26,4536.2,4558.8,-1142.0,S,S,5.0,-0.5035
27 Mar 26,4536.2,4558.8,-1142.0,S,S,5.0,-0.5035
27 Mar 26,4553.2,4565.6,608.0,L,L,5.0,0.2671
27 Mar 26,4553.2,4577.9,1223.0,L,L,5.0,0.5372
29 Mar 26,4610.7,4621.5,528.0,L,L,5.0,0.229
29 Mar 26,4610.7,4632.3,1068.0,L,L,5.0,0.4633
30 Mar 26,4612.5,4622.4,483.0,L,L,5.0,0.2094
30 Mar 26,4612.5,4632.3,978.0,L,L,5.0,0.4241
30 Mar 26,4627.3,4636.7,458.0,L,L,5.0,0.198
30 Mar 26,4627.3,4646.0,923.0,L,L,5.0,0.3989
30 Mar 26,4650.3,4661.7,558.0,L,L,5.0,0.24
30 Mar 26,4650.3,4662.2,583.0,L,L,5.0,0.2507
30 Mar 26,4662.6,4673.5,533.0,L,L,5.0,0.2286
30 Mar 26,4662.6,4684.3,1073.0,L,L,5.0,0.4603
30 Mar 26,4662.1,4672.1,488.0,L,L,5.0,0.2093
30 Mar 26,4662.1,4682.0,983.0,L,L,5.0,0.4217
30 Mar 26,4706.4,4682.8,-1192.0,L,L,5.0,-0.5065
30 Mar 26,4706.4,4682.8,-1192.0,L,L,5.0,-0.5065
31 Mar 26,4680.4,4690.2,478.0,L,L,5.0,0.2043
31 Mar 26,4680.4,4699.9,963.0,L,L,5.0,0.4115
31 Mar 26,4679.2,4690.0,528.0,L,L,5.0,0.2257
31 Mar 26,4679.2,4691.1,583.0,L,L,5.0,0.2492
31 Mar 26,4694.6,4673.3,-1077.0,L,L,5.0,-0.4588
31 Mar 26,4694.6,4673.3,-1077.0,L,L,5.0,-0.4588
31 Mar 26,4695.4,4707.7,603.0,L,L,5.0,0.2568
31 Mar 26,4695.4,4720.0,1218.0,L,L,5.0,0.5188
31 Mar 26,4797.2,4809.9,623.0,L,L,5.0,0.2597
31 Mar 26,4797.2,4822.6,1258.0,L,L,5.0,0.5245
31 Mar 26,4819.1,4838.5,958.0,L,L,5.0,0.3976
31 Mar 26,4819.1,4831.0,583.0,L,L,5.0,0.242
31 Mar 26,4806.8,4820.4,668.0,L,L,5.0,0.2779
01 Apr 26,4806.8,4833.9,1343.0,L,L,5.0,0.5588
01 Apr 26,4845.3,4866.0,1023.0,L,L,5.0,0.4223
01 Apr 26,4845.3,4857.2,583.0,L,L,5.0,0.2406
01 Apr 26,4852.5,4863.1,518.0,L,L,5.0,0.2135
01 Apr 26,4852.5,4864.4,583.0,L,L,5.0,0.2403
01 Apr 26,4904.4,4878.3,-1317.0,L,L,5.0,-0.5371
01 Apr 26,4904.4,4878.3,-1317.0,L,L,5.0,-0.5371
05 Apr 26,4757.8,4746.5,553.0,S,S,5.0,0.2325
05 Apr 26,4757.8,4782.4,-1242.0,S,S,5.0,-0.5221
06 Apr 26,4766.7,4777.0,503.0,L,L,5.0,0.211
06 Apr 26,4766.7,4787.3,1018.0,L,L,5.0,0.4271
06 Apr 26,4781.6,4792.0,508.0,L,L,5.0,0.2125
06 Apr 26,4781.6,4802.3,1023.0,L,L,5.0,0.4279
06 Apr 26,4808.5,4786.5,-1112.0,L,L,5.0,-0.4625
06 Apr 26,4808.5,4786.5,-1112.0,L,L,5.0,-0.4625
06 Apr 26,4786.3,4798.3,588.0,L,L,5.0,0.2457
06 Apr 26,4786.3,4810.3,1188.0,L,L,5.0,0.4964
06 Apr 26,4776.9,4768.1,428.0,S,S,5.0,0.1792
06 Apr 26,4776.9,4759.3,868.0,S,S,5.0,0.3634
06 Apr 26,4776.7,4767.3,458.0,S,S,5.0,0.1918
06 Apr 26,4776.7,4758.0,923.0,S,S,5.0,0.3865
06 Apr 26,4751.2,4772.6,-1082.0,S,S,5.0,-0.4555
06 Apr 26,4751.2,4772.6,-1082.0,S,S,5.0,-0.4555
07 Apr 26,4764.0,4753.6,508.0,S,S,5.0,0.2133
07 Apr 26,4764.0,4743.3,1023.0,S,S,5.0,0.4295
07 Apr 26,4799.3,4809.5,498.0,L,L,5.0,0.2075
07 Apr 26,4799.3,4777.4,-1107.0,L,L,5.0,-0.4613
07 Apr 26,4765.4,4751.3,693.0,S,S,5.0,0.2908
07 Apr 26,4765.4,4737.2,1398.0,S,S,5.0,0.5867
08 Apr 26,4830.5,4819.5,538.0,S,S,5.0,0.2228
08 Apr 26,4830.5,4818.6,583.0,S,S,5.0,0.2414
08 Apr 26,4831.5,4820.4,543.0,S,S,5.0,0.2248
09 Apr 26,4831.5,4855.7,-1222.0,S,S,5.0,-0.5058
09 Apr 26,4859.3,4869.1,478.0,L,L,5.0,0.1967
09 Apr 26,4859.3,4871.2,583.0,L,L,5.0,0.24
09 Apr 26,4878.8,4868.4,508.0,S,S,5.0,0.2082
09 Apr 26,4878.8,4858.1,1023.0,S,S,5.0,0.4194
10 Apr 26,4876.2,4866.1,493.0,S,S,5.0,0.2022
10 Apr 26,4876.2,4856.1,993.0,S,S,5.0,0.4073
10 Apr 26,4879.4,4889.1,473.0,L,L,5.0,0.1939
10 Apr 26,4879.4,4898.7,953.0,L,L,5.0,0.3906
10 Apr 26,4884.6,4894.7,493.0,L,L,5.0,0.2019
10 Apr 26,4884.6,4904.8,998.0,L,L,5.0,0.4086
12 Apr 26,4769.0,4794.9,-1307.0,S,S,5.0,-0.5481
12 Apr 26,4769.0,4794.9,-1307.0,S,S,5.0,-0.5481
13 Apr 26,4834.0,4824.5,463.0,S,S,5.0,0.1916
13 Apr 26,4834.0,4855.2,-1072.0,S,S,5.0,-0.4435
13 Apr 26,4847.5,4826.9,-1042.0,L,L,5.0,-0.4299
13 Apr 26,4847.5,4826.9,-1042.0,L,L,5.0,-0.4299
13 Apr 26,4831.3,4821.9,458.0,S,S,5.0,0.1896
13 Apr 26,4831.3,4852.5,-1072.0,S,S,5.0,-0.4438
13 Apr 26,4874.3,4884.6,503.0,L,L,5.0,0.2064
13 Apr 26,4874.3,4886.2,583.0,L,L,5.0,0.2392
14 Apr 26,4889.2,4899.5,503.0,L,L,5.0,0.2058
14 Apr 26,4889.2,4909.8,1018.0,L,L,5.0,0.4164
14 Apr 26,4900.7,4878.8,-1107.0,L,L,5.0,-0.4518
14 Apr 26,4900.7,4878.8,-1107.0,L,L,5.0,-0.4518
14 Apr 26,4887.6,4898.9,553.0,L,L,5.0,0.2263
14 Apr 26,4887.6,4899.5,583.0,L,L,5.0,0.2386
15 Apr 26,4945.1,4923.7,-1082.0,L,L,5.0,-0.4376
15 Apr 26,4945.1,4923.7,-1082.0,L,L,5.0,-0.4376
15 Apr 26,4930.1,4920.2,483.0,S,S,5.0,0.1959
15 Apr 26,4930.1,4910.3,978.0,S,S,5.0,0.3967
15 Apr 26,4914.3,4935.0,-1047.0,S,S,5.0,-0.4261
15 Apr 26,4914.3,4935.0,-1047.0,S,S,5.0,-0.4261
16 Apr 26,4928.8,4919.0,478.0,S,S,5.0,0.194
16 Apr 26,4928.8,4909.3,963.0,S,S,5.0,0.3908
16 Apr 26,4910.2,4900.6,468.0,S,S,5.0,0.1906
16 Apr 26,4910.2,4891.1,943.0,S,S,5.0,0.3841
17 Apr 26,4905.3,4896.7,418.0,S,S,5.0,0.1704
17 Apr 26,4905.3,4927.5,-1122.0,S,S,5.0,-0.4575
20 Apr 26,4901.1,4891.9,448.0,S,S,5.0,0.1828
20 Apr 26,4901.1,4923.9,-1152.0,S,S,5.0,-0.4701
20 Apr 26,4924.7,4935.1,508.0,L,L,5.0,0.2063
20 Apr 26,4924.7,4918.6,-317.0,L,L,5.0,-0.1287
21 Apr 26,4908.7,4899.2,463.0,S,S,5.0,0.1886
21 Apr 26,4908.7,4889.7,938.0,S,S,5.0,0.3822
21 Apr 26,4902.1,4891.9,498.0,S,S,5.0,0.2032
21 Apr 26,4902.1,4881.7,1008.0,S,S,5.0,0.4113
21 Apr 26,4842.4,4852.0,468.0,L,L,5.0,0.1933
21 Apr 26,4842.4,4861.6,948.0,L,L,5.0,0.3915
21 Apr 26,4862.2,4872.3,493.0,L,L,5.0,0.2028
22 Apr 26,4862.2,4882.3,993.0,L,L,5.0,0.4085
22 Apr 26,4873.1,4882.8,473.0,L,L,5.0,0.1941
22 Apr 26,4873.1,4851.7,-1082.0,L,L,5.0,-0.4441
22 Apr 26,4861.9,4852.5,458.0,S,S,5.0,0.1884
22 Apr 26,4861.9,4843.2,923.0,S,S,5.0,0.3797
22 Apr 26,4837.7,4828.0,473.0,S,S,5.0,0.1955
22 Apr 26,4837.7,4818.4,953.0,S,S,5.0,0.394
23 Apr 26,4815.4,4805.0,508.0,S,S,5.0,0.211
23 Apr 26,4815.4,4794.6,1028.0,S,S,5.0,0.427
23 Apr 26,4803.5,4826.3,-1152.0,S,S,5.0,-0.4797
23 Apr 26,4803.5,4826.3,-1152.0,S,S,5.0,-0.4797
23 Apr 26,4840.5,4850.3,478.0,L,L,5.0,0.1975
23 Apr 26,4840.5,4844.3,178.0,L,L,5.0,0.0735
24 Apr 26,4820.2,4831.3,543.0,L,L,5.0,0.2253
24 Apr 26,4820.2,4842.4,1098.0,L,L,5.0,0.4556
27 Apr 26,4833.4,4812.6,-1052.0,L,L,5.0,-0.4353
27 Apr 26,4833.4,4812.6,-1052.0,L,L,5.0,-0.4353
27 Apr 26,4814.5,4804.9,468.0,S,S,5.0,0.1944
27 Apr 26,4814.5,4802.6,583.0,S,S,5.0,0.2422
28 Apr 26,4700.6,4691.1,463.0,S,S,5.0,0.197
29 Apr 26,4700.6,4681.7,933.0,S,S,5.0,0.397
29 Apr 26,4675.2,4657.0,898.0,S,S,5.0,0.3842
29 Apr 26,4675.2,4663.3,583.0,S,S,5.0,0.2494
29 Apr 26,4658.2,4637.7,1013.0,S,S,5.0,0.4349
29 Apr 26,4658.2,4617.2,2038.0,S,S,5.0,0.875
29 Apr 26,4672.4,4681.8,458.0,L,L,5.0,0.196
30 Apr 26,4672.4,4650.2,-1122.0,L,L,5.0,-0.4803
30 Apr 26,4733.2,4744.1,533.0,L,L,5.0,0.2252
30 Apr 26,4733.2,4744.8,568.0,L,L,5.0,0.24
01 May 26,4737.4,4716.7,-1047.0,L,L,5.0,-0.442
01 May 26,4737.4,4716.7,-1047.0,L,L,5.0,-0.442
01 May 26,4717.6,4707.7,483.0,S,S,5.0,0.2048
01 May 26,4717.6,4697.8,978.0,S,S,5.0,0.4146
01 May 26,4700.5,4691.1,458.0,S,S,5.0,0.1949
01 May 26,4700.5,4681.7,928.0,S,S,5.0,0.3949
01 May 26,4703.9,4714.3,508.0,L,L,5.0,0.216
01 May 26,4703.9,4724.7,1028.0,L,L,5.0,0.4371
03 May 26,4714.9,4703.4,563.0,S,S,5.0,0.2388
03 May 26,4714.9,4703.0,583.0,S,S,5.0,0.2473
04 May 26,4713.0,4702.8,498.0,S,S,5.0,0.2113
04 May 26,4713.0,4702.1,533.0,S,S,5.0,0.2262
04 May 26,4696.6,4685.8,528.0,S,S,5.0,0.2248
04 May 26,4696.6,4684.7,583.0,S,S,5.0,0.2483
04 May 26,4684.6,4674.7,483.0,S,S,5.0,0.2062
04 May 26,4684.6,4664.9,973.0,S,S,5.0,0.4154
04 May 26,4675.9,4666.6,453.0,S,S,5.0,0.1938
04 May 26,4675.9,4667.1,428.0,S,S,5.0,0.1831
05 May 26,4641.1,4651.7,518.0,L,L,5.0,0.2232
05 May 26,4641.1,4653.0,583.0,L,L,5.0,0.2512
05 May 26,4657.0,4667.2,498.0,L,L,5.0,0.2139
05 May 26,4657.0,4677.4,1008.0,L,L,5.0,0.4329
05 May 26,4686.7,4697.0,503.0,L,L,5.0,0.2146
05 May 26,4686.7,4707.2,1013.0,L,L,5.0,0.4323
05 May 26,4726.6,4736.0,458.0,L,L,5.0,0.1938
05 May 26,4726.6,4745.4,928.0,L,L,5.0,0.3927
06 May 26,4757.1,4767.1,488.0,L,L,5.0,0.2052
06 May 26,4757.1,4769.0,583.0,L,L,5.0,0.2451
06 May 26,4802.4,4812.5,493.0,L,L,5.0,0.2053
06 May 26,4802.4,4814.3,583.0,L,L,5.0,0.2428
06 May 26,4797.7,4807.4,473.0,L,L,5.0,0.1972
06 May 26,4797.7,4817.0,953.0,L,L,5.0,0.3973
07 May 26,4805.4,4814.5,443.0,L,L,5.0,0.1844
07 May 26,4805.4,4823.5,893.0,L,L,5.0,0.3717
07 May 26,4845.8,4866.6,1028.0,L,L,5.0,0.4243
07 May 26,4845.8,4866.9,1043.0,L,L,5.0,0.4305
07 May 26,4815.2,4826.7,563.0,L,L,5.0,0.2338
07 May 26,4815.2,4827.1,583.0,L,L,5.0,0.2421
08 May 26,4817.1,4807.5,468.0,S,S,5.0,0.1943
08 May 26,4817.1,4838.5,-1082.0,S,S,5.0,-0.4492
10 May 26,4798.5,4787.1,558.0,S,S,5.0,0.2326
10 May 26,4798.5,4786.6,583.0,S,S,5.0,0.243
11 May 26,4793.0,4801.9,433.0,L,L,5.0,0.1807
11 May 26,4793.0,4810.7,873.0,L,L,5.0,0.3643
11 May 26,4856.3,4863.4,343.0,L,L,5.0,0.1413
11 May 26,4856.3,4863.4,343.0,L,L,5.0,0.1413
11 May 26,4831.7,4822.1,468.0,S,S,5.0,0.1937
12 May 26,4831.7,4821.4,503.0,S,S,5.0,0.2082
12 May 26,4818.8,4809.3,463.0,S,S,5.0,0.1922
12 May 26,4818.8,4799.9,933.0,S,S,5.0,0.3872
12 May 26,4805.6,4796.0,468.0,S,S,5.0,0.1948
12 May 26,4805.6,4796.5,443.0,S,S,5.0,0.1844
12 May 26,4804.2,4794.3,483.0,S,S,5.0,0.2011
12 May 26,4804.2,4792.3,583.0,S,S,5.0,0.2427
12 May 26,4795.3,4785.6,473.0,S,S,5.0,0.1973
12 May 26,4795.3,4792.3,138.0,S,S,5.0,0.0576
13 May 26,4782.8,4772.7,493.0,S,S,5.0,0.2062
13 May 26,4782.8,4781.0,78.0,S,S,5.0,0.0326
13 May 26,4791.5,4781.3,498.0,S,S,5.0,0.2079
14 May 26,4791.5,4771.1,1008.0,S,S,5.0,0.4207
14 May 26,4807.2,4780.0,-1372.0,L,L,5.0,-0.5708
14 May 26,4807.2,4780.0,-1372.0,L,L,5.0,-0.5708
14 May 26,4753.7,4742.6,543.0,S,S,5.0,0.2285
14 May 26,4753.7,4731.5,1098.0,S,S,5.0,0.462
17 May 26,4640.3,4627.3,638.0,S,S,5.0,0.275
17 May 26,4640.3,4614.3,1288.0,S,S,5.0,0.5551
18 May 26,4632.1,4645.9,678.0,L,L,5.0,0.2927
18 May 26,4632.1,4644.0,583.0,L,L,5.0,0.2517
18 May 26,4651.0,4666.0,738.0,L,L,5.0,0.3174
18 May 26,4651.0,4662.9,583.0,L,L,5.0,0.2507
18 May 26,4661.2,4672.5,553.0,L,L,5.0,0.2373
18 May 26,4661.2,4681.0,978.0,L,L,5.0,0.4196
18 May 26,4680.4,4657.7,-1147.0,L,L,5.0,-0.4901
18 May 26,4680.4,4657.7,-1147.0,L,L,5.0,-0.4901
18 May 26,4657.9,4668.8,533.0,L,L,5.0,0.2289
19 May 26,4657.9,4634.9,-1162.0,L,L,5.0,-0.4989
19 May 26,4637.8,4626.8,538.0,S,S,5.0,0.232
19 May 26,4637.8,4615.9,1083.0,S,S,5.0,0.467
19 May 26,4574.1,4562.2,583.0,S,S,5.0,0.2549
19 May 26,4574.1,4562.2,583.0,S,S,5.0,0.2549
20 May 26,4558.8,4581.5,-1147.0,S,S,5.0,-0.5032
20 May 26,4558.8,4581.5,-1147.0,S,S,5.0,-0.5032
20 May 26,4575.4,4599.4,-1212.0,S,S,5.0,-0.5298
20 May 26,4575.4,4599.4,-1212.0,S,S,5.0,-0.5298
20 May 26,4592.7,4570.8,-1107.0,L,L,5.0,-0.4821
20 May 26,4592.7,4570.8,-1107.0,L,L,5.0,-0.4821
21 May 26,4630.6,4619.5,543.0,S,S,5.0,0.2345
21 May 26,4630.6,4618.7,583.0,S,S,5.0,0.2518
21 May 26,4625.0,4603.4,-1092.0,L,L,5.0,-0.4722
21 May 26,4625.0,4603.4,-1092.0,L,L,5.0,-0.4722
21 May 26,4608.1,4597.9,498.0,S,S,5.0,0.2161
21 May 26,4608.1,4596.2,583.0,S,S,5.0,0.253
21 May 26,4591.4,4615.6,-1222.0,S,S,5.0,-0.5323
21 May 26,4591.4,4615.6,-1222.0,S,S,5.0,-0.5323
21 May 26,4626.2,4615.4,528.0,S,S,5.0,0.2283
22 May 26,4626.2,4604.6,1068.0,S,S,5.0,0.4617
22 May 26,4619.9,4609.9,488.0,S,S,5.0,0.2113
22 May 26,4619.9,4599.9,988.0,S,S,5.0,0.4277
25 May 26,4672.1,4650.0,-1117.0,L,L,5.0,-0.4782
25 May 26,4672.1,4650.0,-1117.0,L,L,5.0,-0.4782
25 May 26,4644.3,4633.4,533.0,S,S,5.0,0.2295
25 May 26,4644.3,4622.6,1073.0,S,S,5.0,0.4621
26 May 26,4630.4,4620.2,498.0,S,S,5.0,0.2151
26 May 26,4630.4,4619.2,548.0,S,S,5.0,0.2367
26 May 26,4606.8,4610.0,-344.0,S,S,10.0,-0.0747
26 May 26,4605.9,4596.3,468.0,S,S,5.0,0.2032
27 May 26,4605.9,4586.8,943.0,S,S,5.0,0.4095
29 May 26,4595.4,4606.2,528.0,L,L,5.0,0.2298
29 May 26,4595.4,4607.3,583.0,L,L,5.0,0.2537
29 May 26,4618.4,4627.5,443.0,L,L,5.0,0.1918
29 May 26,4618.4,4636.5,893.0,L,L,5.0,0.3867
31 May 26,4633.7,4624.3,458.0,S,S,5.0,0.1977
31 May 26,4633.7,4621.8,583.0,S,S,5.0,0.2516
01 Jun 26,4607.1,4597.7,458.0,S,S,5.0,0.1988
01 Jun 26,4607.1,4588.4,923.0,S,S,5.0,0.4007
01 Jun 26,4589.9,4575.2,723.0,S,S,5.0,0.315
01 Jun 26,4589.9,4578.0,583.0,S,S,5.0,0.254
03 Jun 26,4562.3,4550.8,563.0,S,S,5.0,0.2468
03 Jun 26,4562.3,4550.4,583.0,S,S,5.0,0.2556
03 Jun 26,4536.0,4545.5,463.0,L,L,5.0,0.2041
03 Jun 26,4536.0,4547.9,583.0,L,L,5.0,0.2571
04 Jun 26,4556.5,4567.5,538.0,L,L,5.0,0.2361
04 Jun 26,4556.5,4578.5,1088.0,L,L,5.0,0.4776
04 Jun 26,4590.7,4600.5,478.0,L,L,5.0,0.2082
04 Jun 26,4590.7,4568.9,-1102.0,L,L,5.0,-0.4801
04 Jun 26,4553.1,4543.4,473.0,S,S,5.0,0.2078
04 Jun 26,4553.1,4533.7,958.0,S,S,5.0,0.4208
04 Jun 26,4537.7,4528.7,438.0,S,S,5.0,0.193
05 Jun 26,4537.7,4519.8,883.0,S,S,5.0,0.3892
05 Jun 26,4533.2,4524.3,433.0,S,S,5.0,0.191
05 Jun 26,4533.2,4515.5,873.0,S,S,5.0,0.3852
07 Jun 26,4416.9,4406.9,488.0,S,S,5.0,0.221
07 Jun 26,4416.9,4396.9,988.0,S,S,5.0,0.4474
07 Jun 26,4411.7,4396.5,748.0,S,S,5.0,0.3391
07 Jun 26,4411.7,4399.8,583.0,S,S,5.0,0.2643
08 Jun 26,4404.3,4392.8,563.0,S,S,5.0,0.2557
08 Jun 26,4404.3,4381.4,1133.0,S,S,5.0,0.5145
08 Jun 26,4387.2,4375.3,583.0,S,S,5.0,0.2658
08 Jun 26,4387.2,4375.3,583.0,S,S,5.0,0.2658
08 Jun 26,4370.7,4396.0,-1277.0,S,S,5.0,-0.5843
08 Jun 26,4370.7,4396.0,-1277.0,S,S,5.0,-0.5843
08 Jun 26,4409.6,4421.2,568.0,L,L,5.0,0.2576
08 Jun 26,4409.6,4421.5,583.0,L,L,5.0,0.2644
08 Jun 26,4402.2,4425.9,-1197.0,S,S,5.0,-0.5438
08 Jun 26,4402.2,4425.9,-1197.0,S,S,5.0,-0.5438
09 Jun 26,4419.5,4435.8,803.0,L,L,5.0,0.3634
09 Jun 26,4419.5,4431.4,583.0,L,L,5.0,0.2638
10 Jun 26,4166.5,4191.8,-1277.0,S,S,5.0,-0.613
10 Jun 26,4166.5,4191.8,-1277.0,S,S,5.0,-0.613
11 Jun 26,4188.0,4164.7,-1177.0,L,L,5.0,-0.5621
11 Jun 26,4188.0,4164.7,-1177.0,L,L,5.0,-0.5621
11 Jun 26,4166.1,4155.2,533.0,S,S,5.0,0.2559
11 Jun 26,4166.1,4144.3,1078.0,S,S,5.0,0.5175
12 Jun 26,4279.9,4289.2,453.0,L,L,5.0,0.2117
12 Jun 26,4279.9,4285.2,253.0,L,L,5.0,0.1182
14 Jun 26,4374.2,4383.4,448.0,L,L,5.0,0.2048
14 Jun 26,4374.2,4392.6,908.0,L,L,5.0,0.4152
15 Jun 26,4391.6,4400.3,423.0,L,L,5.0,0.1926
15 Jun 26,4391.6,4408.9,853.0,L,L,5.0,0.3885
15 Jun 26,4418.6,4435.3,823.0,L,L,5.0,0.3725
15 Jun 26,4418.6,4452.0,1658.0,L,L,5.0,0.7505
15 Jun 26,4397.8,4388.5,453.0,S,S,5.0,0.206
16 Jun 26,4397.8,4420.8,-1162.0,S,S,5.0,-0.5284
16 Jun 26,4426.9,4436.4,463.0,L,L,5.0,0.2092
16 Jun 26,4426.9,4406.5,-1032.0,L,L,5.0,-0.4662
17 Jun 26,4424.1,4435.0,533.0,L,L,5.0,0.241
17 Jun 26,4424.1,4436.0,583.0,L,L,5.0,0.2636
21 Jun 26,4219.4,4243.8,-1232.0,S,S,5.0,-0.584
21 Jun 26,4219.4,4243.8,-1232.0,S,S,5.0,-0.584
22 Jun 26,4266.9,4242.6,-1227.0,L,L,5.0,-0.5751
22 Jun 26,4266.9,4242.6,-1227.0,L,L,5.0,-0.5751
22 Jun 26,4236.1,4222.1,688.0,S,S,5.0,0.3248
23 Jun 26,4236.1,4224.2,583.0,S,S,5.0,0.2753
23 Jun 26,4215.6,4201.3,703.0,S,S,5.0,0.3335
23 Jun 26,4215.6,4209.6,288.0,S,S,5.0,0.1366
23 Jun 26,4168.2,4147.7,1013.0,S,S,5.0,0.4861
23 Jun 26,4168.2,4156.3,583.0,S,S,5.0,0.2797
23 Jun 26,4166.2,4147.7,913.0,S,S,5.0,0.4383
23 Jun 26,4166.2,4129.2,1838.0,S,S,5.0,0.8823
24 Jun 26,4137.5,4161.3,-1202.0,S,S,5.0,-0.581
24 Jun 26,4137.5,4161.3,-1202.0,S,S,5.0,-0.581
24 Jun 26,4122.7,4104.6,893.0,S,S,5.0,0.4332
24 Jun 26,4122.7,4086.6,1793.0,S,S,5.0,0.8698
24 Jun 26,4088.3,4055.0,-1677.0,L,L,5.0,-0.8204
24 Jun 26,4088.3,4055.0,-1677.0,L,L,5.0,-0.8204
24 Jun 26,4075.2,4065.3,483.0,S,S,5.0,0.237
24 Jun 26,4075.2,4055.5,973.0,S,S,5.0,0.4775
25 Jun 26,4056.0,4078.8,-1152.0,S,S,5.0,-0.568
25 Jun 26,4056.0,4078.8,-1152.0,S,S,5.0,-0.568
25 Jun 26,4092.5,4082.8,473.0,S,S,5.0,0.2312
25 Jun 26,4092.5,4073.2,953.0,S,S,5.0,0.4657
26 Jun 26,4069.2,4091.2,-1112.0,S,S,5.0,-0.5465
26 Jun 26,4069.2,4091.2,-1112.0,S,S,5.0,-0.5465
26 Jun 26,4086.6,4097.7,543.0,L,L,5.0,0.2657
26 Jun 26,4086.6,4098.5,583.0,L,L,5.0,0.2853
26 Jun 26,4103.2,4114.9,573.0,L,L,5.0,0.2793
26 Jun 26,4103.2,4126.6,1158.0,L,L,5.0,0.5644
26 Jun 26,4125.0,4135.9,533.0,L,L,5.0,0.2584
26 Jun 26,4125.0,4146.7,1073.0,L,L,5.0,0.5202
29 Jun 26,4142.6,4120.7,-1107.0,L,L,5.0,-0.5344
29 Jun 26,4142.6,4120.7,-1107.0,L,L,5.0,-0.5344
29 Jun 26,4136.2,4127.0,448.0,S,S,5.0,0.2166
29 Jun 26,4136.2,4117.9,903.0,S,S,5.0,0.4366
29 Jun 26,4112.9,4102.9,488.0,S,S,5.0,0.2373
29 Jun 26,4112.9,4092.9,988.0,S,S,5.0,0.4804
30 Jun 26,4035.9,4058.9,-1162.0,S,S,5.0,-0.5758
30 Jun 26,4035.9,4058.9,-1162.0,S,S,5.0,-0.5758
30 Jun 26,4060.5,4048.8,573.0,S,S,5.0,0.2822
30 Jun 26,4060.5,4057.5,138.0,S,S,5.0,0.068
01 Jul 26,4053.5,4043.1,508.0,S,S,5.0,0.2506
01 Jul 26,4053.5,4041.6,583.0,S,S,5.0,0.2877
01 Jul 26,4045.8,4068.9,-1167.0,S,S,5.0,-0.5769
01 Jul 26,4045.8,4068.9,-1167.0,S,S,5.0,-0.5769
01 Jul 26,4100.2,4110.0,478.0,L,L,5.0,0.2332
01 Jul 26,4100.2,4119.8,968.0,L,L,5.0,0.4722
01 Jul 26,4119.6,4140.9,-1077.0,S,S,5.0,-0.5229
01 Jul 26,4119.6,4140.9,-1077.0,S,S,5.0,-0.5229
01 Jul 26,4120.3,4132.1,578.0,L,L,5.0,0.2806
01 Jul 26,4120.3,4143.9,1168.0,L,L,5.0,0.5669
02 Jul 26,4133.6,4159.4,-1302.0,S,S,5.0,-0.63
02 Jul 26,4133.6,4159.4,-1302.0,S,S,5.0,-0.63
03 Jul 26,4251.1,4230.7,-1032.0,L,L,5.0,-0.4855
03 Jul 26,4251.1,4230.7,-1032.0,L,L,5.0,-0.4855
06 Jul 26,4247.3,4231.4,783.0,S,S,5.0,0.3687
06 Jul 26,4247.3,4235.4,583.0,S,S,5.0,0.2745
06 Jul 26,4221.2,4211.1,493.0,S,S,5.0,0.2336
06 Jul 26,4221.2,4201.1,993.0,S,S,5.0,0.4705
07 Jul 26,4240.3,4252.1,578.0,L,L,5.0,0.2726
07 Jul 26,4240.3,4225.4,-757.0,L,L,5.0,-0.3571
08 Jul 26,4149.1,4137.8,553.0,S,S,5.0,0.2666
08 Jul 26,4149.1,4126.6,1113.0,S,S,5.0,0.5365
09 Jul 26,4192.5,4202.9,508.0,L,L,5.0,0.2423
09 Jul 26,4192.5,4198.0,263.0,L,L,5.0,0.1255
12 Jul 26,4147.5,4136.8,523.0,S,S,5.0,0.2522
12 Jul 26,4147.5,4126.2,1053.0,S,S,5.0,0.5078
13 Jul 26,4128.0,4116.4,568.0,S,S,5.0,0.2752
13 Jul 26,4128.0,4104.9,1143.0,S,S,5.0,0.5538
13 Jul 26,4072.7,4061.8,533.0,S,S,5.0,0.2617
14 Jul 26,4072.7,4094.5,-1102.0,S,S,5.0,-0.5412
14 Jul 26,4089.8,4099.9,493.0,L,L,5.0,0.2411
14 Jul 26,4089.8,4109.9,993.0,L,L,5.0,0.4856
14 Jul 26,4140.5,4151.9,558.0,L,L,5.0,0.2695
14 Jul 26,4140.5,4148.2,373.0,L,L,5.0,0.1802
15 Jul 26,4126.2,4128.0,156.0,L,L,10.0,0.0378
15 Jul 26,4126.4,4105.9,-1037.0,L,L,5.0,-0.5026
15 Jul 26,4126.4,4105.9,-1037.0,L,L,5.0,-0.5026
16 Jul 26,4097.8,4086.8,538.0,S,S,5.0,0.2626
16 Jul 26,4097.8,4094.5,153.0,S,S,5.0,0.0747
16 Jul 26,4055.4,4063.0,-784.0,S,S,10.0,-0.1933
16 Jul 26,4043.6,4064.2,-1042.0,S,S,5.0,-0.5154
16 Jul 26,4043.6,4064.2,-1042.0,S,S,5.0,-0.5154
17 Jul 26,4052.3,4033.9,908.0,S,S,5.0,0.4481
17 Jul 26,4052.3,4040.4,583.0,S,S,5.0,0.2877
19 Jul 26,4057.9,4049.0,433.0,S,S,5.0,0.2134
19 Jul 26,4057.9,4080.4,-1137.0,S,S,5.0,-0.5604
19 Jul 26,4067.0,4076.8,478.0,L,L,5.0,0.2351
19 Jul 26,4067.0,4086.6,968.0,L,L,5.0,0.476
20 Jul 26,4088.2,4098.8,518.0,L,L,5.0,0.2534
20 Jul 26,4088.2,4100.1,583.0,L,L,5.0,0.2852
20 Jul 26,4077.2,4067.4,478.0,S,S,5.0,0.2345
20 Jul 26,4077.2,4071.3,283.0,S,S,5.0,0.1388
21 Jul 26,4144.7,4153.8,443.0,L,L,5.0,0.2138
21 Jul 26,4144.7,4162.8,893.0,L,L,5.0,0.4309
21 Jul 26,4185.1,4203.4,903.0,L,L,5.0,0.4315
21 Jul 26,4185.1,4197.0,583.0,L,L,5.0,0.2786
22 Jul 26,4192.5,4212.2,973.0,L,L,5.0,0.4642
22 Jul 26,4192.5,4204.4,583.0,L,L,5.0,0.2781
23 Jul 26,4112.3,4103.4,433.0,S,S,5.0,0.2106
23 Jul 26,4112.3,4094.6,873.0,S,S,5.0,0.4246
24 Jul 26,4095.0,4085.6,458.0,S,S,5.0,0.2237
24 Jul 26,4095.0,4116.1,-1067.0,S,S,5.0,-0.5211
24 Jul 26,4115.8,4127.0,-1144.0,S,S,10.0,-0.278
27 Jul 26,4157.4,4166.8,458.0,L,L,5.0,0.2203
27 Jul 26,4157.4,4134.1,-1177.0,L,L,5.0,-0.5662
28 Jul 26,4106.3,4097.3,438.0,S,S,5.0,0.2133
28 Jul 26,4106.3,4088.3,888.0,S,S,5.0,0.4325
28 Jul 26,4092.0,4081.8,498.0,S,S,5.0,0.2434
28 Jul 26,4092.0,4071.7,1003.0,S,S,5.0,0.4902
29 Jul 26,4085.6,4106.1,-1037.0,S,S,5.0,-0.5076
29 Jul 26,4085.6,4106.1,-1037.0,S,S,5.0,-0.5076
29 Jul 26,4096.5,4076.0,-1037.0,L,L,5.0,-0.5063
29 Jul 26,4096.5,4076.0,-1037.0,L,L,5.0,-0.5063
29 Jul 26,4140.2,4108.3,-1607.0,L,L,5.0,-0.7763
29 Jul 26,4140.2,4108.3,-1607.0,L,L,5.0,-0.7763
30 Jul 26,4101.8,4092.5,453.0,S,S,5.0,0.2209
30 Jul 26,4101.8,4122.3,-1037.0,S,S,5.0,-0.5056
30 Jul 26,4125.1,4135.1,488.0,L,L,5.0,0.2366
30 Jul 26,4125.1,4145.1,988.0,L,L,5.0,0.479
02 Aug 26,4111.3,4122.1,528.0,L,L,5.0,0.2569
03 Aug 26,4111.3,4087.8,-1187.0,L,L,5.0,-0.5774
04 Aug 26,4155.0,4164.1,443.0,L,L,5.0,0.2132
04 Aug 26,4155.0,4173.1,893.0,L,L,5.0,0.4298
05 Aug 26,4215.0,4228.2,648.0,L,L,5.0,0.3075
05 Aug 26,4215.0,4241.4,1308.0,L,L,5.0,0.6206
05 Aug 26,4349.8,4325.6,-1222.0,L,L,5.0,-0.5619
05 Aug 26,4349.8,4325.6,-1222.0,L,L,5.0,-0.5619
06 Aug 26,4320.5,4333.5,638.0,L,L,5.0,0.2953
06 Aug 26,4320.5,4332.4,583.0,L,L,5.0,0.2699
06 Aug 26,4321.4,4312.5,433.0,S,S,5.0,0.2004
06 Aug 26,4321.4,4303.6,878.0,S,S,5.0,0.4063
06 Aug 26,4302.8,4293.2,468.0,S,S,5.0,0.2175
07 Aug 26,4302.8,4327.1,-1227.0,S,S,5.0,-0.5703
07 Aug 26,4322.4,4332.3,483.0,L,L,5.0,0.2235
07 Aug 26,4322.4,4342.2,978.0,L,L,5.0,0.4525
